[H[2J[3J
🚀 AMD TheRock 7.14 + PyTorch 2.12 (Stable) + Transformers + Docker Setup
Compatible with Ubuntu 22.04.x, 24.04.x and 26.04.x (Desktop & Server)
 ⚠️ Ubuntu 20.04.x is no longer supported[1;32m	
 🔄 Ubuntu OS Update ...
[1;35m
Hit:1 http://de.archive.ubuntu.com/ubuntu resolute InRelease
Hit:2 http://de.archive.ubuntu.com/ubuntu resolute-updates InRelease
Hit:3 http://de.archive.ubuntu.com/ubuntu resolute-backports InRelease
Hit:4 http://security.ubuntu.com/ubuntu resolute-security InRelease
Reading package lists...
Reading package lists...
Building dependency tree...
Reading state information...
Calculating upgrade...
The following packages were automatically installed and are no longer required:
  linux-headers-7.0.0-14 linux-headers-7.0.0-14-generic
  linux-image-unsigned-7.0.0-14-generic
  linux-main-modules-zfs-7.0.0-14-generic linux-modules-7.0.0-14-generic
  linux-tools-7.0.0-14 linux-tools-7.0.0-14-generic pollinate
Use 'sudo apt autoremove' to remove them.
The following upgrades have been deferred due to phasing:
  python3-software-properties software-properties-common
The following packages will be upgraded:
  apport apport-core-dump-handler base-files distro-info-data fwupd
  gir1.2-packagekitglib-1.0 iproute2 libfwupd3 libgcrypt20
  libpackagekit-glib2-18 libsgutils2-1.48 linux-firmware-amd-graphics
  linux-firmware-amd-misc linux-firmware-broadcom-wireless
  linux-firmware-intel-graphics linux-firmware-intel-wireless
  linux-firmware-marvell-prestera linux-firmware-marvell-wireless
  linux-firmware-mellanox-spectrum linux-firmware-netronome
  linux-firmware-nvidia-graphics linux-firmware-qlogic
  linux-firmware-qualcomm-graphics linux-firmware-qualcomm-misc
  linux-firmware-realtek motd-news-config packagekit python3-apport
  python3-distupgrade python3-problem-report sg3-utils sg3-utils-udev tzdata
  ubuntu-kernel-accessories ubuntu-minimal ubuntu-release-upgrader-core
  ubuntu-server ubuntu-server-minimal ubuntu-standard
39 upgraded, 0 newly installed, 0 to remove and 2 not upgraded.
Need to get 592 MB of archives.
After this operation, 150 kB of additional disk space will be used.
Get:1 http://de.archive.ubuntu.com/ubuntu resolute-updates/main amd64 motd-news-config all 14ubuntu6.1 [5,632 B]
Get:2 http://de.archive.ubuntu.com/ubuntu resolute-updates/main amd64 base-files amd64 14ubuntu6.1 [75.0 kB]
Get:3 http://de.archive.ubuntu.com/ubuntu resolute-updates/main amd64 libgcrypt20 amd64 1.12.0-2ubuntu1 [671 kB]
Get:4 http://de.archive.ubuntu.com/ubuntu resolute-updates/main amd64 distro-info-data all 0.72-0ubuntu0.26.04.1 [6,118 B]
Get:5 http://de.archive.ubuntu.com/ubuntu resolute-updates/main amd64 iproute2 amd64 6.19.0-1ubuntu1.1 [1,198 kB]
Get:6 http://de.archive.ubuntu.com/ubuntu resolute-updates/main amd64 tzdata all 2026c-0ubuntu0.26.04.1 [193 kB]
Get:7 http://de.archive.ubuntu.com/ubuntu resolute-updates/main amd64 ubuntu-minimal amd64 1.570.2 [8,594 B]
Get:8 http://de.archive.ubuntu.com/ubuntu resolute-updates/main amd64 ubuntu-release-upgrader-core all 1:26.04.22 [24.9 kB]
Get:9 http://de.archive.ubuntu.com/ubuntu resolute-updates/main amd64 python3-distupgrade all 1:26.04.22 [102 kB]
Get:10 http://de.archive.ubuntu.com/ubuntu resolute-updates/main amd64 ubuntu-standard amd64 1.570.2 [8,582 B]
Get:11 http://de.archive.ubuntu.com/ubuntu resolute-updates/main amd64 python3-problem-report all 2.34.1-0ubuntu0.1 [17.4 kB]
Get:12 http://de.archive.ubuntu.com/ubuntu resolute-updates/main amd64 python3-apport all 2.34.1-0ubuntu0.1 [96.4 kB]
Get:13 http://de.archive.ubuntu.com/ubuntu resolute-updates/main amd64 apport-core-dump-handler all 2.34.1-0ubuntu0.1 [9,674 B]
Get:14 http://de.archive.ubuntu.com/ubuntu resolute-updates/main amd64 apport all 2.34.1-0ubuntu0.1 [83.9 kB]
Get:15 http://de.archive.ubuntu.com/ubuntu resolute-updates/main amd64 fwupd amd64 2.1.1-1ubuntu3.1 [12.7 MB]
Get:16 http://de.archive.ubuntu.com/ubuntu resolute-updates/main amd64 libfwupd3 amd64 2.1.1-1ubuntu3.1 [145 kB]
Get:17 http://de.archive.ubuntu.com/ubuntu resolute-updates/main amd64 libpackagekit-glib2-18 amd64 1.3.4-3ubuntu1.1 [121 kB]
Get:18 http://de.archive.ubuntu.com/ubuntu resolute-updates/main amd64 gir1.2-packagekitglib-1.0 amd64 1.3.4-3ubuntu1.1 [25.5 kB]
Get:19 http://de.archive.ubuntu.com/ubuntu resolute-updates/main amd64 libsgutils2-1.48 amd64 1.48-3ubuntu3.1 [120 kB]
Get:20 http://de.archive.ubuntu.com/ubuntu resolute-updates/main amd64 linux-firmware-amd-misc all 20260319.git217ca6e4-0ubuntu1.1 [584 kB]
Get:21 http://de.archive.ubuntu.com/ubuntu resolute-updates/main amd64 linux-firmware-amd-graphics all 20260319.git217ca6e4-0ubuntu3.1 [29.6 MB]
Get:22 http://de.archive.ubuntu.com/ubuntu resolute-updates/main amd64 linux-firmware-broadcom-wireless all 20260319.git217ca6e4-0ubuntu1.1 [11.2 MB]
Get:23 http://de.archive.ubuntu.com/ubuntu resolute-updates/main amd64 linux-firmware-intel-graphics all 20260319.git217ca6e4-0ubuntu2.1 [22.0 MB]
Get:24 http://de.archive.ubuntu.com/ubuntu resolute-updates/main amd64 linux-firmware-intel-wireless all 20260319.git217ca6e4-0ubuntu2.1 [102 MB]
Get:25 http://de.archive.ubuntu.com/ubuntu resolute-updates/main amd64 linux-firmware-marvell-prestera all 20260319.git217ca6e4-0ubuntu1.2 [32.9 MB]
Get:26 http://de.archive.ubuntu.com/ubuntu resolute-updates/main amd64 linux-firmware-marvell-wireless all 20260319.git217ca6e4-0ubuntu1.1 [7,434 kB]
Get:27 http://de.archive.ubuntu.com/ubuntu resolute-updates/main amd64 linux-firmware-mellanox-spectrum all 20260319.git217ca6e4-0ubuntu1.1 [61.9 MB]
Get:28 http://de.archive.ubuntu.com/ubuntu resolute-updates/main amd64 linux-firmware-netronome all 20260319.git217ca6e4-0ubuntu1.1 [5,765 kB]
Get:29 http://de.archive.ubuntu.com/ubuntu resolute-updates/main amd64 linux-firmware-nvidia-graphics all 20260319.git217ca6e4-0ubuntu1.1 [109 MB]
Get:30 http://de.archive.ubuntu.com/ubuntu resolute-updates/main amd64 linux-firmware-qlogic all 20260319.git217ca6e4-0ubuntu1.1 [7,178 kB]
Get:31 http://de.archive.ubuntu.com/ubuntu resolute-updates/main amd64 linux-firmware-qualcomm-graphics all 20260319.git217ca6e4-0ubuntu1.1 [11.0 MB]
Get:32 http://de.archive.ubuntu.com/ubuntu resolute-updates/main amd64 linux-firmware-qualcomm-misc all 20260319.git217ca6e4-0ubuntu2.1 [167 MB]
Get:33 http://de.archive.ubuntu.com/ubuntu resolute-updates/main amd64 linux-firmware-realtek all 20260319.git217ca6e4-0ubuntu1.2 [7,301 kB]
Get:34 http://de.archive.ubuntu.com/ubuntu resolute-updates/main amd64 sg3-utils amd64 1.48-3ubuntu3.1 [1,020 kB]
Get:35 http://de.archive.ubuntu.com/ubuntu resolute-updates/main amd64 sg3-utils-udev all 1.48-3ubuntu3.1 [6,610 B]
Get:36 http://de.archive.ubuntu.com/ubuntu resolute-updates/main amd64 ubuntu-kernel-accessories amd64 1.570.2 [8,330 B]
Get:37 http://de.archive.ubuntu.com/ubuntu resolute-updates/main amd64 ubuntu-server amd64 1.570.2 [8,456 B]
Get:38 http://de.archive.ubuntu.com/ubuntu resolute-updates/main amd64 ubuntu-server-minimal amd64 1.570.2 [8,444 B]
Get:39 http://de.archive.ubuntu.com/ubuntu resolute-updates/main amd64 packagekit amd64 1.3.4-3ubuntu1.1 [505 kB]
Preconfiguring packages ...
Fetched 592 MB in 19s (32.0 MB/s)
(Reading database… 
(Reading database… 5%
(Reading database… 10%
(Reading database… 15%
(Reading database… 20%
(Reading database… 25%
(Reading database… 30%
(Reading database… 35%
(Reading database… 40%
(Reading database… 45%
(Reading database… 50%
(Reading database… 55%
(Reading database… 60%
(Reading database… 65%
(Reading database… 70%
(Reading database… 75%
(Reading database… 80%
(Reading database… 85%
(Reading database… 90%
(Reading database… 95%
(Reading database… 100%
(Reading database… 139607 files and directories currently installed.)
Preparing to unpack …/motd-news-config_14ubuntu6.1_all.deb…
Unpacking motd-news-config (14ubuntu6.1) over (14ubuntu6)…
Preparing to unpack …/base-files_14ubuntu6.1_amd64.deb…
Unpacking base-files (14ubuntu6.1) over (14ubuntu6)…
Setting up base-files (14ubuntu6.1)…
motd-news.service is a disabled or a static unit not running, not starting it.
(Reading database… 
(Reading database… 5%
(Reading database… 10%
(Reading database… 15%
(Reading database… 20%
(Reading database… 25%
(Reading database… 30%
(Reading database… 35%
(Reading database… 40%
(Reading database… 45%
(Reading database… 50%
(Reading database… 55%
(Reading database… 60%
(Reading database… 65%
(Reading database… 70%
(Reading database… 75%
(Reading database… 80%
(Reading database… 85%
(Reading database… 90%
(Reading database… 95%
(Reading database… 100%
(Reading database… 139607 files and directories currently installed.)
Preparing to unpack …/libgcrypt20_1.12.0-2ubuntu1_amd64.deb…
Unpacking libgcrypt20:amd64 (1.12.0-2ubuntu1) over (1.12.0-2ubuntu0.1)…
Setting up libgcrypt20:amd64 (1.12.0-2ubuntu1)…
(Reading database… 
(Reading database… 5%
(Reading database… 10%
(Reading database… 15%
(Reading database… 20%
(Reading database… 25%
(Reading database… 30%
(Reading database… 35%
(Reading database… 40%
(Reading database… 45%
(Reading database… 50%
(Reading database… 55%
(Reading database… 60%
(Reading database… 65%
(Reading database… 70%
(Reading database… 75%
(Reading database… 80%
(Reading database… 85%
(Reading database… 90%
(Reading database… 95%
(Reading database… 100%
(Reading database… 139607 files and directories currently installed.)
Preparing to unpack …/00-distro-info-data_0.72-0ubuntu0.26.04.1_all.deb…
Unpacking distro-info-data (0.72-0ubuntu0.26.04.1) over (0.68ubuntu0.1)…
Preparing to unpack …/01-iproute2_6.19.0-1ubuntu1.1_amd64.deb…
Unpacking iproute2 (6.19.0-1ubuntu1.1) over (6.19.0-1ubuntu1)…
Preparing to unpack …/02-tzdata_2026c-0ubuntu0.26.04.1_all.deb…
Unpacking tzdata (2026c-0ubuntu0.26.04.1) over (2026b-0ubuntu0.26.04.1)…
Preparing to unpack …/03-ubuntu-minimal_1.570.2_amd64.deb…
Unpacking ubuntu-minimal (1.570.2) over (1.570)…
Preparing to unpack …/04-ubuntu-release-upgrader-core_1%3a26.04.22_all.deb…
Unpacking ubuntu-release-upgrader-core (1:26.04.22) over (1:26.04.18)…
Preparing to unpack …/05-python3-distupgrade_1%3a26.04.22_all.deb…
Unpacking python3-distupgrade (1:26.04.22) over (1:26.04.18)…
Preparing to unpack …/06-ubuntu-standard_1.570.2_amd64.deb…
Unpacking ubuntu-standard (1.570.2) over (1.570)…
Preparing to unpack …/07-python3-problem-report_2.34.1-0ubuntu0.1_all.deb…
Unpacking python3-problem-report (2.34.1-0ubuntu0.1) over (2.34.0-0ubuntu2)…
Preparing to unpack …/08-python3-apport_2.34.1-0ubuntu0.1_all.deb…
Unpacking python3-apport (2.34.1-0ubuntu0.1) over (2.34.0-0ubuntu2)…
Preparing to unpack …/09-apport-core-dump-handler_2.34.1-0ubuntu0.1_all.deb…
Unpacking apport-core-dump-handler (2.34.1-0ubuntu0.1) over (2.34.0-0ubuntu2)…
Preparing to unpack …/10-apport_2.34.1-0ubuntu0.1_all.deb…
Unpacking apport (2.34.1-0ubuntu0.1) over (2.34.0-0ubuntu2)…
Preparing to unpack …/11-fwupd_2.1.1-1ubuntu3.1_amd64.deb…
Unpacking fwupd (2.1.1-1ubuntu3.1) over (2.1.1-1ubuntu3)…
Preparing to unpack …/12-libfwupd3_2.1.1-1ubuntu3.1_amd64.deb…
Unpacking libfwupd3:amd64 (2.1.1-1ubuntu3.1) over (2.1.1-1ubuntu3)…
Preparing to unpack …/13-libpackagekit-glib2-18_1.3.4-3ubuntu1.1_amd64.deb…
Unpacking libpackagekit-glib2-18:amd64 (1.3.4-3ubuntu1.1) over (1.3.4-3ubuntu1)…
Preparing to unpack …/14-gir1.2-packagekitglib-1.0_1.3.4-3ubuntu1.1_amd64.deb…
Unpacking gir1.2-packagekitglib-1.0 (1.3.4-3ubuntu1.1) over (1.3.4-3ubuntu1)…
Preparing to unpack …/15-libsgutils2-1.48_1.48-3ubuntu3.1_amd64.deb…
Unpacking libsgutils2-1.48:amd64 (1.48-3ubuntu3.1) over (1.48-3ubuntu3)…
Preparing to unpack …/16-linux-firmware-amd-misc_20260319.git217ca6e4-0ubuntu1.1_all.deb…
Unpacking linux-firmware-amd-misc (20260319.git217ca6e4-0ubuntu1.1) over (20260319.git217ca6e4-0ubuntu1)…
Preparing to unpack …/17-linux-firmware-amd-graphics_20260319.git217ca6e4-0ubuntu3.1_all.deb…
Unpacking linux-firmware-amd-graphics (20260319.git217ca6e4-0ubuntu3.1) over (20260319.git217ca6e4-0ubuntu3)…
Preparing to unpack …/18-linux-firmware-broadcom-wireless_20260319.git217ca6e4-0ubuntu1.1_all.deb…
Unpacking linux-firmware-broadcom-wireless (20260319.git217ca6e4-0ubuntu1.1) over (20260319.git217ca6e4-0ubuntu1)…
Preparing to unpack …/19-linux-firmware-intel-graphics_20260319.git217ca6e4-0ubuntu2.1_all.deb…
Unpacking linux-firmware-intel-graphics (20260319.git217ca6e4-0ubuntu2.1) over (20260319.git217ca6e4-0ubuntu2)…
Preparing to unpack …/20-linux-firmware-intel-wireless_20260319.git217ca6e4-0ubuntu2.1_all.deb…
Unpacking linux-firmware-intel-wireless (20260319.git217ca6e4-0ubuntu2.1) over (20260319.git217ca6e4-0ubuntu2)…
Preparing to unpack …/21-linux-firmware-marvell-prestera_20260319.git217ca6e4-0ubuntu1.2_all.deb…
Unpacking linux-firmware-marvell-prestera (20260319.git217ca6e4-0ubuntu1.2) over (20260319.git217ca6e4-0ubuntu1)…
Preparing to unpack …/22-linux-firmware-marvell-wireless_20260319.git217ca6e4-0ubuntu1.1_all.deb…
Unpacking linux-firmware-marvell-wireless (20260319.git217ca6e4-0ubuntu1.1) over (20260319.git217ca6e4-0ubuntu1)…
Preparing to unpack …/23-linux-firmware-mellanox-spectrum_20260319.git217ca6e4-0ubuntu1.1_all.deb…
Unpacking linux-firmware-mellanox-spectrum (20260319.git217ca6e4-0ubuntu1.1) over (20260319.git217ca6e4-0ubuntu1)…
Preparing to unpack …/24-linux-firmware-netronome_20260319.git217ca6e4-0ubuntu1.1_all.deb…
Unpacking linux-firmware-netronome (20260319.git217ca6e4-0ubuntu1.1) over (20260319.git217ca6e4-0ubuntu1)…
Preparing to unpack …/25-linux-firmware-nvidia-graphics_20260319.git217ca6e4-0ubuntu1.1_all.deb…
Unpacking linux-firmware-nvidia-graphics (20260319.git217ca6e4-0ubuntu1.1) over (20260319.git217ca6e4-0ubuntu1)…
Preparing to unpack …/26-linux-firmware-qlogic_20260319.git217ca6e4-0ubuntu1.1_all.deb…
Unpacking linux-firmware-qlogic (20260319.git217ca6e4-0ubuntu1.1) over (20260319.git217ca6e4-0ubuntu1)…
Preparing to unpack …/27-linux-firmware-qualcomm-graphics_20260319.git217ca6e4-0ubuntu1.1_all.deb…
Unpacking linux-firmware-qualcomm-graphics (20260319.git217ca6e4-0ubuntu1.1) over (20260319.git217ca6e4-0ubuntu1)…
Preparing to unpack …/28-linux-firmware-qualcomm-misc_20260319.git217ca6e4-0ubuntu2.1_all.deb…
Unpacking linux-firmware-qualcomm-misc (20260319.git217ca6e4-0ubuntu2.1) over (20260319.git217ca6e4-0ubuntu2)…
Preparing to unpack …/29-linux-firmware-realtek_20260319.git217ca6e4-0ubuntu1.2_all.deb…
Unpacking linux-firmware-realtek (20260319.git217ca6e4-0ubuntu1.2) over (20260319.git217ca6e4-0ubuntu1)…
Preparing to unpack …/30-sg3-utils_1.48-3ubuntu3.1_amd64.deb…
Unpacking sg3-utils (1.48-3ubuntu3.1) over (1.48-3ubuntu3)…
Preparing to unpack …/31-sg3-utils-udev_1.48-3ubuntu3.1_all.deb…
Unpacking sg3-utils-udev (1.48-3ubuntu3.1) over (1.48-3ubuntu3)…
Preparing to unpack …/32-ubuntu-kernel-accessories_1.570.2_amd64.deb…
Unpacking ubuntu-kernel-accessories (1.570.2) over (1.570)…
Preparing to unpack …/33-ubuntu-server_1.570.2_amd64.deb…
Unpacking ubuntu-server (1.570.2) over (1.570)…
Preparing to unpack …/34-ubuntu-server-minimal_1.570.2_amd64.deb…
Unpacking ubuntu-server-minimal (1.570.2) over (1.570)…
Preparing to unpack …/35-packagekit_1.3.4-3ubuntu1.1_amd64.deb…
Unpacking packagekit (1.3.4-3ubuntu1.1) over (1.3.4-3ubuntu1)…
Setting up motd-news-config (14ubuntu6.1)…
Setting up ubuntu-kernel-accessories (1.570.2)…
Setting up linux-firmware-broadcom-wireless (20260319.git217ca6e4-0ubuntu1.1)…
Setting up python3-problem-report (2.34.1-0ubuntu0.1)…
Setting up distro-info-data (0.72-0ubuntu0.26.04.1)…
Setting up iproute2 (6.19.0-1ubuntu1.1)…
Setting up linux-firmware-nvidia-graphics (20260319.git217ca6e4-0ubuntu1.1)…
Setting up linux-firmware-mellanox-spectrum (20260319.git217ca6e4-0ubuntu1.1)…
Setting up libpackagekit-glib2-18:amd64 (1.3.4-3ubuntu1.1)…
Setting up linux-firmware-qlogic (20260319.git217ca6e4-0ubuntu1.1)…
Setting up libsgutils2-1.48:amd64 (1.48-3ubuntu3.1)…
Setting up linux-firmware-amd-graphics (20260319.git217ca6e4-0ubuntu3.1)…
Setting up libfwupd3:amd64 (2.1.1-1ubuntu3.1)…
Setting up ubuntu-standard (1.570.2)…
Setting up python3-distupgrade (1:26.04.22)…
Setting up python3-apport (2.34.1-0ubuntu0.1)…
Setting up tzdata (2026c-0ubuntu0.26.04.1)…

Current default time zone: 'Etc/UTC'
Local time is now:      Thu Jul 30 08:43:59 UTC 2026.
Universal Time is now:  Thu Jul 30 08:43:59 UTC 2026.
Run 'dpkg-reconfigure tzdata' if you wish to change it.

Setting up gir1.2-packagekitglib-1.0 (1.3.4-3ubuntu1.1)…
Setting up linux-firmware-amd-misc (20260319.git217ca6e4-0ubuntu1.1)…
Setting up ubuntu-release-upgrader-core (1:26.04.22)…
Installing new version of config file /etc/update-manager/release-upgrades…
Setting up linux-firmware-intel-graphics (20260319.git217ca6e4-0ubuntu2.1)…
Setting up linux-firmware-realtek (20260319.git217ca6e4-0ubuntu1.2)…
Setting up linux-firmware-intel-wireless (20260319.git217ca6e4-0ubuntu2.1)…
Setting up linux-firmware-marvell-prestera (20260319.git217ca6e4-0ubuntu1.2)…
Setting up linux-firmware-qualcomm-misc (20260319.git217ca6e4-0ubuntu2.1)…
Setting up linux-firmware-marvell-wireless (20260319.git217ca6e4-0ubuntu1.1)…
Setting up linux-firmware-netronome (20260319.git217ca6e4-0ubuntu1.1)…
Setting up packagekit (1.3.4-3ubuntu1.1)…
Setting up linux-firmware-qualcomm-graphics (20260319.git217ca6e4-0ubuntu1.1)…
Setting up fwupd (2.1.1-1ubuntu3.1)…
fwupd-refresh.service is a disabled or a static unit not running, not starting it.
fwupd.service is a disabled or a static unit not running, not starting it.
Setting up sg3-utils (1.48-3ubuntu3.1)…
Setting up ubuntu-minimal (1.570.2)…
Setting up sg3-utils-udev (1.48-3ubuntu3.1)…
update-initramfs: deferring update (trigger activated)
Setting up apport (2.34.1-0ubuntu0.1)…
apport-autoreport.service is a disabled or a static unit not running, not starting it.
Setting up ubuntu-server (1.570.2)…
Setting up ubuntu-server-minimal (1.570.2)…
Setting up apport-core-dump-handler (2.34.1-0ubuntu0.1)…
Processing triggers for man-db (2.13.1-1build1)…
Processing triggers for plymouth-theme-ubuntu-text (24.004.60+git20250831.4a3c171d-0ubuntu8)…
Processing triggers for dbus (1.16.2-2ubuntu4)…
Processing triggers for dracut (110-11)…
update-initramfs: Generating /boot/initrd.img-7.0.0-28-generic
Processing triggers for install-info (7.2-5ubuntu2)…
Processing triggers for plymouth (24.004.60+git20250831.4a3c171d-0ubuntu8)…
Processing triggers for libc-bin (2.43-2ubuntu2.3)…
Processing triggers for dracut (110-11)…
update-initramfs: Generating /boot/initrd.img-7.0.0-28-generic

Running kernel seems to be up-to-date.

The processor microcode seems to be up-to-date.

No services need to be restarted.

No containers need to be restarted.

No user sessions are running outdated binaries.

No VM guests are running outdated hypervisor (qemu) binaries on this host.
Reading package lists...
Building dependency tree...
Reading state information...
Solving dependencies...
The following packages will be REMOVED:
  linux-headers-7.0.0-14 linux-headers-7.0.0-14-generic
  linux-image-unsigned-7.0.0-14-generic
  linux-main-modules-zfs-7.0.0-14-generic linux-modules-7.0.0-14-generic
  linux-tools-7.0.0-14 linux-tools-7.0.0-14-generic pollinate
0 upgraded, 0 newly installed, 8 to remove and 2 not upgraded.
After this operation, 319 MB disk space will be freed.
(Reading database… 
(Reading database… 5%
(Reading database… 10%
(Reading database… 15%
(Reading database… 20%
(Reading database… 25%
(Reading database… 30%
(Reading database… 35%
(Reading database… 40%
(Reading database… 45%
(Reading database… 50%
(Reading database… 55%
(Reading database… 60%
(Reading database… 65%
(Reading database… 70%
(Reading database… 75%
(Reading database… 80%
(Reading database… 85%
(Reading database… 90%
(Reading database… 95%
(Reading database… 100%
(Reading database… 139554 files and directories currently installed.)
Removing linux-headers-7.0.0-14-generic (7.0.0-14.14)…
Removing linux-headers-7.0.0-14 (7.0.0-14.14)…
Removing linux-tools-7.0.0-14-generic (7.0.0-14.14)…
Removing linux-tools-7.0.0-14 (7.0.0-14.14)…
Removing pollinate (4.33-4ubuntu6)…
Removing linux-main-modules-zfs-7.0.0-14-generic (7.0.0-14.14+3)…
Removing linux-image-unsigned-7.0.0-14-generic (7.0.0-14.14)…
I: /boot/vmlinuz.old is now a symlink to vmlinuz-7.0.0-28-generic
I: /boot/initrd.img.old is now a symlink to initrd.img-7.0.0-28-generic
/etc/kernel/postrm.d/kdump-tools:
kdump-tools: Removing kdump tracking files for kernel version: 7.0.0-14-generic
/etc/kernel/postrm.d/zz-update-grub:
Sourcing file `/etc/default/grub'
Sourcing file `/etc/default/grub.d/kdump-tools.cfg'
Generating grub configuration file ...
Found linux image: /boot/vmlinuz-7.0.0-28-generic
Found initrd image: /boot/initrd.img-7.0.0-28-generic
Warning: os-prober will not be executed to detect other bootable partitions.
Systems on them will not be added to the GRUB boot configuration.
Check GRUB_DISABLE_OS_PROBER documentation entry.
Adding boot menu entry for UEFI Firmware Settings ...
done
Removing linux-modules-7.0.0-14-generic (7.0.0-14.14)…
Processing triggers for man-db (2.13.1-1build1)…
[1;32m	
 ✅ Done
[1;35m
[1;32m	
Detected Ubuntu Resolute Raccoon (26.04.x).
[1;35m
[1;32m	
Ubuntu 26.04.x (resolute raccoon) TheRock stack installation method has been set.
[1;35m
[1;32m	
 ✔️ Checking if ROCm/TheRock is installed ...
[1;35m
[1;32m	No ROCm/TheRock installation detected.[1;35m
[1;32m	
 ✔️ Checking for PyTorch packages installed via pip ...
[1;35m
/usr/bin/python3: No module named pip

No PyTorch packages found.
Press any key to continue...
WARNING: apt does not have a stable CLI interface. Use with caution in scripts.

Hit:1 http://de.archive.ubuntu.com/ubuntu resolute InRelease
Hit:2 http://de.archive.ubuntu.com/ubuntu resolute-updates InRelease
Hit:3 http://security.ubuntu.com/ubuntu resolute-security InRelease
Hit:4 http://de.archive.ubuntu.com/ubuntu resolute-backports InRelease
Reading package lists...
Building dependency tree...
Reading state information...
2 packages can be upgraded. Run 'apt list --upgradable' to see them.

WARNING: apt does not have a stable CLI interface. Use with caution in scripts.

Reading package lists...
Building dependency tree...
Reading state information...
linux-generic is already the newest version (7.0.0-28.28).
git is already the newest version (1:2.53.0-1ubuntu1).
git set to manually installed.
htop is already the newest version (3.4.1-5build2).
htop set to manually installed.
pciutils is already the newest version (1:3.14.0-1build2).
pciutils set to manually installed.
libatomic1 is already the newest version (16-20260322-1ubuntu1).
libatomic1 set to manually installed.
libnuma1 is already the newest version (2.0.19-1build1).
libnuma1 set to manually installed.
numactl is already the newest version (2.0.19-1build1).
numactl set to manually installed.
Solving dependencies...
Installing:
  cmake           hwloc           libquadmath0      ncdu         python3-pip
  freeipmi-tools  libmsgpack-dev  libssl-dev        pkg-config   python3-venv
  git-lfs         libnuma-dev     libstdc++-16-dev  python3-dev

Installing dependencies:
  build-essential            libasan8                libpixman-1-0
  bzip2                      libcairo2               libpkgconf7
  cmake-data                 libcc1-0                libpython3-dev
  cpp                        libcrypt-dev            libpython3.14-dev
  cpp-15                     libdpkg-perl            librhash1
  cpp-15-x86-64-linux-gnu    libexpat1-dev           libstdc++-15-dev
  cpp-x86-64-linux-gnu       libfakeroot             libtsan2
  dpkg-dev                   libfile-fcntllock-perl  libubsan1
  fakeroot                   libfontconfig1          libxcb-render0
  fontconfig-config          libfreeipmi17           libxcb-shm0
  fonts-dejavu-core          libgcc-15-dev           libxnvctrl0
  fonts-dejavu-mono          libgcc-16-dev           libxrender1
  freeipmi-common            libgomp1                libze1
  g++                        libhwasan0              lto-disabled-list
  g++-15                     libhwloc-plugins        make
  g++-15-x86-64-linux-gnu    libhwloc15              ocl-icd-libopencl1
  g++-x86-64-linux-gnu       libipmiconsole2         pkgconf
  gcc                        libipmidetect0          pkgconf-bin
  gcc-15                     libisl23                python3-pip-whl
  gcc-15-base                libitm1                 python3-setuptools-whl
  gcc-15-x86-64-linux-gnu    libjsoncpp26            python3-wheel
  gcc-x86-64-linux-gnu       liblsan0                python3.14-dev
  libalgorithm-diff-perl     libmpc3                 python3.14-venv
  libalgorithm-diff-xs-perl  libmsgpack-c-dev        zlib1g-dev
  libalgorithm-merge-perl    libmsgpack-c2
  libarchive13t64            libpciaccess0

Suggested packages:
  bzip2-doc                  g++-multilib     gdb-x86-64-linux-gnu
  cmake-doc                  g++-15-multilib  lrzip
  cmake-format               gcc-15-doc       bzr
  elpa-cmake-mode            gcc-multilib     libhwloc-contrib-plugins
  ninja-build                autoconf         libmsgpack-c-doc
  cpp-doc                    automake         libssl-doc
  gcc-15-locales             libtool          libstdc++-15-doc
  cpp-15-doc                 flex             libstdc++-16-doc
  debian-keyring             bison            make-doc
  debian-tag2upload-keyring  gdb              opencl-icd
  freeipmi-bmc-watchdog      gcc-doc
  freeipmi-ipmidetect        gcc-15-multilib

Summary:
  Upgrading: 0, Installing: 90, Removing: 0, Not Upgrading: 2
  Download size: 120 MB
  Space needed: 448 MB / 920 GB available

Get:1 http://de.archive.ubuntu.com/ubuntu resolute/main amd64 gcc-15-base amd64 15.2.0-16ubuntu1 [39.0 kB]
Get:2 http://de.archive.ubuntu.com/ubuntu resolute/main amd64 libisl23 amd64 0.27-1build1 [691 kB]
Get:3 http://de.archive.ubuntu.com/ubuntu resolute/main amd64 libmpc3 amd64 1.3.1-3 [54.6 kB]
Get:4 http://de.archive.ubuntu.com/ubuntu resolute/main amd64 cpp-15-x86-64-linux-gnu amd64 15.2.0-16ubuntu1 [12.9 MB]
Get:5 http://de.archive.ubuntu.com/ubuntu resolute/main amd64 cpp-15 amd64 15.2.0-16ubuntu1 [1,030 B]
Get:6 http://de.archive.ubuntu.com/ubuntu resolute/main amd64 cpp-x86-64-linux-gnu amd64 4:15.2.0-5ubuntu1 [5,840 B]
Get:7 http://de.archive.ubuntu.com/ubuntu resolute/main amd64 cpp amd64 4:15.2.0-5ubuntu1 [22.4 kB]
Get:8 http://de.archive.ubuntu.com/ubuntu resolute/main amd64 libcc1-0 amd64 16-20260322-1ubuntu1 [51.2 kB]
Get:9 http://de.archive.ubuntu.com/ubuntu resolute/main amd64 libgomp1 amd64 16-20260322-1ubuntu1 [162 kB]
Get:10 http://de.archive.ubuntu.com/ubuntu resolute/main amd64 libitm1 amd64 16-20260322-1ubuntu1 [30.0 kB]
Get:11 http://de.archive.ubuntu.com/ubuntu resolute/main amd64 libasan8 amd64 16-20260322-1ubuntu1 [3,184 kB]
Get:12 http://de.archive.ubuntu.com/ubuntu resolute/main amd64 liblsan0 amd64 16-20260322-1ubuntu1 [1,394 kB]
Get:13 http://de.archive.ubuntu.com/ubuntu resolute/main amd64 libtsan2 amd64 16-20260322-1ubuntu1 [2,849 kB]
Get:14 http://de.archive.ubuntu.com/ubuntu resolute/main amd64 libubsan1 amd64 16-20260322-1ubuntu1 [1,240 kB]
Get:15 http://de.archive.ubuntu.com/ubuntu resolute/main amd64 libhwasan0 amd64 16-20260322-1ubuntu1 [1,731 kB]
Get:16 http://de.archive.ubuntu.com/ubuntu resolute/main amd64 libquadmath0 amd64 16-20260322-1ubuntu1 [155 kB]
Get:17 http://de.archive.ubuntu.com/ubuntu resolute/main amd64 libgcc-15-dev amd64 15.2.0-16ubuntu1 [2,866 kB]
Get:18 http://de.archive.ubuntu.com/ubuntu resolute/main amd64 gcc-15-x86-64-linux-gnu amd64 15.2.0-16ubuntu1 [25.4 MB]
Get:19 http://de.archive.ubuntu.com/ubuntu resolute/main amd64 gcc-15 amd64 15.2.0-16ubuntu1 [539 kB]
Get:20 http://de.archive.ubuntu.com/ubuntu resolute/main amd64 gcc-x86-64-linux-gnu amd64 4:15.2.0-5ubuntu1 [1,208 B]
Get:21 http://de.archive.ubuntu.com/ubuntu resolute/main amd64 gcc amd64 4:15.2.0-5ubuntu1 [5,010 B]
Get:22 http://de.archive.ubuntu.com/ubuntu resolute/main amd64 libstdc++-15-dev amd64 15.2.0-16ubuntu1 [2,920 kB]
Get:23 http://de.archive.ubuntu.com/ubuntu resolute/main amd64 g++-15-x86-64-linux-gnu amd64 15.2.0-16ubuntu1 [14.4 MB]
Get:24 http://de.archive.ubuntu.com/ubuntu resolute/main amd64 g++-15 amd64 15.2.0-16ubuntu1 [26.7 kB]
Get:25 http://de.archive.ubuntu.com/ubuntu resolute/main amd64 g++-x86-64-linux-gnu amd64 4:15.2.0-5ubuntu1 [968 B]
Get:26 http://de.archive.ubuntu.com/ubuntu resolute/main amd64 g++ amd64 4:15.2.0-5ubuntu1 [1,100 B]
Get:27 http://de.archive.ubuntu.com/ubuntu resolute/main amd64 make amd64 4.4.1-3 [197 kB]
Get:28 http://de.archive.ubuntu.com/ubuntu resolute/main amd64 libdpkg-perl all 1.23.7ubuntu1 [289 kB]
Get:29 http://de.archive.ubuntu.com/ubuntu resolute/main amd64 bzip2 amd64 1.0.8-6build2 [34.3 kB]
Get:30 http://de.archive.ubuntu.com/ubuntu resolute/main amd64 lto-disabled-list all 79 [14.2 kB]
Get:31 http://de.archive.ubuntu.com/ubuntu resolute/main amd64 dpkg-dev all 1.23.7ubuntu1 [1,062 kB]
Get:32 http://de.archive.ubuntu.com/ubuntu resolute/main amd64 libcrypt-dev amd64 1:4.5.1-1 [122 kB]
Get:33 http://de.archive.ubuntu.com/ubuntu resolute-updates/main amd64 build-essential amd64 12.12ubuntu2.26.04.2 [5,158 B]
Get:34 http://de.archive.ubuntu.com/ubuntu resolute/main amd64 cmake-data all 4.2.3-2ubuntu2 [2,581 kB]
Get:35 http://de.archive.ubuntu.com/ubuntu resolute-updates/main amd64 libarchive13t64 amd64 3.8.5-1ubuntu2.2 [397 kB]
Get:36 http://de.archive.ubuntu.com/ubuntu resolute/main amd64 libjsoncpp26 amd64 1.9.6-5 [84.0 kB]
Get:37 http://de.archive.ubuntu.com/ubuntu resolute/main amd64 librhash1 amd64 1.4.6-1.1 [133 kB]
Get:38 http://de.archive.ubuntu.com/ubuntu resolute/main amd64 cmake amd64 4.2.3-2ubuntu2 [13.7 MB]
Get:39 http://de.archive.ubuntu.com/ubuntu resolute/main amd64 libfakeroot amd64 1.37.2-1 [34.0 kB]
Get:40 http://de.archive.ubuntu.com/ubuntu resolute/main amd64 fakeroot amd64 1.37.2-1 [68.3 kB]
Get:41 http://de.archive.ubuntu.com/ubuntu resolute/main amd64 fonts-dejavu-mono all 2.37-8build1 [502 kB]
Get:42 http://de.archive.ubuntu.com/ubuntu resolute/main amd64 fonts-dejavu-core all 2.37-8build1 [834 kB]
Get:43 http://de.archive.ubuntu.com/ubuntu resolute/main amd64 fontconfig-config amd64 2.17.1-3ubuntu1 [38.5 kB]
Get:44 http://de.archive.ubuntu.com/ubuntu resolute/universe amd64 git-lfs amd64 3.7.1-1 [4,309 kB]
Get:45 http://de.archive.ubuntu.com/ubuntu resolute/main amd64 libalgorithm-diff-perl all 1.201-1 [41.8 kB]
Get:46 http://de.archive.ubuntu.com/ubuntu resolute/main amd64 libalgorithm-diff-xs-perl amd64 0.04-9 [11.5 kB]
Get:47 http://de.archive.ubuntu.com/ubuntu resolute/main amd64 libalgorithm-merge-perl all 0.08-5 [11.4 kB]
Get:48 http://de.archive.ubuntu.com/ubuntu resolute/main amd64 libfontconfig1 amd64 2.17.1-3ubuntu1 [144 kB]
Get:49 http://de.archive.ubuntu.com/ubuntu resolute/main amd64 libpixman-1-0 amd64 0.46.4-1 [287 kB]
Get:50 http://de.archive.ubuntu.com/ubuntu resolute/main amd64 libxcb-render0 amd64 1.17.0-2ubuntu1 [16.2 kB]
Get:51 http://de.archive.ubuntu.com/ubuntu resolute/main amd64 libxcb-shm0 amd64 1.17.0-2ubuntu1 [5,808 B]
Get:52 http://de.archive.ubuntu.com/ubuntu resolute/main amd64 libxrender1 amd64 1:0.9.12-1build1 [19.2 kB]
Get:53 http://de.archive.ubuntu.com/ubuntu resolute/main amd64 libcairo2 amd64 1.18.4-3 [579 kB]
Get:54 http://de.archive.ubuntu.com/ubuntu resolute/main amd64 libexpat1-dev amd64 2.7.4-1 [145 kB]
Get:55 http://de.archive.ubuntu.com/ubuntu resolute/main amd64 libfile-fcntllock-perl amd64 0.22-4ubuntu6 [32.8 kB]
Get:56 http://de.archive.ubuntu.com/ubuntu resolute/universe amd64 libgcc-16-dev amd64 16-20260322-1ubuntu1 [2,931 kB]
Get:57 http://de.archive.ubuntu.com/ubuntu resolute/universe amd64 libhwloc15 amd64 2.13.0-2 [175 kB]
Get:58 http://de.archive.ubuntu.com/ubuntu resolute/universe amd64 libmsgpack-c2 amd64 6.1.0-2 [17.1 kB]
Get:59 http://de.archive.ubuntu.com/ubuntu resolute/universe amd64 libmsgpack-c-dev amd64 6.1.0-2 [32.4 kB]
Get:60 http://de.archive.ubuntu.com/ubuntu resolute-updates/main amd64 libpciaccess0 amd64 0.18.1-1ubuntu4.1 [19.0 kB]
Get:61 http://de.archive.ubuntu.com/ubuntu resolute/main amd64 libpkgconf7 amd64 2.5.1-4 [38.8 kB]
Get:62 http://de.archive.ubuntu.com/ubuntu resolute/main amd64 zlib1g-dev amd64 1:1.3.dfsg+really1.3.1-1ubuntu3 [895 kB]
Get:63 http://de.archive.ubuntu.com/ubuntu resolute-updates/main amd64 libpython3.14-dev amd64 3.14.4-1ubuntu0.1 [5,987 kB]
Get:64 http://de.archive.ubuntu.com/ubuntu resolute/main amd64 libpython3-dev amd64 3.14.3-0ubuntu2 [8,736 B]
Get:65 http://de.archive.ubuntu.com/ubuntu resolute-updates/main amd64 libssl-dev amd64 3.5.5-1ubuntu3.2 [2,934 kB]
Get:66 http://de.archive.ubuntu.com/ubuntu resolute/universe amd64 libstdc++-16-dev amd64 16-20260322-1ubuntu1 [2,731 kB]
Get:67 http://de.archive.ubuntu.com/ubuntu resolute/main amd64 libxnvctrl0 amd64 510.47.03-0ubuntu7 [13.2 kB]
Get:68 http://de.archive.ubuntu.com/ubuntu resolute/universe amd64 libze1 amd64 1.28.2-2 [864 kB]
Get:69 http://de.archive.ubuntu.com/ubuntu resolute/universe amd64 ncdu amd64 1.22-1build1 [51.0 kB]
Get:70 http://de.archive.ubuntu.com/ubuntu resolute/main amd64 pkgconf-bin amd64 2.5.1-4 [22.7 kB]
Get:71 http://de.archive.ubuntu.com/ubuntu resolute/main amd64 pkgconf amd64 2.5.1-4 [20.0 kB]
Get:72 http://de.archive.ubuntu.com/ubuntu resolute/main amd64 pkg-config amd64 2.5.1-4 [7,684 B]
Get:73 http://de.archive.ubuntu.com/ubuntu resolute-updates/main amd64 python3.14-dev amd64 3.14.4-1ubuntu0.1 [510 kB]
Get:74 http://de.archive.ubuntu.com/ubuntu resolute/main amd64 python3-dev amd64 3.14.3-0ubuntu2 [26.6 kB]
Get:75 http://de.archive.ubuntu.com/ubuntu resolute/universe amd64 python3-wheel all 0.46.3-2 [27.9 kB]
Get:76 http://de.archive.ubuntu.com/ubuntu resolute/universe amd64 python3-pip all 25.1.1+dfsg-1ubuntu2 [1,416 kB]
Get:77 http://de.archive.ubuntu.com/ubuntu resolute/universe amd64 python3-pip-whl all 25.1.1+dfsg-1ubuntu2 [1,430 kB]
Get:78 http://de.archive.ubuntu.com/ubuntu resolute/universe amd64 python3-setuptools-whl all 78.1.1-0.1build1 [1,174 kB]
Get:79 http://de.archive.ubuntu.com/ubuntu resolute-updates/universe amd64 python3.14-venv amd64 3.14.4-1ubuntu0.1 [5,354 B]
Get:80 http://de.archive.ubuntu.com/ubuntu resolute/universe amd64 python3-venv amd64 3.14.3-0ubuntu2 [1,032 B]
Get:81 http://de.archive.ubuntu.com/ubuntu resolute-updates/main amd64 freeipmi-common all 1.6.16-1ubuntu0.1 [181 kB]
Get:82 http://de.archive.ubuntu.com/ubuntu resolute-updates/main amd64 libfreeipmi17 amd64 1.6.16-1ubuntu0.1 [931 kB]
Get:83 http://de.archive.ubuntu.com/ubuntu resolute-updates/main amd64 libipmiconsole2 amd64 1.6.16-1ubuntu0.1 [70.1 kB]
Get:84 http://de.archive.ubuntu.com/ubuntu resolute-updates/main amd64 libipmidetect0 amd64 1.6.16-1ubuntu0.1 [20.0 kB]
Get:85 http://de.archive.ubuntu.com/ubuntu resolute-updates/main amd64 freeipmi-tools amd64 1.6.16-1ubuntu0.1 [716 kB]
Get:86 http://de.archive.ubuntu.com/ubuntu resolute/universe amd64 hwloc amd64 2.13.0-2 [256 kB]
Get:87 http://de.archive.ubuntu.com/ubuntu resolute/main amd64 ocl-icd-libopencl1 amd64 2.3.4-1 [40.9 kB]
Get:88 http://de.archive.ubuntu.com/ubuntu resolute/universe amd64 libhwloc-plugins amd64 2.13.0-2 [21.5 kB]
Get:89 http://de.archive.ubuntu.com/ubuntu resolute/universe amd64 libmsgpack-dev all 6.1.0-2 [2,184 B]
Get:90 http://de.archive.ubuntu.com/ubuntu resolute/main amd64 libnuma-dev amd64 2.0.19-1build1 [37.2 kB]
Fetched 120 MB in 4s (30.8 MB/s)
Selecting previously unselected package gcc-15-base:amd64.
(Reading database… 
(Reading database… 5%
(Reading database… 10%
(Reading database… 15%
(Reading database… 20%
(Reading database… 25%
(Reading database… 30%
(Reading database… 35%
(Reading database… 40%
(Reading database… 45%
(Reading database… 50%
(Reading database… 55%
(Reading database… 60%
(Reading database… 65%
(Reading database… 70%
(Reading database… 75%
(Reading database… 80%
(Reading database… 85%
(Reading database… 90%
(Reading database… 95%
(Reading database… 100%
(Reading database… 98679 files and directories currently installed.)
Preparing to unpack …/00-gcc-15-base_15.2.0-16ubuntu1_amd64.deb…
Unpacking gcc-15-base:amd64 (15.2.0-16ubuntu1)…
Selecting previously unselected package libisl23:amd64.
Preparing to unpack …/01-libisl23_0.27-1build1_amd64.deb…
Unpacking libisl23:amd64 (0.27-1build1)…
Selecting previously unselected package libmpc3:amd64.
Preparing to unpack …/02-libmpc3_1.3.1-3_amd64.deb…
Unpacking libmpc3:amd64 (1.3.1-3)…
Selecting previously unselected package cpp-15-x86-64-linux-gnu.
Preparing to unpack …/03-cpp-15-x86-64-linux-gnu_15.2.0-16ubuntu1_amd64.deb…
Unpacking cpp-15-x86-64-linux-gnu (15.2.0-16ubuntu1)…
Selecting previously unselected package cpp-15.
Preparing to unpack …/04-cpp-15_15.2.0-16ubuntu1_amd64.deb…
Unpacking cpp-15 (15.2.0-16ubuntu1)…
Selecting previously unselected package cpp-x86-64-linux-gnu.
Preparing to unpack …/05-cpp-x86-64-linux-gnu_4%3a15.2.0-5ubuntu1_amd64.deb…
Unpacking cpp-x86-64-linux-gnu (4:15.2.0-5ubuntu1)…
Selecting previously unselected package cpp.
Preparing to unpack …/06-cpp_4%3a15.2.0-5ubuntu1_amd64.deb…
Unpacking cpp (4:15.2.0-5ubuntu1)…
Selecting previously unselected package libcc1-0:amd64.
Preparing to unpack …/07-libcc1-0_16-20260322-1ubuntu1_amd64.deb…
Unpacking libcc1-0:amd64 (16-20260322-1ubuntu1)…
Selecting previously unselected package libgomp1:amd64.
Preparing to unpack …/08-libgomp1_16-20260322-1ubuntu1_amd64.deb…
Unpacking libgomp1:amd64 (16-20260322-1ubuntu1)…
Selecting previously unselected package libitm1:amd64.
Preparing to unpack …/09-libitm1_16-20260322-1ubuntu1_amd64.deb…
Unpacking libitm1:amd64 (16-20260322-1ubuntu1)…
Selecting previously unselected package libasan8:amd64.
Preparing to unpack …/10-libasan8_16-20260322-1ubuntu1_amd64.deb…
Unpacking libasan8:amd64 (16-20260322-1ubuntu1)…
Selecting previously unselected package liblsan0:amd64.
Preparing to unpack …/11-liblsan0_16-20260322-1ubuntu1_amd64.deb…
Unpacking liblsan0:amd64 (16-20260322-1ubuntu1)…
Selecting previously unselected package libtsan2:amd64.
Preparing to unpack …/12-libtsan2_16-20260322-1ubuntu1_amd64.deb…
Unpacking libtsan2:amd64 (16-20260322-1ubuntu1)…
Selecting previously unselected package libubsan1:amd64.
Preparing to unpack …/13-libubsan1_16-20260322-1ubuntu1_amd64.deb…
Unpacking libubsan1:amd64 (16-20260322-1ubuntu1)…
Selecting previously unselected package libhwasan0:amd64.
Preparing to unpack …/14-libhwasan0_16-20260322-1ubuntu1_amd64.deb…
Unpacking libhwasan0:amd64 (16-20260322-1ubuntu1)…
Selecting previously unselected package libquadmath0:amd64.
Preparing to unpack …/15-libquadmath0_16-20260322-1ubuntu1_amd64.deb…
Unpacking libquadmath0:amd64 (16-20260322-1ubuntu1)…
Selecting previously unselected package libgcc-15-dev:amd64.
Preparing to unpack …/16-libgcc-15-dev_15.2.0-16ubuntu1_amd64.deb…
Unpacking libgcc-15-dev:amd64 (15.2.0-16ubuntu1)…
Selecting previously unselected package gcc-15-x86-64-linux-gnu.
Preparing to unpack …/17-gcc-15-x86-64-linux-gnu_15.2.0-16ubuntu1_amd64.deb…
Unpacking gcc-15-x86-64-linux-gnu (15.2.0-16ubuntu1)…
Selecting previously unselected package gcc-15.
Preparing to unpack …/18-gcc-15_15.2.0-16ubuntu1_amd64.deb…
Unpacking gcc-15 (15.2.0-16ubuntu1)…
Selecting previously unselected package gcc-x86-64-linux-gnu.
Preparing to unpack …/19-gcc-x86-64-linux-gnu_4%3a15.2.0-5ubuntu1_amd64.deb…
Unpacking gcc-x86-64-linux-gnu (4:15.2.0-5ubuntu1)…
Selecting previously unselected package gcc.
Preparing to unpack …/20-gcc_4%3a15.2.0-5ubuntu1_amd64.deb…
Unpacking gcc (4:15.2.0-5ubuntu1)…
Selecting previously unselected package libstdc++-15-dev:amd64.
Preparing to unpack …/21-libstdc++-15-dev_15.2.0-16ubuntu1_amd64.deb…
Unpacking libstdc++-15-dev:amd64 (15.2.0-16ubuntu1)…
Selecting previously unselected package g++-15-x86-64-linux-gnu.
Preparing to unpack …/22-g++-15-x86-64-linux-gnu_15.2.0-16ubuntu1_amd64.deb…
Unpacking g++-15-x86-64-linux-gnu (15.2.0-16ubuntu1)…
Selecting previously unselected package g++-15.
Preparing to unpack …/23-g++-15_15.2.0-16ubuntu1_amd64.deb…
Unpacking g++-15 (15.2.0-16ubuntu1)…
Selecting previously unselected package g++-x86-64-linux-gnu.
Preparing to unpack …/24-g++-x86-64-linux-gnu_4%3a15.2.0-5ubuntu1_amd64.deb…
Unpacking g++-x86-64-linux-gnu (4:15.2.0-5ubuntu1)…
Selecting previously unselected package g++.
Preparing to unpack …/25-g++_4%3a15.2.0-5ubuntu1_amd64.deb…
Unpacking g++ (4:15.2.0-5ubuntu1)…
Selecting previously unselected package make.
Preparing to unpack …/26-make_4.4.1-3_amd64.deb…
Unpacking make (4.4.1-3)…
Selecting previously unselected package libdpkg-perl.
Preparing to unpack …/27-libdpkg-perl_1.23.7ubuntu1_all.deb…
Unpacking libdpkg-perl (1.23.7ubuntu1)…
Selecting previously unselected package bzip2.
Preparing to unpack …/28-bzip2_1.0.8-6build2_amd64.deb…
Unpacking bzip2 (1.0.8-6build2)…
Selecting previously unselected package lto-disabled-list.
Preparing to unpack …/29-lto-disabled-list_79_all.deb…
Unpacking lto-disabled-list (79)…
Selecting previously unselected package dpkg-dev.
Preparing to unpack …/30-dpkg-dev_1.23.7ubuntu1_all.deb…
Unpacking dpkg-dev (1.23.7ubuntu1)…
Selecting previously unselected package libcrypt-dev:amd64.
Preparing to unpack …/31-libcrypt-dev_1%3a4.5.1-1_amd64.deb…
Unpacking libcrypt-dev:amd64 (1:4.5.1-1)…
Selecting previously unselected package build-essential.
Preparing to unpack …/32-build-essential_12.12ubuntu2.26.04.2_amd64.deb…
Unpacking build-essential (12.12ubuntu2.26.04.2)…
Selecting previously unselected package cmake-data.
Preparing to unpack …/33-cmake-data_4.2.3-2ubuntu2_all.deb…
Unpacking cmake-data (4.2.3-2ubuntu2)…
Selecting previously unselected package libarchive13t64:amd64.
Preparing to unpack …/34-libarchive13t64_3.8.5-1ubuntu2.2_amd64.deb…
Unpacking libarchive13t64:amd64 (3.8.5-1ubuntu2.2)…
Selecting previously unselected package libjsoncpp26:amd64.
Preparing to unpack …/35-libjsoncpp26_1.9.6-5_amd64.deb…
Unpacking libjsoncpp26:amd64 (1.9.6-5)…
Selecting previously unselected package librhash1:amd64.
Preparing to unpack …/36-librhash1_1.4.6-1.1_amd64.deb…
Unpacking librhash1:amd64 (1.4.6-1.1)…
Selecting previously unselected package cmake.
Preparing to unpack …/37-cmake_4.2.3-2ubuntu2_amd64.deb…
Unpacking cmake (4.2.3-2ubuntu2)…
Selecting previously unselected package libfakeroot:amd64.
Preparing to unpack …/38-libfakeroot_1.37.2-1_amd64.deb…
Unpacking libfakeroot:amd64 (1.37.2-1)…
Selecting previously unselected package fakeroot.
Preparing to unpack …/39-fakeroot_1.37.2-1_amd64.deb…
Unpacking fakeroot (1.37.2-1)…
Selecting previously unselected package fonts-dejavu-mono.
Preparing to unpack …/40-fonts-dejavu-mono_2.37-8build1_all.deb…
Unpacking fonts-dejavu-mono (2.37-8build1)…
Selecting previously unselected package fonts-dejavu-core.
Preparing to unpack …/41-fonts-dejavu-core_2.37-8build1_all.deb…
Unpacking fonts-dejavu-core (2.37-8build1)…
Selecting previously unselected package fontconfig-config.
Preparing to unpack …/42-fontconfig-config_2.17.1-3ubuntu1_amd64.deb…
Unpacking fontconfig-config (2.17.1-3ubuntu1)…
Selecting previously unselected package git-lfs.
Preparing to unpack …/43-git-lfs_3.7.1-1_amd64.deb…
Unpacking git-lfs (3.7.1-1)…
Selecting previously unselected package libalgorithm-diff-perl.
Preparing to unpack …/44-libalgorithm-diff-perl_1.201-1_all.deb…
Unpacking libalgorithm-diff-perl (1.201-1)…
Selecting previously unselected package libalgorithm-diff-xs-perl.
Preparing to unpack …/45-libalgorithm-diff-xs-perl_0.04-9_amd64.deb…
Unpacking libalgorithm-diff-xs-perl (0.04-9)…
Selecting previously unselected package libalgorithm-merge-perl.
Preparing to unpack …/46-libalgorithm-merge-perl_0.08-5_all.deb…
Unpacking libalgorithm-merge-perl (0.08-5)…
Selecting previously unselected package libfontconfig1:amd64.
Preparing to unpack …/47-libfontconfig1_2.17.1-3ubuntu1_amd64.deb…
Unpacking libfontconfig1:amd64 (2.17.1-3ubuntu1)…
Selecting previously unselected package libpixman-1-0:amd64.
Preparing to unpack …/48-libpixman-1-0_0.46.4-1_amd64.deb…
Unpacking libpixman-1-0:amd64 (0.46.4-1)…
Selecting previously unselected package libxcb-render0:amd64.
Preparing to unpack …/49-libxcb-render0_1.17.0-2ubuntu1_amd64.deb…
Unpacking libxcb-render0:amd64 (1.17.0-2ubuntu1)…
Selecting previously unselected package libxcb-shm0:amd64.
Preparing to unpack …/50-libxcb-shm0_1.17.0-2ubuntu1_amd64.deb…
Unpacking libxcb-shm0:amd64 (1.17.0-2ubuntu1)…
Selecting previously unselected package libxrender1:amd64.
Preparing to unpack …/51-libxrender1_1%3a0.9.12-1build1_amd64.deb…
Unpacking libxrender1:amd64 (1:0.9.12-1build1)…
Selecting previously unselected package libcairo2:amd64.
Preparing to unpack …/52-libcairo2_1.18.4-3_amd64.deb…
Unpacking libcairo2:amd64 (1.18.4-3)…
Selecting previously unselected package libexpat1-dev:amd64.
Preparing to unpack …/53-libexpat1-dev_2.7.4-1_amd64.deb…
Unpacking libexpat1-dev:amd64 (2.7.4-1)…
Selecting previously unselected package libfile-fcntllock-perl.
Preparing to unpack …/54-libfile-fcntllock-perl_0.22-4ubuntu6_amd64.deb…
Unpacking libfile-fcntllock-perl (0.22-4ubuntu6)…
Selecting previously unselected package libgcc-16-dev:amd64.
Preparing to unpack …/55-libgcc-16-dev_16-20260322-1ubuntu1_amd64.deb…
Unpacking libgcc-16-dev:amd64 (16-20260322-1ubuntu1)…
Selecting previously unselected package libhwloc15:amd64.
Preparing to unpack …/56-libhwloc15_2.13.0-2_amd64.deb…
Unpacking libhwloc15:amd64 (2.13.0-2)…
Selecting previously unselected package libmsgpack-c2:amd64.
Preparing to unpack …/57-libmsgpack-c2_6.1.0-2_amd64.deb…
Unpacking libmsgpack-c2:amd64 (6.1.0-2)…
Selecting previously unselected package libmsgpack-c-dev.
Preparing to unpack …/58-libmsgpack-c-dev_6.1.0-2_amd64.deb…
Unpacking libmsgpack-c-dev (6.1.0-2)…
Selecting previously unselected package libpciaccess0:amd64.
Preparing to unpack …/59-libpciaccess0_0.18.1-1ubuntu4.1_amd64.deb…
Unpacking libpciaccess0:amd64 (0.18.1-1ubuntu4.1)…
Selecting previously unselected package libpkgconf7:amd64.
Preparing to unpack …/60-libpkgconf7_2.5.1-4_amd64.deb…
Unpacking libpkgconf7:amd64 (2.5.1-4)…
Selecting previously unselected package zlib1g-dev:amd64.
Preparing to unpack …/61-zlib1g-dev_1%3a1.3.dfsg+really1.3.1-1ubuntu3_amd64.deb…
Unpacking zlib1g-dev:amd64 (1:1.3.dfsg+really1.3.1-1ubuntu3)…
Selecting previously unselected package libpython3.14-dev:amd64.
Preparing to unpack …/62-libpython3.14-dev_3.14.4-1ubuntu0.1_amd64.deb…
Unpacking libpython3.14-dev:amd64 (3.14.4-1ubuntu0.1)…
Selecting previously unselected package libpython3-dev:amd64.
Preparing to unpack …/63-libpython3-dev_3.14.3-0ubuntu2_amd64.deb…
Unpacking libpython3-dev:amd64 (3.14.3-0ubuntu2)…
Selecting previously unselected package libssl-dev:amd64.
Preparing to unpack …/64-libssl-dev_3.5.5-1ubuntu3.2_amd64.deb…
Unpacking libssl-dev:amd64 (3.5.5-1ubuntu3.2)…
Selecting previously unselected package libstdc++-16-dev:amd64.
Preparing to unpack …/65-libstdc++-16-dev_16-20260322-1ubuntu1_amd64.deb…
Unpacking libstdc++-16-dev:amd64 (16-20260322-1ubuntu1)…
Selecting previously unselected package libxnvctrl0:amd64.
Preparing to unpack …/66-libxnvctrl0_510.47.03-0ubuntu7_amd64.deb…
Unpacking libxnvctrl0:amd64 (510.47.03-0ubuntu7)…
Selecting previously unselected package libze1:amd64.
Preparing to unpack …/67-libze1_1.28.2-2_amd64.deb…
Unpacking libze1:amd64 (1.28.2-2)…
Selecting previously unselected package ncdu.
Preparing to unpack …/68-ncdu_1.22-1build1_amd64.deb…
Unpacking ncdu (1.22-1build1)…
Selecting previously unselected package pkgconf-bin.
Preparing to unpack …/69-pkgconf-bin_2.5.1-4_amd64.deb…
Unpacking pkgconf-bin (2.5.1-4)…
Selecting previously unselected package pkgconf:amd64.
Preparing to unpack …/70-pkgconf_2.5.1-4_amd64.deb…
Unpacking pkgconf:amd64 (2.5.1-4)…
Selecting previously unselected package pkg-config:amd64.
Preparing to unpack …/71-pkg-config_2.5.1-4_amd64.deb…
Unpacking pkg-config:amd64 (2.5.1-4)…
Selecting previously unselected package python3.14-dev.
Preparing to unpack …/72-python3.14-dev_3.14.4-1ubuntu0.1_amd64.deb…
Unpacking python3.14-dev (3.14.4-1ubuntu0.1)…
Selecting previously unselected package python3-dev.
Preparing to unpack …/73-python3-dev_3.14.3-0ubuntu2_amd64.deb…
Unpacking python3-dev (3.14.3-0ubuntu2)…
Selecting previously unselected package python3-wheel.
Preparing to unpack …/74-python3-wheel_0.46.3-2_all.deb…
Unpacking python3-wheel (0.46.3-2)…
Selecting previously unselected package python3-pip.
Preparing to unpack …/75-python3-pip_25.1.1+dfsg-1ubuntu2_all.deb…
Unpacking python3-pip (25.1.1+dfsg-1ubuntu2)…
Selecting previously unselected package python3-pip-whl.
Preparing to unpack …/76-python3-pip-whl_25.1.1+dfsg-1ubuntu2_all.deb…
Unpacking python3-pip-whl (25.1.1+dfsg-1ubuntu2)…
Selecting previously unselected package python3-setuptools-whl.
Preparing to unpack …/77-python3-setuptools-whl_78.1.1-0.1build1_all.deb…
Unpacking python3-setuptools-whl (78.1.1-0.1build1)…
Selecting previously unselected package python3.14-venv.
Preparing to unpack …/78-python3.14-venv_3.14.4-1ubuntu0.1_amd64.deb…
Unpacking python3.14-venv (3.14.4-1ubuntu0.1)…
Selecting previously unselected package python3-venv.
Preparing to unpack …/79-python3-venv_3.14.3-0ubuntu2_amd64.deb…
Unpacking python3-venv (3.14.3-0ubuntu2)…
Selecting previously unselected package freeipmi-common.
Preparing to unpack …/80-freeipmi-common_1.6.16-1ubuntu0.1_all.deb…
Unpacking freeipmi-common (1.6.16-1ubuntu0.1)…
Selecting previously unselected package libfreeipmi17.
Preparing to unpack …/81-libfreeipmi17_1.6.16-1ubuntu0.1_amd64.deb…
Unpacking libfreeipmi17 (1.6.16-1ubuntu0.1)…
Selecting previously unselected package libipmiconsole2.
Preparing to unpack …/82-libipmiconsole2_1.6.16-1ubuntu0.1_amd64.deb…
Unpacking libipmiconsole2 (1.6.16-1ubuntu0.1)…
Selecting previously unselected package libipmidetect0.
Preparing to unpack …/83-libipmidetect0_1.6.16-1ubuntu0.1_amd64.deb…
Unpacking libipmidetect0 (1.6.16-1ubuntu0.1)…
Selecting previously unselected package freeipmi-tools.
Preparing to unpack …/84-freeipmi-tools_1.6.16-1ubuntu0.1_amd64.deb…
Unpacking freeipmi-tools (1.6.16-1ubuntu0.1)…
Selecting previously unselected package hwloc.
Preparing to unpack …/85-hwloc_2.13.0-2_amd64.deb…
Unpacking hwloc (2.13.0-2)…
Selecting previously unselected package ocl-icd-libopencl1:amd64.
Preparing to unpack …/86-ocl-icd-libopencl1_2.3.4-1_amd64.deb…
Unpacking ocl-icd-libopencl1:amd64 (2.3.4-1)…
Selecting previously unselected package libhwloc-plugins:amd64.
Preparing to unpack …/87-libhwloc-plugins_2.13.0-2_amd64.deb…
Unpacking libhwloc-plugins:amd64 (2.13.0-2)…
Selecting previously unselected package libmsgpack-dev.
Preparing to unpack …/88-libmsgpack-dev_6.1.0-2_all.deb…
Unpacking libmsgpack-dev (6.1.0-2)…
Selecting previously unselected package libnuma-dev:amd64.
Preparing to unpack …/89-libnuma-dev_2.0.19-1build1_amd64.deb…
Unpacking libnuma-dev:amd64 (2.0.19-1build1)…
Setting up ncdu (1.22-1build1)…
Setting up libpixman-1-0:amd64 (0.46.4-1)…
Setting up libpciaccess0:amd64 (0.18.1-1ubuntu4.1)…
Setting up python3-setuptools-whl (78.1.1-0.1build1)…
Setting up lto-disabled-list (79)…
Setting up libxrender1:amd64 (1:0.9.12-1build1)…
Setting up libfile-fcntllock-perl (0.22-4ubuntu6)…
Setting up python3-pip-whl (25.1.1+dfsg-1ubuntu2)…
Setting up libxcb-render0:amd64 (1.17.0-2ubuntu1)…
Setting up libalgorithm-diff-perl (1.201-1)…
Setting up freeipmi-common (1.6.16-1ubuntu0.1)…
Setting up libpkgconf7:amd64 (2.5.1-4)…
Setting up libxcb-shm0:amd64 (1.17.0-2ubuntu1)…
Setting up libgomp1:amd64 (16-20260322-1ubuntu1)…
Setting up bzip2 (1.0.8-6build2)…
Setting up python3-wheel (0.46.3-2)…
Setting up libze1:amd64 (1.28.2-2)…
Setting up libfakeroot:amd64 (1.37.2-1)…
Setting up python3.14-venv (3.14.4-1ubuntu0.1)…
Setting up libnuma-dev:amd64 (2.0.19-1build1)…
Setting up libxnvctrl0:amd64 (510.47.03-0ubuntu7)…
Setting up fakeroot (1.37.2-1)…
update-alternatives: using /usr/bin/fakeroot-sysv to provide /usr/bin/fakeroot (fakeroot) in auto mode
Setting up libexpat1-dev:amd64 (2.7.4-1)…
Setting up python3-venv (3.14.3-0ubuntu2)…
Setting up make (4.4.1-3)…
Setting up libjsoncpp26:amd64 (1.9.6-5)…
Setting up libquadmath0:amd64 (16-20260322-1ubuntu1)…
Setting up fonts-dejavu-mono (2.37-8build1)…
Setting up libssl-dev:amd64 (3.5.5-1ubuntu3.2)…
Setting up libhwloc15:amd64 (2.13.0-2)…
Setting up libmpc3:amd64 (1.3.1-3)…
Setting up fonts-dejavu-core (2.37-8build1)…
Setting up pkgconf-bin (2.5.1-4)…
Setting up python3-pip (25.1.1+dfsg-1ubuntu2)…
Setting up libdpkg-perl (1.23.7ubuntu1)…
Setting up libfreeipmi17 (1.6.16-1ubuntu0.1)…
Setting up libubsan1:amd64 (16-20260322-1ubuntu1)…
Setting up zlib1g-dev:amd64 (1:1.3.dfsg+really1.3.1-1ubuntu3)…
Setting up ocl-icd-libopencl1:amd64 (2.3.4-1)…
Setting up libhwasan0:amd64 (16-20260322-1ubuntu1)…
Setting up libcrypt-dev:amd64 (1:4.5.1-1)…
Setting up libasan8:amd64 (16-20260322-1ubuntu1)…
Setting up libmsgpack-c2:amd64 (6.1.0-2)…
Setting up libpython3.14-dev:amd64 (3.14.4-1ubuntu0.1)…
Setting up cmake-data (4.2.3-2ubuntu2)…
Setting up librhash1:amd64 (1.4.6-1.1)…
Setting up libtsan2:amd64 (16-20260322-1ubuntu1)…
Setting up libisl23:amd64 (0.27-1build1)…
Setting up gcc-15-base:amd64 (15.2.0-16ubuntu1)…
Setting up git-lfs (3.7.1-1)…
Setting up libarchive13t64:amd64 (3.8.5-1ubuntu2.2)…
Setting up libalgorithm-diff-xs-perl (0.04-9)…
Setting up libcc1-0:amd64 (16-20260322-1ubuntu1)…
Setting up liblsan0:amd64 (16-20260322-1ubuntu1)…
Setting up libitm1:amd64 (16-20260322-1ubuntu1)…
Setting up libalgorithm-merge-perl (0.08-5)…
Setting up libgcc-15-dev:amd64 (15.2.0-16ubuntu1)…
Setting up libpython3-dev:amd64 (3.14.3-0ubuntu2)…
Setting up libgcc-16-dev:amd64 (16-20260322-1ubuntu1)…
Setting up python3.14-dev (3.14.4-1ubuntu0.1)…
Setting up libipmidetect0 (1.6.16-1ubuntu0.1)…
Setting up fontconfig-config (2.17.1-3ubuntu1)…
Setting up libmsgpack-c-dev (6.1.0-2)…
Setting up libipmiconsole2 (1.6.16-1ubuntu0.1)…
Setting up cpp-15-x86-64-linux-gnu (15.2.0-16ubuntu1)…
Setting up libhwloc-plugins:amd64 (2.13.0-2)…
Setting up dpkg-dev (1.23.7ubuntu1)…
Setting up pkgconf:amd64 (2.5.1-4)…
Setting up gcc-15-x86-64-linux-gnu (15.2.0-16ubuntu1)…
Setting up libstdc++-15-dev:amd64 (15.2.0-16ubuntu1)…
Setting up python3-dev (3.14.3-0ubuntu2)…
Setting up libstdc++-16-dev:amd64 (16-20260322-1ubuntu1)…
Setting up pkg-config:amd64 (2.5.1-4)…
Setting up cpp-15 (15.2.0-16ubuntu1)…
Setting up cmake (4.2.3-2ubuntu2)…
Setting up libmsgpack-dev (6.1.0-2)…
Setting up cpp-x86-64-linux-gnu (4:15.2.0-5ubuntu1)…
Setting up g++-15-x86-64-linux-gnu (15.2.0-16ubuntu1)…
Setting up freeipmi-tools (1.6.16-1ubuntu0.1)…
Setting up gcc-x86-64-linux-gnu (4:15.2.0-5ubuntu1)…
Setting up gcc-15 (15.2.0-16ubuntu1)…
Setting up cpp (4:15.2.0-5ubuntu1)…
Setting up g++-x86-64-linux-gnu (4:15.2.0-5ubuntu1)…
Setting up g++-15 (15.2.0-16ubuntu1)…
Setting up gcc (4:15.2.0-5ubuntu1)…
Setting up g++ (4:15.2.0-5ubuntu1)…
update-alternatives: using /usr/bin/g++ to provide /usr/bin/c++ (c++) in auto mode
Setting up build-essential (12.12ubuntu2.26.04.2)…
Processing triggers for install-info (7.2-5ubuntu2)…
Processing triggers for libc-bin (2.43-2ubuntu2.3)…
Processing triggers for man-db (2.13.1-1build1)…
Processing triggers for sgml-base (1.31+nmu1build1)…
Setting up libfontconfig1:amd64 (2.17.1-3ubuntu1)…
Setting up libcairo2:amd64 (1.18.4-3)…
Setting up hwloc (2.13.0-2)…
Processing triggers for libc-bin (2.43-2ubuntu2.3)…

Running kernel seems to be up-to-date.

The processor microcode seems to be up-to-date.

No services need to be restarted.

No containers need to be restarted.

No user sessions are running outdated binaries.

No VM guests are running outdated hypervisor (qemu) binaries on this host.
[1;32m	
 📦 Installing AMD GPU (amdgpu-dkms) kernel driver verion 31.40.0 ...
[1;35m
--2026-07-30 08:45:08--  https://repo.radeon.com/rocm/rocm.gpg.key
Resolving repo.radeon.com (repo.radeon.com)... 2a02:26f0:f500:8::5c7b:8558, 2a02:26f0:f500:8::5c7b:8564, 92.123.133.100, ...
Connecting to repo.radeon.com (repo.radeon.com)|2a02:26f0:f500:8::5c7b:8558|:443... connected.
HTTP request sent, awaiting response... 200 OK
Length: 3126 (3.1K) [application/octet-stream]
Saving to: ‘STDOUT’

     0K ...                                                   100%  221M=0s

2026-07-30 08:45:08 (221 MB/s) - written to stdout [3126/3126]

    deb [arch=amd64 signed-by=/etc/apt/keyrings/rocm.gpg] https://repo.radeon.com/amdgpu/31.40/ubuntu resolute main

WARNING: apt does not have a stable CLI interface. Use with caution in scripts.

Hit:1 http://de.archive.ubuntu.com/ubuntu resolute InRelease
Hit:2 http://security.ubuntu.com/ubuntu resolute-security InRelease
Get:3 https://repo.radeon.com/amdgpu/31.40/ubuntu resolute InRelease [3,194 B]
Hit:4 http://de.archive.ubuntu.com/ubuntu resolute-updates InRelease
Get:5 https://repo.radeon.com/amdgpu/31.40/ubuntu resolute/main amd64 Packages [1,150 B]
Hit:6 http://de.archive.ubuntu.com/ubuntu resolute-backports InRelease
Fetched 4,344 B in 0s (34.7 kB/s)
Reading package lists...
Building dependency tree...
Reading state information...
2 packages can be upgraded. Run 'apt list --upgradable' to see them.

WARNING: apt does not have a stable CLI interface. Use with caution in scripts.

Reading package lists...
Building dependency tree...
Reading state information...
Solving dependencies...
Installing:
  amdgpu-dkms

Installing dependencies:
  amdgpu-dkms-firmware  automake       dkms     initramfs-tools  m4
  autoconf              autotools-dev  dwarves  libdwarves1      pahole

Suggested packages:
  autoconf-archive  autoconf-doc  gettext  m4-doc
  gnu-standards     libtool       menu

REMOVING:
  dracut

Summary:
  Upgrading: 0, Installing: 11, Removing: 1, Not Upgrading: 2
  Download size: 31.2 MB
  Space needed: 675 MB / 920 GB available

Get:1 https://repo.radeon.com/amdgpu/31.40/ubuntu resolute/main amd64 amdgpu-dkms-firmware all 1:31.40.0.0.31400000-2364437.26.04 [16.6 MB]
Get:2 http://de.archive.ubuntu.com/ubuntu resolute/main amd64 initramfs-tools all 0.151ubuntu1 [8,506 B]
Get:3 http://de.archive.ubuntu.com/ubuntu resolute/main amd64 dkms all 3.2.2-1ubuntu1 [63.0 kB]
Get:4 http://de.archive.ubuntu.com/ubuntu resolute/main amd64 m4 amd64 1.4.21-1 [219 kB]
Get:5 http://de.archive.ubuntu.com/ubuntu resolute/main amd64 autoconf all 2.72-3.1ubuntu2 [384 kB]
Get:6 http://de.archive.ubuntu.com/ubuntu resolute/main amd64 autotools-dev all 20240727.1build1 [43.4 kB]
Get:7 http://de.archive.ubuntu.com/ubuntu resolute/main amd64 automake all 1:1.18.1-3build1 [582 kB]
Get:8 http://de.archive.ubuntu.com/ubuntu resolute/universe amd64 libdwarves1 amd64 1.31-2ubuntu1 [93.2 kB]
Get:9 http://de.archive.ubuntu.com/ubuntu resolute/universe amd64 pahole amd64 1.31-2ubuntu1 [111 kB]
Get:10 http://de.archive.ubuntu.com/ubuntu resolute/universe amd64 dwarves all 1.31-2ubuntu1 [2,152 B]
Get:11 https://repo.radeon.com/amdgpu/31.40/ubuntu resolute/main amd64 amdgpu-dkms all 1:6.19.14.31400000-2364437.26.04 [13.1 MB]
Fetched 31.2 MB in 1s (29.5 MB/s)
dpkg: dracut: dependency problems, but removing anyway as you requested:
 sg3-utils-udev depends on dracut | linux-initramfs-tool; however:
  Package dracut is to be removed.
  Package linux-initramfs-tool is not installed.
  Package dracut which provides linux-initramfs-tool is to be removed.
 overlayroot depends on dracut (>= 110) | initramfs-tools; however:
  Package dracut is to be removed.
  Package initramfs-tools is not installed.
 cloud-initramfs-dyn-netconf depends on dracut (>= 110) | initramfs-tools; however:
  Package dracut is to be removed.
  Package initramfs-tools is not installed.
 cloud-initramfs-copymods depends on dracut (>= 109) | initramfs-tools; however:
  Package dracut is to be removed.
  Package initramfs-tools is not installed.
 sg3-utils-udev depends on dracut | linux-initramfs-tool; however:
  Package dracut is to be removed.
  Package linux-initramfs-tool is not installed.
  Package dracut which provides linux-initramfs-tool is to be removed.

(Reading database… 
(Reading database… 5%
(Reading database… 10%
(Reading database… 15%
(Reading database… 20%
(Reading database… 25%
(Reading database… 30%
(Reading database… 35%
(Reading database… 40%
(Reading database… 45%
(Reading database… 50%
(Reading database… 55%
(Reading database… 60%
(Reading database… 65%
(Reading database… 70%
(Reading database… 75%
(Reading database… 80%
(Reading database… 85%
(Reading database… 90%
(Reading database… 95%
(Reading database… 100%
(Reading database… 107815 files and directories currently installed.)
Removing dracut (110-11)…
Selecting previously unselected package initramfs-tools.
(Reading database… 
(Reading database… 5%
(Reading database… 10%
(Reading database… 15%
(Reading database… 20%
(Reading database… 25%
(Reading database… 30%
(Reading database… 35%
(Reading database… 40%
(Reading database… 45%
(Reading database… 50%
(Reading database… 55%
(Reading database… 60%
(Reading database… 65%
(Reading database… 70%
(Reading database… 75%
(Reading database… 80%
(Reading database… 85%
(Reading database… 90%
(Reading database… 95%
(Reading database… 100%
(Reading database… 107810 files and directories currently installed.)
Preparing to unpack …/00-initramfs-tools_0.151ubuntu1_all.deb…
Unpacking initramfs-tools (0.151ubuntu1)…
Selecting previously unselected package dkms.
Preparing to unpack …/01-dkms_3.2.2-1ubuntu1_all.deb…
Unpacking dkms (3.2.2-1ubuntu1)…
Selecting previously unselected package m4.
Preparing to unpack …/02-m4_1.4.21-1_amd64.deb…
Unpacking m4 (1.4.21-1)…
Selecting previously unselected package autoconf.
Preparing to unpack …/03-autoconf_2.72-3.1ubuntu2_all.deb…
Unpacking autoconf (2.72-3.1ubuntu2)…
Selecting previously unselected package autotools-dev.
Preparing to unpack …/04-autotools-dev_20240727.1build1_all.deb…
Unpacking autotools-dev (20240727.1build1)…
Selecting previously unselected package automake.
Preparing to unpack …/05-automake_1%3a1.18.1-3build1_all.deb…
Unpacking automake (1:1.18.1-3build1)…
Selecting previously unselected package amdgpu-dkms-firmware.
Preparing to unpack …/06-amdgpu-dkms-firmware_1%3a31.40.0.0.31400000-2364437.26.04_all.deb…
Unpacking amdgpu-dkms-firmware (1:31.40.0.0.31400000-2364437.26.04)…
Selecting previously unselected package amdgpu-dkms.
Preparing to unpack …/07-amdgpu-dkms_1%3a6.19.14.31400000-2364437.26.04_all.deb…
Unpacking amdgpu-dkms (1:6.19.14.31400000-2364437.26.04)…
Selecting previously unselected package libdwarves1:amd64.
Preparing to unpack …/08-libdwarves1_1.31-2ubuntu1_amd64.deb…
Unpacking libdwarves1:amd64 (1.31-2ubuntu1)…
Selecting previously unselected package pahole.
Preparing to unpack …/09-pahole_1.31-2ubuntu1_amd64.deb…
Unpacking pahole (1.31-2ubuntu1)…
Selecting previously unselected package dwarves.
Preparing to unpack …/10-dwarves_1.31-2ubuntu1_all.deb…
Unpacking dwarves (1.31-2ubuntu1)…
Setting up libdwarves1:amd64 (1.31-2ubuntu1)…
Setting up initramfs-tools (0.151ubuntu1)…
update-initramfs: deferring update (trigger activated)
Setting up m4 (1.4.21-1)…
Setting up dkms (3.2.2-1ubuntu1)…
Setting up autotools-dev (20240727.1build1)…
Setting up pahole (1.31-2ubuntu1)…
Setting up autoconf (2.72-3.1ubuntu2)…
Setting up amdgpu-dkms-firmware (1:31.40.0.0.31400000-2364437.26.04)…
Setting up automake (1:1.18.1-3build1)…
update-alternatives: using /usr/bin/automake-1.18 to provide /usr/bin/automake (automake) in auto mode
Setting up amdgpu-dkms (1:6.19.14.31400000-2364437.26.04)…
Loading new amdgpu/6.19.14-2364437.26.04 DKMS files...
Building for 7.0.0-28-generic
Building for architecture x86_64

Building initial module amdgpu/6.19.14-2364437.26.04 for 7.0.0-28-generic
Sign command: /usr/bin/kmodsign
Certificate or key are missing, generating them using update-secureboot-policy...
Secure Boot not enabled on this system.
Signing key: /var/lib/shim-signed/mok/MOK.priv
Public certificate (MOK): /var/lib/shim-signed/mok/MOK.der

Building module(s)............. done.
Signing module /var/lib/dkms/amdgpu/6.19.14-2364437.26.04/build/amd/amdgpu/amdgpu.ko
Signing module /var/lib/dkms/amdgpu/6.19.14-2364437.26.04/build/ttm/amdttm.ko
Signing module /var/lib/dkms/amdgpu/6.19.14-2364437.26.04/build/amd/amdkcl/amdkcl.ko
Signing module /var/lib/dkms/amdgpu/6.19.14-2364437.26.04/build/scheduler/amd-sched.ko
Signing module /var/lib/dkms/amdgpu/6.19.14-2364437.26.04/build/./amddrm_ttm_helper.ko
Signing module /var/lib/dkms/amdgpu/6.19.14-2364437.26.04/build/./amddrm_buddy.ko
Signing module /var/lib/dkms/amdgpu/6.19.14-2364437.26.04/build/./amddrm_exec.ko
Signing module /var/lib/dkms/amdgpu/6.19.14-2364437.26.04/build/amd/amdxcp/amdxcp.ko
Signing module /var/lib/dkms/amdgpu/6.19.14-2364437.26.04/build/./amddrm_suballoc_helper.ko
Forcing installation of amdgpu
Found pre-existing /lib/modules/7.0.0-28-generic/kernel/drivers/gpu/drm/amd/amdgpu/amdgpu.ko.zst, archiving for uninstallation
Installing /lib/modules/7.0.0-28-generic/updates/dkms/amdgpu.ko.zst
Installing /lib/modules/7.0.0-28-generic/updates/dkms/amdttm.ko.zst
Installing /lib/modules/7.0.0-28-generic/updates/dkms/amdkcl.ko.zst
Installing /lib/modules/7.0.0-28-generic/updates/dkms/amd-sched.ko.zst
Installing /lib/modules/7.0.0-28-generic/updates/dkms/amddrm_ttm_helper.ko.zst
Installing /lib/modules/7.0.0-28-generic/updates/dkms/amddrm_buddy.ko.zst
Installing /lib/modules/7.0.0-28-generic/updates/dkms/amddrm_exec.ko.zst
Found pre-existing /lib/modules/7.0.0-28-generic/kernel/drivers/gpu/drm/amd/amdxcp/amdxcp.ko.zst, archiving for uninstallation
Installing /lib/modules/7.0.0-28-generic/updates/dkms/amdxcp.ko.zst
Installing /lib/modules/7.0.0-28-generic/updates/dkms/amddrm_suballoc_helper.ko.zst
Running depmod... done.
update-initramfs: Generating /boot/initrd.img-7.0.0-28-generic
Setting up dwarves (1.31-2ubuntu1)…
Processing triggers for libc-bin (2.43-2ubuntu2.3)…
Processing triggers for man-db (2.13.1-1build1)…
Processing triggers for install-info (7.2-5ubuntu2)…
Processing triggers for initramfs-tools (0.151ubuntu1)…
update-initramfs: Generating /boot/initrd.img-7.0.0-28-generic

Running kernel seems to be up-to-date.

The processor microcode seems to be up-to-date.

No services need to be restarted.

No containers need to be restarted.

No user sessions are running outdated binaries.

No VM guests are running outdated hypervisor (qemu) binaries on this host.
[1;32m	
 📦 Installing TheRock 7.14 complete Core SDK including runtimes, compilers, development tools, and dependencies
[1;35m
--2026-07-30 08:46:17--  https://repo.amd.com/rocm/packages-multi-arch/gpg/rocm.gpg
Resolving repo.amd.com (repo.amd.com)... 2600:9000:26da:ac00:1e:e606:b200:93a1, 2600:9000:26da:c400:1e:e606:b200:93a1, 2600:9000:26da:c800:1e:e606:b200:93a1, ...
Connecting to repo.amd.com (repo.amd.com)|2600:9000:26da:ac00:1e:e606:b200:93a1|:443... connected.
HTTP request sent, awaiting response... 200 OK
Length: 3923 (3.8K) [binary/octet-stream]
Saving to: ‘STDOUT’

     0K ...                                                   100%  199M=0s

2026-07-30 08:46:17 (199 MB/s) - written to stdout [3923/3923]

    deb [arch=amd64 signed-by=/etc/apt/keyrings/amdrocm.gpg] https://repo.amd.com/rocm/packages-multi-arch/ubuntu2604 stable main

WARNING: apt does not have a stable CLI interface. Use with caution in scripts.

Hit:1 http://de.archive.ubuntu.com/ubuntu resolute InRelease
Hit:2 http://security.ubuntu.com/ubuntu resolute-security InRelease
Hit:3 https://repo.radeon.com/amdgpu/31.40/ubuntu resolute InRelease
Hit:4 http://de.archive.ubuntu.com/ubuntu resolute-updates InRelease
Hit:5 http://de.archive.ubuntu.com/ubuntu resolute-backports InRelease
Get:6 https://repo.amd.com/rocm/packages-multi-arch/ubuntu2604 stable InRelease [2,332 B]
Get:7 https://repo.amd.com/rocm/packages-multi-arch/ubuntu2604 stable/main amd64 Packages [151 kB]
Fetched 154 kB in 1s (125 kB/s)
Reading package lists...
Building dependency tree...
Reading state information...
2 packages can be upgraded. Run 'apt list --upgradable' to see them.

WARNING: apt does not have a stable CLI interface. Use with caution in scripts.

Reading package lists...
Building dependency tree...
Reading state information...
Solving dependencies...
Installing:
  amdrocm-core-sdk7.14

Installing dependencies:
  amdrocm-amdsmi7.14              amdrocm-hipfile-dev7.14
  amdrocm-base7.14                amdrocm-hipfile7.14
  amdrocm-blas-dev7.14            amdrocm-hipify7.14
  amdrocm-blas-host7.14           amdrocm-jpeg-dev7.14
  amdrocm-blas7.14-gfx1010        amdrocm-jpeg7.14
  amdrocm-blas7.14-gfx1011        amdrocm-llvm-dev7.14
  amdrocm-blas7.14-gfx1012        amdrocm-llvm7.14
  amdrocm-blas7.14-gfx1030        amdrocm-math-common7.14
  amdrocm-blas7.14-gfx1031        amdrocm-opencl-dev7.14
  amdrocm-blas7.14-gfx1032        amdrocm-opencl7.14
  amdrocm-blas7.14-gfx1033        amdrocm-profiler-base7.14
  amdrocm-blas7.14-gfx1034        amdrocm-profiler7.14
  amdrocm-blas7.14-gfx1035        amdrocm-rand-dev7.14
  amdrocm-blas7.14-gfx1036        amdrocm-rand-host7.14
  amdrocm-blas7.14-gfx1100        amdrocm-rand7.14-gfx1010
  amdrocm-blas7.14-gfx1101        amdrocm-rand7.14-gfx1011
  amdrocm-blas7.14-gfx1102        amdrocm-rand7.14-gfx1012
  amdrocm-blas7.14-gfx1103        amdrocm-rand7.14-gfx1030
  amdrocm-blas7.14-gfx1150        amdrocm-rand7.14-gfx1031
  amdrocm-blas7.14-gfx1151        amdrocm-rand7.14-gfx1032
  amdrocm-blas7.14-gfx1152        amdrocm-rand7.14-gfx1033
  amdrocm-blas7.14-gfx1153        amdrocm-rand7.14-gfx1034
  amdrocm-blas7.14-gfx1200        amdrocm-rand7.14-gfx1035
  amdrocm-blas7.14-gfx1201        amdrocm-rand7.14-gfx1036
  amdrocm-blas7.14-gfx1250        amdrocm-rand7.14-gfx1100
  amdrocm-blas7.14-gfx908         amdrocm-rand7.14-gfx1101
  amdrocm-blas7.14-gfx90a         amdrocm-rand7.14-gfx1102
  amdrocm-blas7.14-gfx942         amdrocm-rand7.14-gfx1103
  amdrocm-blas7.14-gfx950         amdrocm-rand7.14-gfx1150
  amdrocm-ccl-dev7.14             amdrocm-rand7.14-gfx1151
  amdrocm-ck7.14                  amdrocm-rand7.14-gfx1152
  amdrocm-core-dev7.14-gfx1010    amdrocm-rand7.14-gfx1153
  amdrocm-core-dev7.14-gfx1011    amdrocm-rand7.14-gfx1200
  amdrocm-core-dev7.14-gfx1012    amdrocm-rand7.14-gfx1201
  amdrocm-core-dev7.14-gfx1030    amdrocm-rand7.14-gfx1250
  amdrocm-core-dev7.14-gfx1031    amdrocm-rand7.14-gfx908
  amdrocm-core-dev7.14-gfx1032    amdrocm-rand7.14-gfx90a
  amdrocm-core-dev7.14-gfx1033    amdrocm-rand7.14-gfx942
  amdrocm-core-dev7.14-gfx1034    amdrocm-rand7.14-gfx950
  amdrocm-core-dev7.14-gfx1035    amdrocm-rccl-dev7.14
  amdrocm-core-dev7.14-gfx1036    amdrocm-rccl-host7.14
  amdrocm-core-dev7.14-gfx1100    amdrocm-rccl7.14-gfx1010
  amdrocm-core-dev7.14-gfx1101    amdrocm-rccl7.14-gfx1011
  amdrocm-core-dev7.14-gfx1102    amdrocm-rccl7.14-gfx1012
  amdrocm-core-dev7.14-gfx1103    amdrocm-rccl7.14-gfx1030
  amdrocm-core-dev7.14-gfx1150    amdrocm-rccl7.14-gfx1031
  amdrocm-core-dev7.14-gfx1151    amdrocm-rccl7.14-gfx1032
  amdrocm-core-dev7.14-gfx1152    amdrocm-rccl7.14-gfx1033
  amdrocm-core-dev7.14-gfx1153    amdrocm-rccl7.14-gfx1034
  amdrocm-core-dev7.14-gfx1200    amdrocm-rccl7.14-gfx1035
  amdrocm-core-dev7.14-gfx1201    amdrocm-rccl7.14-gfx1036
  amdrocm-core-dev7.14-gfx1250    amdrocm-rccl7.14-gfx1100
  amdrocm-core-dev7.14-gfx908     amdrocm-rccl7.14-gfx1101
  amdrocm-core-dev7.14-gfx90a     amdrocm-rccl7.14-gfx1102
  amdrocm-core-dev7.14-gfx942     amdrocm-rccl7.14-gfx1151
  amdrocm-core-dev7.14-gfx950     amdrocm-rccl7.14-gfx1200
  amdrocm-core-sdk7.14-gfx1010    amdrocm-rccl7.14-gfx1201
  amdrocm-core-sdk7.14-gfx1011    amdrocm-rccl7.14-gfx1250
  amdrocm-core-sdk7.14-gfx1012    amdrocm-rccl7.14-gfx908
  amdrocm-core-sdk7.14-gfx1030    amdrocm-rccl7.14-gfx90a
  amdrocm-core-sdk7.14-gfx1031    amdrocm-rccl7.14-gfx942
  amdrocm-core-sdk7.14-gfx1032    amdrocm-rccl7.14-gfx950
  amdrocm-core-sdk7.14-gfx1033    amdrocm-rdc7.14
  amdrocm-core-sdk7.14-gfx1034    amdrocm-rocshmem-dev7.14
  amdrocm-core-sdk7.14-gfx1035    amdrocm-rocshmem7.14
  amdrocm-core-sdk7.14-gfx1036    amdrocm-runtime-dev7.14
  amdrocm-core-sdk7.14-gfx1100    amdrocm-runtime7.14
  amdrocm-core-sdk7.14-gfx1101    amdrocm-solver-dev7.14
  amdrocm-core-sdk7.14-gfx1102    amdrocm-solver-host7.14
  amdrocm-core-sdk7.14-gfx1103    amdrocm-solver7.14-gfx1010
  amdrocm-core-sdk7.14-gfx1150    amdrocm-solver7.14-gfx1011
  amdrocm-core-sdk7.14-gfx1151    amdrocm-solver7.14-gfx1012
  amdrocm-core-sdk7.14-gfx1152    amdrocm-solver7.14-gfx1030
  amdrocm-core-sdk7.14-gfx1153    amdrocm-solver7.14-gfx1031
  amdrocm-core-sdk7.14-gfx1200    amdrocm-solver7.14-gfx1032
  amdrocm-core-sdk7.14-gfx1201    amdrocm-solver7.14-gfx1033
  amdrocm-core-sdk7.14-gfx1250    amdrocm-solver7.14-gfx1034
  amdrocm-core-sdk7.14-gfx908     amdrocm-solver7.14-gfx1035
  amdrocm-core-sdk7.14-gfx90a     amdrocm-solver7.14-gfx1036
  amdrocm-core-sdk7.14-gfx942     amdrocm-solver7.14-gfx1100
  amdrocm-core-sdk7.14-gfx950     amdrocm-solver7.14-gfx1101
  amdrocm-core7.14-gfx1010        amdrocm-solver7.14-gfx1102
  amdrocm-core7.14-gfx1011        amdrocm-solver7.14-gfx1103
  amdrocm-core7.14-gfx1012        amdrocm-solver7.14-gfx1150
  amdrocm-core7.14-gfx1030        amdrocm-solver7.14-gfx1151
  amdrocm-core7.14-gfx1031        amdrocm-solver7.14-gfx1152
  amdrocm-core7.14-gfx1032        amdrocm-solver7.14-gfx1153
  amdrocm-core7.14-gfx1033        amdrocm-solver7.14-gfx1200
  amdrocm-core7.14-gfx1034        amdrocm-solver7.14-gfx1201
  amdrocm-core7.14-gfx1035        amdrocm-solver7.14-gfx1250
  amdrocm-core7.14-gfx1036        amdrocm-solver7.14-gfx908
  amdrocm-core7.14-gfx1100        amdrocm-solver7.14-gfx90a
  amdrocm-core7.14-gfx1101        amdrocm-solver7.14-gfx942
  amdrocm-core7.14-gfx1102        amdrocm-solver7.14-gfx950
  amdrocm-core7.14-gfx1103        amdrocm-sparse-dev7.14
  amdrocm-core7.14-gfx1150        amdrocm-sparse-host7.14
  amdrocm-core7.14-gfx1151        amdrocm-sparse7.14-gfx1010
  amdrocm-core7.14-gfx1152        amdrocm-sparse7.14-gfx1011
  amdrocm-core7.14-gfx1153        amdrocm-sparse7.14-gfx1012
  amdrocm-core7.14-gfx1200        amdrocm-sparse7.14-gfx1030
  amdrocm-core7.14-gfx1201        amdrocm-sparse7.14-gfx1031
  amdrocm-core7.14-gfx1250        amdrocm-sparse7.14-gfx1032
  amdrocm-core7.14-gfx908         amdrocm-sparse7.14-gfx1033
  amdrocm-core7.14-gfx90a         amdrocm-sparse7.14-gfx1034
  amdrocm-core7.14-gfx942         amdrocm-sparse7.14-gfx1035
  amdrocm-core7.14-gfx950         amdrocm-sparse7.14-gfx1036
  amdrocm-debugger7.14            amdrocm-sparse7.14-gfx1100
  amdrocm-decode-dev7.14          amdrocm-sparse7.14-gfx1101
  amdrocm-decode7.14              amdrocm-sparse7.14-gfx1102
  amdrocm-developer-tools7.14     amdrocm-sparse7.14-gfx1103
  amdrocm-dnn-dev7.14             amdrocm-sparse7.14-gfx1150
  amdrocm-dnn-host7.14            amdrocm-sparse7.14-gfx1151
  amdrocm-dnn7.14-gfx1030         amdrocm-sparse7.14-gfx1152
  amdrocm-dnn7.14-gfx1100         amdrocm-sparse7.14-gfx1153
  amdrocm-dnn7.14-gfx1101         amdrocm-sparse7.14-gfx1200
  amdrocm-dnn7.14-gfx1102         amdrocm-sparse7.14-gfx1201
  amdrocm-dnn7.14-gfx1150         amdrocm-sparse7.14-gfx1250
  amdrocm-dnn7.14-gfx1151         amdrocm-sparse7.14-gfx908
  amdrocm-dnn7.14-gfx1152         amdrocm-sparse7.14-gfx90a
  amdrocm-dnn7.14-gfx1153         amdrocm-sparse7.14-gfx942
  amdrocm-dnn7.14-gfx1200         amdrocm-sparse7.14-gfx950
  amdrocm-dnn7.14-gfx1201         amdrocm-sysdeps7.14
  amdrocm-dnn7.14-gfx908          g++-15-multilib
  amdrocm-dnn7.14-gfx90a          g++-multilib
  amdrocm-dnn7.14-gfx942          gcc-11-base
  amdrocm-dnn7.14-gfx950          gcc-15-multilib
  amdrocm-emulation7.14           gcc-multilib
  amdrocm-fft-dev7.14             lib32asan8
  amdrocm-fft-host7.14            lib32atomic1
  amdrocm-fft7.14-gfx1010         lib32gcc-15-dev
  amdrocm-fft7.14-gfx1011         lib32gcc-s1
  amdrocm-fft7.14-gfx1012         lib32gomp1
  amdrocm-fft7.14-gfx1030         lib32itm1
  amdrocm-fft7.14-gfx1031         lib32quadmath0
  amdrocm-fft7.14-gfx1032         lib32stdc++-15-dev
  amdrocm-fft7.14-gfx1033         lib32stdc++6
  amdrocm-fft7.14-gfx1034         lib32ubsan1
  amdrocm-fft7.14-gfx1035         libasan6
  amdrocm-fft7.14-gfx1036         libc6-dev-i386
  amdrocm-fft7.14-gfx1100         libc6-dev-x32
  amdrocm-fft7.14-gfx1101         libc6-i386
  amdrocm-fft7.14-gfx1102         libc6-x32
  amdrocm-fft7.14-gfx1103         libgcc-11-dev
  amdrocm-fft7.14-gfx1150         libstdc++-11-dev
  amdrocm-fft7.14-gfx1151         libtsan0
  amdrocm-fft7.14-gfx1152         libx32asan8
  amdrocm-fft7.14-gfx1153         libx32atomic1
  amdrocm-fft7.14-gfx1200         libx32gcc-15-dev
  amdrocm-fft7.14-gfx1201         libx32gcc-s1
  amdrocm-fft7.14-gfx1250         libx32gomp1
  amdrocm-fft7.14-gfx908          libx32itm1
  amdrocm-fft7.14-gfx90a          libx32quadmath0
  amdrocm-fft7.14-gfx942          libx32stdc++-15-dev
  amdrocm-fft7.14-gfx950          libx32stdc++6
  amdrocm-hipblas-common-dev7.14  libx32ubsan1

Suggested packages:
  lib32stdc++6-15-dbg  libx32stdc++6-15-dbg  libstdc++-11-doc

Summary:
  Upgrading: 0, Installing: 311, Removing: 0, Not Upgrading: 2
  Download size: 6,462 MB
  Space needed: 19.8 GB / 919 GB available

Get:1 http://de.archive.ubuntu.com/ubuntu resolute/universe amd64 gcc-11-base amd64 11.5.0-11ubuntu2 [23.8 kB]
Get:2 http://de.archive.ubuntu.com/ubuntu resolute/universe amd64 libasan6 amd64 11.5.0-11ubuntu2 [2,231 kB]
Get:3 http://de.archive.ubuntu.com/ubuntu resolute/universe amd64 libtsan0 amd64 11.5.0-11ubuntu2 [2,226 kB]
Get:4 http://de.archive.ubuntu.com/ubuntu resolute/universe amd64 libgcc-11-dev amd64 11.5.0-11ubuntu2 [2,475 kB]
Get:5 http://de.archive.ubuntu.com/ubuntu resolute/universe amd64 libstdc++-11-dev amd64 11.5.0-11ubuntu2 [2,393 kB]
Get:6 https://repo.amd.com/rocm/packages-multi-arch/ubuntu2604 stable/main amd64 amdrocm-sysdeps7.14 amd64 7.14.0-3 [13.9 MB]
Get:7 http://de.archive.ubuntu.com/ubuntu resolute-updates/main amd64 libc6-i386 amd64 2.43-2ubuntu2.3 [2,932 kB]
Get:8 http://de.archive.ubuntu.com/ubuntu resolute-updates/main amd64 libc6-dev-i386 amd64 2.43-2ubuntu2.3 [1,604 kB]
Get:9 http://de.archive.ubuntu.com/ubuntu resolute-updates/main amd64 libc6-x32 amd64 2.43-2ubuntu2.3 [3,054 kB]
Get:10 http://de.archive.ubuntu.com/ubuntu resolute-updates/main amd64 libc6-dev-x32 amd64 2.43-2ubuntu2.3 [1,785 kB]
Get:11 http://de.archive.ubuntu.com/ubuntu resolute/main amd64 lib32gcc-s1 amd64 16-20260322-1ubuntu1 [91.9 kB]
Get:12 http://de.archive.ubuntu.com/ubuntu resolute/main amd64 libx32gcc-s1 amd64 16-20260322-1ubuntu1 [79.4 kB]
Get:13 http://de.archive.ubuntu.com/ubuntu resolute/main amd64 lib32gomp1 amd64 16-20260322-1ubuntu1 [155 kB]
Get:14 http://de.archive.ubuntu.com/ubuntu resolute/main amd64 libx32gomp1 amd64 16-20260322-1ubuntu1 [160 kB]
Get:15 http://de.archive.ubuntu.com/ubuntu resolute/main amd64 lib32itm1 amd64 16-20260322-1ubuntu1 [30.2 kB]
Get:16 http://de.archive.ubuntu.com/ubuntu resolute/main amd64 libx32itm1 amd64 16-20260322-1ubuntu1 [30.3 kB]
Get:17 http://de.archive.ubuntu.com/ubuntu resolute/main amd64 lib32atomic1 amd64 16-20260322-1ubuntu1 [8,464 B]
Get:18 http://de.archive.ubuntu.com/ubuntu resolute/main amd64 libx32atomic1 amd64 16-20260322-1ubuntu1 [11.3 kB]
Get:19 http://de.archive.ubuntu.com/ubuntu resolute/main amd64 lib32asan8 amd64 16-20260322-1ubuntu1 [2,980 kB]
Get:20 http://de.archive.ubuntu.com/ubuntu resolute/main amd64 libx32asan8 amd64 16-20260322-1ubuntu1 [3,011 kB]
Get:21 http://de.archive.ubuntu.com/ubuntu resolute/main amd64 lib32stdc++6 amd64 16-20260322-1ubuntu1 [840 kB]
Get:22 http://de.archive.ubuntu.com/ubuntu resolute/main amd64 lib32ubsan1 amd64 16-20260322-1ubuntu1 [1,197 kB]
Get:23 http://de.archive.ubuntu.com/ubuntu resolute/main amd64 libx32stdc++6 amd64 16-20260322-1ubuntu1 [829 kB]
Get:24 http://de.archive.ubuntu.com/ubuntu resolute/main amd64 libx32ubsan1 amd64 16-20260322-1ubuntu1 [1,231 kB]
Get:25 http://de.archive.ubuntu.com/ubuntu resolute/main amd64 lib32quadmath0 amd64 16-20260322-1ubuntu1 [226 kB]
Get:26 http://de.archive.ubuntu.com/ubuntu resolute/main amd64 libx32quadmath0 amd64 16-20260322-1ubuntu1 [159 kB]
Get:27 http://de.archive.ubuntu.com/ubuntu resolute/main amd64 lib32gcc-15-dev amd64 15.2.0-16ubuntu1 [2,493 kB]
Get:28 http://de.archive.ubuntu.com/ubuntu resolute/main amd64 libx32gcc-15-dev amd64 15.2.0-16ubuntu1 [2,309 kB]
Get:29 http://de.archive.ubuntu.com/ubuntu resolute/main amd64 gcc-15-multilib amd64 15.2.0-16ubuntu1 [870 B]
Get:30 http://de.archive.ubuntu.com/ubuntu resolute/main amd64 lib32stdc++-15-dev amd64 15.2.0-16ubuntu1 [1,541 kB]
Get:31 http://de.archive.ubuntu.com/ubuntu resolute/main amd64 libx32stdc++-15-dev amd64 15.2.0-16ubuntu1 [1,469 kB]
Get:32 http://de.archive.ubuntu.com/ubuntu resolute/main amd64 g++-15-multilib amd64 15.2.0-16ubuntu1 [884 B]
Get:33 http://de.archive.ubuntu.com/ubuntu resolute/main amd64 gcc-multilib amd64 4:15.2.0-5ubuntu1 [1,548 B]
Get:34 http://de.archive.ubuntu.com/ubuntu resolute/main amd64 g++-multilib amd64 4:15.2.0-5ubuntu1 [884 B]
Get:35 https://repo.amd.com/rocm/packages-multi-arch/ubuntu2604 stable/main amd64 amdrocm-amdsmi7.14 amd64 7.14.0-3 [4,306 kB]
Get:36 https://repo.amd.com/rocm/packages-multi-arch/ubuntu2604 stable/main amd64 amdrocm-llvm7.14 amd64 7.14.0-3 [146 MB]
Get:37 https://repo.amd.com/rocm/packages-multi-arch/ubuntu2604 stable/main amd64 amdrocm-runtime7.14 amd64 7.14.0-3 [13.8 MB]
Get:38 https://repo.amd.com/rocm/packages-multi-arch/ubuntu2604 stable/main amd64 amdrocm-base7.14 amd64 7.14.0-3 [984 kB]
Get:39 https://repo.amd.com/rocm/packages-multi-arch/ubuntu2604 stable/main amd64 amdrocm-blas-dev7.14 amd64 7.14.0-3 [256 kB]
Get:40 https://repo.amd.com/rocm/packages-multi-arch/ubuntu2604 stable/main amd64 amdrocm-profiler-base7.14 amd64 7.14.0-3 [20.0 MB]
Get:41 https://repo.amd.com/rocm/packages-multi-arch/ubuntu2604 stable/main amd64 amdrocm-blas-host7.14 amd64 7.14.0-3 [17.8 MB]
Get:42 https://repo.amd.com/rocm/packages-multi-arch/ubuntu2604 stable/main amd64 amdrocm-math-common7.14 amd64 7.14.0-3 [15.0 MB]
Get:43 https://repo.amd.com/rocm/packages-multi-arch/ubuntu2604 stable/main amd64 amdrocm-solver-host7.14 amd64 7.14.0-3 [2,889 kB]
Get:44 https://repo.amd.com/rocm/packages-multi-arch/ubuntu2604 stable/main amd64 amdrocm-sparse-host7.14 amd64 7.14.0-3 [8,149 kB]
Get:45 https://repo.amd.com/rocm/packages-multi-arch/ubuntu2604 stable/main amd64 amdrocm-sparse7.14-gfx1010 amd64 7.14.0-3 [1,244 B]
Get:46 https://repo.amd.com/rocm/packages-multi-arch/ubuntu2604 stable/main amd64 amdrocm-solver7.14-gfx1010 amd64 7.14.0-3 [1,248 B]
Get:47 https://repo.amd.com/rocm/packages-multi-arch/ubuntu2604 stable/main amd64 amdrocm-blas7.14-gfx1010 amd64 7.14.0-3 [40.7 MB]
Get:48 https://repo.amd.com/rocm/packages-multi-arch/ubuntu2604 stable/main amd64 amdrocm-sparse7.14-gfx1011 amd64 7.14.0-3 [1,252 B]
Get:49 https://repo.amd.com/rocm/packages-multi-arch/ubuntu2604 stable/main amd64 amdrocm-solver7.14-gfx1011 amd64 7.14.0-3 [1,248 B]
Get:50 https://repo.amd.com/rocm/packages-multi-arch/ubuntu2604 stable/main amd64 amdrocm-blas7.14-gfx1011 amd64 7.14.0-3 [40.6 MB]
Get:51 https://repo.amd.com/rocm/packages-multi-arch/ubuntu2604 stable/main amd64 amdrocm-sparse7.14-gfx1012 amd64 7.14.0-3 [1,244 B]
Get:52 https://repo.amd.com/rocm/packages-multi-arch/ubuntu2604 stable/main amd64 amdrocm-solver7.14-gfx1012 amd64 7.14.0-3 [1,252 B]
Get:53 https://repo.amd.com/rocm/packages-multi-arch/ubuntu2604 stable/main amd64 amdrocm-blas7.14-gfx1012 amd64 7.14.0-3 [40.6 MB]
Get:54 https://repo.amd.com/rocm/packages-multi-arch/ubuntu2604 stable/main amd64 amdrocm-sparse7.14-gfx1030 amd64 7.14.0-3 [1,244 B]
Get:55 https://repo.amd.com/rocm/packages-multi-arch/ubuntu2604 stable/main amd64 amdrocm-solver7.14-gfx1030 amd64 7.14.0-3 [1,252 B]
Get:56 https://repo.amd.com/rocm/packages-multi-arch/ubuntu2604 stable/main amd64 amdrocm-blas7.14-gfx1030 amd64 7.14.0-3 [45.1 MB]
Get:57 https://repo.amd.com/rocm/packages-multi-arch/ubuntu2604 stable/main amd64 amdrocm-sparse7.14-gfx1031 amd64 7.14.0-3 [1,244 B]
Get:58 https://repo.amd.com/rocm/packages-multi-arch/ubuntu2604 stable/main amd64 amdrocm-solver7.14-gfx1031 amd64 7.14.0-3 [1,256 B]
Get:59 https://repo.amd.com/rocm/packages-multi-arch/ubuntu2604 stable/main amd64 amdrocm-blas7.14-gfx1031 amd64 7.14.0-3 [45.1 MB]
Get:60 https://repo.amd.com/rocm/packages-multi-arch/ubuntu2604 stable/main amd64 amdrocm-sparse7.14-gfx1032 amd64 7.14.0-3 [1,244 B]
Get:61 https://repo.amd.com/rocm/packages-multi-arch/ubuntu2604 stable/main amd64 amdrocm-solver7.14-gfx1032 amd64 7.14.0-3 [1,252 B]
Get:62 https://repo.amd.com/rocm/packages-multi-arch/ubuntu2604 stable/main amd64 amdrocm-blas7.14-gfx1032 amd64 7.14.0-3 [45.1 MB]
Get:63 https://repo.amd.com/rocm/packages-multi-arch/ubuntu2604 stable/main amd64 amdrocm-sparse7.14-gfx1033 amd64 7.14.0-3 [1,244 B]
Get:64 https://repo.amd.com/rocm/packages-multi-arch/ubuntu2604 stable/main amd64 amdrocm-solver7.14-gfx1033 amd64 7.14.0-3 [1,248 B]
Get:65 https://repo.amd.com/rocm/packages-multi-arch/ubuntu2604 stable/main amd64 amdrocm-blas7.14-gfx1033 amd64 7.14.0-3 [45.1 MB]
Get:66 https://repo.amd.com/rocm/packages-multi-arch/ubuntu2604 stable/main amd64 amdrocm-sparse7.14-gfx1034 amd64 7.14.0-3 [1,248 B]
Get:67 https://repo.amd.com/rocm/packages-multi-arch/ubuntu2604 stable/main amd64 amdrocm-solver7.14-gfx1034 amd64 7.14.0-3 [1,252 B]
Get:68 https://repo.amd.com/rocm/packages-multi-arch/ubuntu2604 stable/main amd64 amdrocm-blas7.14-gfx1034 amd64 7.14.0-3 [45.1 MB]
Get:69 https://repo.amd.com/rocm/packages-multi-arch/ubuntu2604 stable/main amd64 amdrocm-sparse7.14-gfx1035 amd64 7.14.0-3 [1,244 B]
Get:70 https://repo.amd.com/rocm/packages-multi-arch/ubuntu2604 stable/main amd64 amdrocm-solver7.14-gfx1035 amd64 7.14.0-3 [1,244 B]
Get:71 https://repo.amd.com/rocm/packages-multi-arch/ubuntu2604 stable/main amd64 amdrocm-blas7.14-gfx1035 amd64 7.14.0-3 [45.1 MB]
Get:72 https://repo.amd.com/rocm/packages-multi-arch/ubuntu2604 stable/main amd64 amdrocm-sparse7.14-gfx1036 amd64 7.14.0-3 [1,248 B]
Get:73 https://repo.amd.com/rocm/packages-multi-arch/ubuntu2604 stable/main amd64 amdrocm-solver7.14-gfx1036 amd64 7.14.0-3 [1,244 B]
Get:74 https://repo.amd.com/rocm/packages-multi-arch/ubuntu2604 stable/main amd64 amdrocm-blas7.14-gfx1036 amd64 7.14.0-3 [45.1 MB]
Get:75 https://repo.amd.com/rocm/packages-multi-arch/ubuntu2604 stable/main amd64 amdrocm-sparse7.14-gfx1100 amd64 7.14.0-3 [1,244 B]
Get:76 https://repo.amd.com/rocm/packages-multi-arch/ubuntu2604 stable/main amd64 amdrocm-solver7.14-gfx1100 amd64 7.14.0-3 [1,248 B]
Get:77 https://repo.amd.com/rocm/packages-multi-arch/ubuntu2604 stable/main amd64 amdrocm-blas7.14-gfx1100 amd64 7.14.0-3 [53.1 MB]
Get:78 https://repo.amd.com/rocm/packages-multi-arch/ubuntu2604 stable/main amd64 amdrocm-sparse7.14-gfx1101 amd64 7.14.0-3 [1,244 B]
Get:79 https://repo.amd.com/rocm/packages-multi-arch/ubuntu2604 stable/main amd64 amdrocm-solver7.14-gfx1101 amd64 7.14.0-3 [1,252 B]
Get:80 https://repo.amd.com/rocm/packages-multi-arch/ubuntu2604 stable/main amd64 amdrocm-blas7.14-gfx1101 amd64 7.14.0-3 [50.0 MB]
Get:81 https://repo.amd.com/rocm/packages-multi-arch/ubuntu2604 stable/main amd64 amdrocm-sparse7.14-gfx1102 amd64 7.14.0-3 [1,244 B]
Get:82 https://repo.amd.com/rocm/packages-multi-arch/ubuntu2604 stable/main amd64 amdrocm-solver7.14-gfx1102 amd64 7.14.0-3 [1,248 B]
Get:83 https://repo.amd.com/rocm/packages-multi-arch/ubuntu2604 stable/main amd64 amdrocm-blas7.14-gfx1102 amd64 7.14.0-3 [48.3 MB]
Get:84 https://repo.amd.com/rocm/packages-multi-arch/ubuntu2604 stable/main amd64 amdrocm-sparse7.14-gfx1103 amd64 7.14.0-3 [1,244 B]
Get:85 https://repo.amd.com/rocm/packages-multi-arch/ubuntu2604 stable/main amd64 amdrocm-solver7.14-gfx1103 amd64 7.14.0-3 [1,248 B]
Get:86 https://repo.amd.com/rocm/packages-multi-arch/ubuntu2604 stable/main amd64 amdrocm-blas7.14-gfx1103 amd64 7.14.0-3 [48.1 MB]
Get:87 https://repo.amd.com/rocm/packages-multi-arch/ubuntu2604 stable/main amd64 amdrocm-sparse7.14-gfx1150 amd64 7.14.0-3 [1,244 B]
Get:88 https://repo.amd.com/rocm/packages-multi-arch/ubuntu2604 stable/main amd64 amdrocm-solver7.14-gfx1150 amd64 7.14.0-3 [1,248 B]
Get:89 https://repo.amd.com/rocm/packages-multi-arch/ubuntu2604 stable/main amd64 amdrocm-blas7.14-gfx1150 amd64 7.14.0-3 [48.2 MB]
Get:90 https://repo.amd.com/rocm/packages-multi-arch/ubuntu2604 stable/main amd64 amdrocm-sparse7.14-gfx1151 amd64 7.14.0-3 [1,248 B]
Get:91 https://repo.amd.com/rocm/packages-multi-arch/ubuntu2604 stable/main amd64 amdrocm-solver7.14-gfx1151 amd64 7.14.0-3 [1,252 B]
Get:92 https://repo.amd.com/rocm/packages-multi-arch/ubuntu2604 stable/main amd64 amdrocm-blas7.14-gfx1151 amd64 7.14.0-3 [53.1 MB]
Get:93 https://repo.amd.com/rocm/packages-multi-arch/ubuntu2604 stable/main amd64 amdrocm-sparse7.14-gfx1152 amd64 7.14.0-3 [1,248 B]
Get:94 https://repo.amd.com/rocm/packages-multi-arch/ubuntu2604 stable/main amd64 amdrocm-solver7.14-gfx1152 amd64 7.14.0-3 [1,248 B]
Get:95 https://repo.amd.com/rocm/packages-multi-arch/ubuntu2604 stable/main amd64 amdrocm-blas7.14-gfx1152 amd64 7.14.0-3 [48.0 MB]
Get:96 https://repo.amd.com/rocm/packages-multi-arch/ubuntu2604 stable/main amd64 amdrocm-sparse7.14-gfx1153 amd64 7.14.0-3 [1,244 B]
Get:97 https://repo.amd.com/rocm/packages-multi-arch/ubuntu2604 stable/main amd64 amdrocm-solver7.14-gfx1153 amd64 7.14.0-3 [1,248 B]
Get:98 https://repo.amd.com/rocm/packages-multi-arch/ubuntu2604 stable/main amd64 amdrocm-blas7.14-gfx1153 amd64 7.14.0-3 [48.2 MB]
Get:99 https://repo.amd.com/rocm/packages-multi-arch/ubuntu2604 stable/main amd64 amdrocm-sparse7.14-gfx1200 amd64 7.14.0-3 [1,252 B]
Get:100 https://repo.amd.com/rocm/packages-multi-arch/ubuntu2604 stable/main amd64 amdrocm-solver7.14-gfx1200 amd64 7.14.0-3 [1,252 B]
Get:101 https://repo.amd.com/rocm/packages-multi-arch/ubuntu2604 stable/main amd64 amdrocm-blas7.14-gfx1200 amd64 7.14.0-3 [268 MB]
Get:102 https://repo.amd.com/rocm/packages-multi-arch/ubuntu2604 stable/main amd64 amdrocm-sparse7.14-gfx1201 amd64 7.14.0-3 [1,240 B]
Get:103 https://repo.amd.com/rocm/packages-multi-arch/ubuntu2604 stable/main amd64 amdrocm-solver7.14-gfx1201 amd64 7.14.0-3 [1,252 B]
Get:104 https://repo.amd.com/rocm/packages-multi-arch/ubuntu2604 stable/main amd64 amdrocm-blas7.14-gfx1201 amd64 7.14.0-3 [205 MB]
Get:105 https://repo.amd.com/rocm/packages-multi-arch/ubuntu2604 stable/main amd64 amdrocm-sparse7.14-gfx1250 amd64 7.14.0-3 [1,248 B]
Get:106 https://repo.amd.com/rocm/packages-multi-arch/ubuntu2604 stable/main amd64 amdrocm-solver7.14-gfx1250 amd64 7.14.0-3 [1,248 B]
Get:107 https://repo.amd.com/rocm/packages-multi-arch/ubuntu2604 stable/main amd64 amdrocm-blas7.14-gfx1250 amd64 7.14.0-3 [44.4 MB]
Get:108 https://repo.amd.com/rocm/packages-multi-arch/ubuntu2604 stable/main amd64 amdrocm-sparse7.14-gfx908 amd64 7.14.0-3 [1,244 B]
Get:109 https://repo.amd.com/rocm/packages-multi-arch/ubuntu2604 stable/main amd64 amdrocm-solver7.14-gfx908 amd64 7.14.0-3 [1,248 B]
Get:110 https://repo.amd.com/rocm/packages-multi-arch/ubuntu2604 stable/main amd64 amdrocm-blas7.14-gfx908 amd64 7.14.0-3 [50.6 MB]
Get:111 https://repo.amd.com/rocm/packages-multi-arch/ubuntu2604 stable/main amd64 amdrocm-sparse7.14-gfx90a amd64 7.14.0-3 [1,248 B]
Get:112 https://repo.amd.com/rocm/packages-multi-arch/ubuntu2604 stable/main amd64 amdrocm-solver7.14-gfx90a amd64 7.14.0-3 [1,244 B]
Get:113 https://repo.amd.com/rocm/packages-multi-arch/ubuntu2604 stable/main amd64 amdrocm-blas7.14-gfx90a amd64 7.14.0-3 [139 MB]
Get:114 https://repo.amd.com/rocm/packages-multi-arch/ubuntu2604 stable/main amd64 amdrocm-sparse7.14-gfx942 amd64 7.14.0-3 [1,244 B]
Get:115 https://repo.amd.com/rocm/packages-multi-arch/ubuntu2604 stable/main amd64 amdrocm-solver7.14-gfx942 amd64 7.14.0-3 [1,248 B]
Get:116 https://repo.amd.com/rocm/packages-multi-arch/ubuntu2604 stable/main amd64 amdrocm-blas7.14-gfx942 amd64 7.14.0-3 [1,368 MB]
Get:117 https://repo.amd.com/rocm/packages-multi-arch/ubuntu2604 stable/main amd64 amdrocm-sparse7.14-gfx950 amd64 7.14.0-3 [1,244 B]
Get:118 https://repo.amd.com/rocm/packages-multi-arch/ubuntu2604 stable/main amd64 amdrocm-solver7.14-gfx950 amd64 7.14.0-3 [1,248 B]
Get:119 https://repo.amd.com/rocm/packages-multi-arch/ubuntu2604 stable/main amd64 amdrocm-blas7.14-gfx950 amd64 7.14.0-3 [503 MB]
Get:120 https://repo.amd.com/rocm/packages-multi-arch/ubuntu2604 stable/main amd64 amdrocm-ccl-dev7.14 amd64 7.14.0-3 [1,699 kB]
Get:121 https://repo.amd.com/rocm/packages-multi-arch/ubuntu2604 stable/main amd64 amdrocm-ck7.14 amd64 7.14.0-3 [183 MB]
Get:122 https://repo.amd.com/rocm/packages-multi-arch/ubuntu2604 stable/main amd64 amdrocm-debugger7.14 amd64 7.14.0-3 [25.0 MB]
Get:123 https://repo.amd.com/rocm/packages-multi-arch/ubuntu2604 stable/main amd64 amdrocm-rand-host7.14 amd64 7.14.0-3 [17.5 MB]
Get:124 https://repo.amd.com/rocm/packages-multi-arch/ubuntu2604 stable/main amd64 amdrocm-rand7.14-gfx1010 amd64 7.14.0-3 [1,317 kB]
Get:125 https://repo.amd.com/rocm/packages-multi-arch/ubuntu2604 stable/main amd64 amdrocm-fft-host7.14 amd64 7.14.0-3 [2,776 kB]
Get:126 https://repo.amd.com/rocm/packages-multi-arch/ubuntu2604 stable/main amd64 amdrocm-fft7.14-gfx1010 amd64 7.14.0-3 [3,992 B]
Get:127 https://repo.amd.com/rocm/packages-multi-arch/ubuntu2604 stable/main amd64 amdrocm-rccl-host7.14 amd64 7.14.0-3 [1,073 kB]
Get:128 https://repo.amd.com/rocm/packages-multi-arch/ubuntu2604 stable/main amd64 amdrocm-rccl7.14-gfx1010 amd64 7.14.0-3 [16.5 MB]
Get:129 https://repo.amd.com/rocm/packages-multi-arch/ubuntu2604 stable/main amd64 amdrocm-rocshmem7.14 amd64 7.14.0-3 [36.4 MB]
Get:130 https://repo.amd.com/rocm/packages-multi-arch/ubuntu2604 stable/main amd64 amdrocm-hipify7.14 amd64 7.14.0-3 [13.3 MB]
Get:131 https://repo.amd.com/rocm/packages-multi-arch/ubuntu2604 stable/main amd64 amdrocm-hipfile7.14 amd64 7.14.0-3 [182 kB]
Get:132 https://repo.amd.com/rocm/packages-multi-arch/ubuntu2604 stable/main amd64 amdrocm-decode7.14 amd64 7.14.0-3 [755 kB]
Get:133 https://repo.amd.com/rocm/packages-multi-arch/ubuntu2604 stable/main amd64 amdrocm-jpeg7.14 amd64 7.14.0-3 [254 kB]
Get:134 https://repo.amd.com/rocm/packages-multi-arch/ubuntu2604 stable/main amd64 amdrocm-core7.14-gfx1010 amd64 7.14.0-3 [2,928 B]
Get:135 https://repo.amd.com/rocm/packages-multi-arch/ubuntu2604 stable/main amd64 amdrocm-llvm-dev7.14 amd64 7.14.0-3 [148 MB]
Get:136 https://repo.amd.com/rocm/packages-multi-arch/ubuntu2604 stable/main amd64 amdrocm-runtime-dev7.14 amd64 7.14.0-3 [506 kB]
Get:137 https://repo.amd.com/rocm/packages-multi-arch/ubuntu2604 stable/main amd64 amdrocm-fft-dev7.14 amd64 7.14.0-3 [22.2 kB]
Get:138 https://repo.amd.com/rocm/packages-multi-arch/ubuntu2604 stable/main amd64 amdrocm-sparse-dev7.14 amd64 7.14.0-3 [159 kB]
Get:139 https://repo.amd.com/rocm/packages-multi-arch/ubuntu2604 stable/main amd64 amdrocm-solver-dev7.14 amd64 7.14.0-3 [71.9 kB]
Get:140 https://repo.amd.com/rocm/packages-multi-arch/ubuntu2604 stable/main amd64 amdrocm-rand-dev7.14 amd64 7.14.0-3 [555 kB]
Get:141 https://repo.amd.com/rocm/packages-multi-arch/ubuntu2604 stable/main amd64 amdrocm-opencl7.14 amd64 7.14.0-3 [809 kB]
Get:142 https://repo.amd.com/rocm/packages-multi-arch/ubuntu2604 stable/main amd64 amdrocm-opencl-dev7.14 amd64 7.14.0-3 [73.8 kB]
Get:143 https://repo.amd.com/rocm/packages-multi-arch/ubuntu2604 stable/main amd64 amdrocm-hipblas-common-dev7.14 amd64 7.14.0-3 [6,104 B]
Get:144 https://repo.amd.com/rocm/packages-multi-arch/ubuntu2604 stable/main amd64 amdrocm-rccl-dev7.14 amd64 7.14.0-3 [70.8 kB]
Get:145 https://repo.amd.com/rocm/packages-multi-arch/ubuntu2604 stable/main amd64 amdrocm-rocshmem-dev7.14 amd64 7.14.0-3 [2,912 kB]
Get:146 https://repo.amd.com/rocm/packages-multi-arch/ubuntu2604 stable/main amd64 amdrocm-dnn-dev7.14 amd64 7.14.0-3 [1,164 kB]
Get:147 https://repo.amd.com/rocm/packages-multi-arch/ubuntu2604 stable/main amd64 amdrocm-hipfile-dev7.14 amd64 7.14.0-3 [13.3 kB]
Get:148 https://repo.amd.com/rocm/packages-multi-arch/ubuntu2604 stable/main amd64 amdrocm-decode-dev7.14 amd64 7.14.0-3 [25.8 kB]
Get:149 https://repo.amd.com/rocm/packages-multi-arch/ubuntu2604 stable/main amd64 amdrocm-jpeg-dev7.14 amd64 7.14.0-3 [9,528 B]
Get:150 https://repo.amd.com/rocm/packages-multi-arch/ubuntu2604 stable/main amd64 amdrocm-core-dev7.14-gfx1010 amd64 7.14.0-3 [2,588 B]
Get:151 https://repo.amd.com/rocm/packages-multi-arch/ubuntu2604 stable/main amd64 amdrocm-rand7.14-gfx1011 amd64 7.14.0-3 [1,317 kB]
Get:152 https://repo.amd.com/rocm/packages-multi-arch/ubuntu2604 stable/main amd64 amdrocm-fft7.14-gfx1011 amd64 7.14.0-3 [4,000 B]
Get:153 https://repo.amd.com/rocm/packages-multi-arch/ubuntu2604 stable/main amd64 amdrocm-rccl7.14-gfx1011 amd64 7.14.0-3 [16.5 MB]
Get:154 https://repo.amd.com/rocm/packages-multi-arch/ubuntu2604 stable/main amd64 amdrocm-core7.14-gfx1011 amd64 7.14.0-3 [2,928 B]
Get:155 https://repo.amd.com/rocm/packages-multi-arch/ubuntu2604 stable/main amd64 amdrocm-core-dev7.14-gfx1011 amd64 7.14.0-3 [2,584 B]
Get:156 https://repo.amd.com/rocm/packages-multi-arch/ubuntu2604 stable/main amd64 amdrocm-rand7.14-gfx1012 amd64 7.14.0-3 [1,316 kB]
Get:157 https://repo.amd.com/rocm/packages-multi-arch/ubuntu2604 stable/main amd64 amdrocm-fft7.14-gfx1012 amd64 7.14.0-3 [3,996 B]
Get:158 https://repo.amd.com/rocm/packages-multi-arch/ubuntu2604 stable/main amd64 amdrocm-rccl7.14-gfx1012 amd64 7.14.0-3 [16.5 MB]
Get:159 https://repo.amd.com/rocm/packages-multi-arch/ubuntu2604 stable/main amd64 amdrocm-core7.14-gfx1012 amd64 7.14.0-3 [2,924 B]
Get:160 https://repo.amd.com/rocm/packages-multi-arch/ubuntu2604 stable/main amd64 amdrocm-core-dev7.14-gfx1012 amd64 7.14.0-3 [2,580 B]
Get:161 https://repo.amd.com/rocm/packages-multi-arch/ubuntu2604 stable/main amd64 amdrocm-rand7.14-gfx1030 amd64 7.14.0-3 [1,321 kB]
Get:162 https://repo.amd.com/rocm/packages-multi-arch/ubuntu2604 stable/main amd64 amdrocm-fft7.14-gfx1030 amd64 7.14.0-3 [3,960 B]
Get:163 https://repo.amd.com/rocm/packages-multi-arch/ubuntu2604 stable/main amd64 amdrocm-dnn-host7.14 amd64 7.14.0-3 [10.9 MB]
Get:164 https://repo.amd.com/rocm/packages-multi-arch/ubuntu2604 stable/main amd64 amdrocm-dnn7.14-gfx1030 amd64 7.14.0-3 [393 MB]
Get:165 https://repo.amd.com/rocm/packages-multi-arch/ubuntu2604 stable/main amd64 amdrocm-rccl7.14-gfx1030 amd64 7.14.0-3 [16.6 MB]
Get:166 https://repo.amd.com/rocm/packages-multi-arch/ubuntu2604 stable/main amd64 amdrocm-core7.14-gfx1030 amd64 7.14.0-3 [2,928 B]
Get:167 https://repo.amd.com/rocm/packages-multi-arch/ubuntu2604 stable/main amd64 amdrocm-core-dev7.14-gfx1030 amd64 7.14.0-3 [2,584 B]
Get:168 https://repo.amd.com/rocm/packages-multi-arch/ubuntu2604 stable/main amd64 amdrocm-rand7.14-gfx1031 amd64 7.14.0-3 [1,303 kB]
Get:169 https://repo.amd.com/rocm/packages-multi-arch/ubuntu2604 stable/main amd64 amdrocm-fft7.14-gfx1031 amd64 7.14.0-3 [3,960 B]
Get:170 https://repo.amd.com/rocm/packages-multi-arch/ubuntu2604 stable/main amd64 amdrocm-rccl7.14-gfx1031 amd64 7.14.0-3 [16.6 MB]
Get:171 https://repo.amd.com/rocm/packages-multi-arch/ubuntu2604 stable/main amd64 amdrocm-core7.14-gfx1031 amd64 7.14.0-3 [2,928 B]
Get:172 https://repo.amd.com/rocm/packages-multi-arch/ubuntu2604 stable/main amd64 amdrocm-core-dev7.14-gfx1031 amd64 7.14.0-3 [2,584 B]
Get:173 https://repo.amd.com/rocm/packages-multi-arch/ubuntu2604 stable/main amd64 amdrocm-rand7.14-gfx1032 amd64 7.14.0-3 [1,303 kB]
Get:174 https://repo.amd.com/rocm/packages-multi-arch/ubuntu2604 stable/main amd64 amdrocm-fft7.14-gfx1032 amd64 7.14.0-3 [3,960 B]
Get:175 https://repo.amd.com/rocm/packages-multi-arch/ubuntu2604 stable/main amd64 amdrocm-rccl7.14-gfx1032 amd64 7.14.0-3 [16.6 MB]
Get:176 https://repo.amd.com/rocm/packages-multi-arch/ubuntu2604 stable/main amd64 amdrocm-core7.14-gfx1032 amd64 7.14.0-3 [2,928 B]
Get:177 https://repo.amd.com/rocm/packages-multi-arch/ubuntu2604 stable/main amd64 amdrocm-core-dev7.14-gfx1032 amd64 7.14.0-3 [2,584 B]
Get:178 https://repo.amd.com/rocm/packages-multi-arch/ubuntu2604 stable/main amd64 amdrocm-rand7.14-gfx1033 amd64 7.14.0-3 [1,303 kB]
Get:179 https://repo.amd.com/rocm/packages-multi-arch/ubuntu2604 stable/main amd64 amdrocm-fft7.14-gfx1033 amd64 7.14.0-3 [3,968 B]
Get:180 https://repo.amd.com/rocm/packages-multi-arch/ubuntu2604 stable/main amd64 amdrocm-rccl7.14-gfx1033 amd64 7.14.0-3 [16.6 MB]
Get:181 https://repo.amd.com/rocm/packages-multi-arch/ubuntu2604 stable/main amd64 amdrocm-core7.14-gfx1033 amd64 7.14.0-3 [2,928 B]
Get:182 https://repo.amd.com/rocm/packages-multi-arch/ubuntu2604 stable/main amd64 amdrocm-core-dev7.14-gfx1033 amd64 7.14.0-3 [2,584 B]
Get:183 https://repo.amd.com/rocm/packages-multi-arch/ubuntu2604 stable/main amd64 amdrocm-rand7.14-gfx1034 amd64 7.14.0-3 [1,303 kB]
Get:184 https://repo.amd.com/rocm/packages-multi-arch/ubuntu2604 stable/main amd64 amdrocm-fft7.14-gfx1034 amd64 7.14.0-3 [3,964 B]
Get:185 https://repo.amd.com/rocm/packages-multi-arch/ubuntu2604 stable/main amd64 amdrocm-rccl7.14-gfx1034 amd64 7.14.0-3 [16.6 MB]
Get:186 https://repo.amd.com/rocm/packages-multi-arch/ubuntu2604 stable/main amd64 amdrocm-core7.14-gfx1034 amd64 7.14.0-3 [2,928 B]
Get:187 https://repo.amd.com/rocm/packages-multi-arch/ubuntu2604 stable/main amd64 amdrocm-core-dev7.14-gfx1034 amd64 7.14.0-3 [2,584 B]
Get:188 https://repo.amd.com/rocm/packages-multi-arch/ubuntu2604 stable/main amd64 amdrocm-rand7.14-gfx1035 amd64 7.14.0-3 [1,303 kB]
Get:189 https://repo.amd.com/rocm/packages-multi-arch/ubuntu2604 stable/main amd64 amdrocm-fft7.14-gfx1035 amd64 7.14.0-3 [3,968 B]
Get:190 https://repo.amd.com/rocm/packages-multi-arch/ubuntu2604 stable/main amd64 amdrocm-rccl7.14-gfx1035 amd64 7.14.0-3 [16.6 MB]
Get:191 https://repo.amd.com/rocm/packages-multi-arch/ubuntu2604 stable/main amd64 amdrocm-core7.14-gfx1035 amd64 7.14.0-3 [2,924 B]
Get:192 https://repo.amd.com/rocm/packages-multi-arch/ubuntu2604 stable/main amd64 amdrocm-core-dev7.14-gfx1035 amd64 7.14.0-3 [2,584 B]
Get:193 https://repo.amd.com/rocm/packages-multi-arch/ubuntu2604 stable/main amd64 amdrocm-rand7.14-gfx1036 amd64 7.14.0-3 [1,303 kB]
Get:194 https://repo.amd.com/rocm/packages-multi-arch/ubuntu2604 stable/main amd64 amdrocm-fft7.14-gfx1036 amd64 7.14.0-3 [3,964 B]
Get:195 https://repo.amd.com/rocm/packages-multi-arch/ubuntu2604 stable/main amd64 amdrocm-rccl7.14-gfx1036 amd64 7.14.0-3 [16.6 MB]
Get:196 https://repo.amd.com/rocm/packages-multi-arch/ubuntu2604 stable/main amd64 amdrocm-core7.14-gfx1036 amd64 7.14.0-3 [2,928 B]
Get:197 https://repo.amd.com/rocm/packages-multi-arch/ubuntu2604 stable/main amd64 amdrocm-core-dev7.14-gfx1036 amd64 7.14.0-3 [2,588 B]
Get:198 https://repo.amd.com/rocm/packages-multi-arch/ubuntu2604 stable/main amd64 amdrocm-rand7.14-gfx1100 amd64 7.14.0-3 [1,436 kB]
Get:199 https://repo.amd.com/rocm/packages-multi-arch/ubuntu2604 stable/main amd64 amdrocm-fft7.14-gfx1100 amd64 7.14.0-3 [3,960 B]
Get:200 https://repo.amd.com/rocm/packages-multi-arch/ubuntu2604 stable/main amd64 amdrocm-dnn7.14-gfx1100 amd64 7.14.0-3 [112 MB]
Get:201 https://repo.amd.com/rocm/packages-multi-arch/ubuntu2604 stable/main amd64 amdrocm-rccl7.14-gfx1100 amd64 7.14.0-3 [19.5 MB]
Get:202 https://repo.amd.com/rocm/packages-multi-arch/ubuntu2604 stable/main amd64 amdrocm-core7.14-gfx1100 amd64 7.14.0-3 [2,932 B]
Get:203 https://repo.amd.com/rocm/packages-multi-arch/ubuntu2604 stable/main amd64 amdrocm-core-dev7.14-gfx1100 amd64 7.14.0-3 [2,584 B]
Get:204 https://repo.amd.com/rocm/packages-multi-arch/ubuntu2604 stable/main amd64 amdrocm-rand7.14-gfx1101 amd64 7.14.0-3 [1,420 kB]
Get:205 https://repo.amd.com/rocm/packages-multi-arch/ubuntu2604 stable/main amd64 amdrocm-fft7.14-gfx1101 amd64 7.14.0-3 [3,960 B]
Get:206 https://repo.amd.com/rocm/packages-multi-arch/ubuntu2604 stable/main amd64 amdrocm-dnn7.14-gfx1101 amd64 7.14.0-3 [112 MB]
Get:207 https://repo.amd.com/rocm/packages-multi-arch/ubuntu2604 stable/main amd64 amdrocm-rccl7.14-gfx1101 amd64 7.14.0-3 [19.5 MB]
Get:208 https://repo.amd.com/rocm/packages-multi-arch/ubuntu2604 stable/main amd64 amdrocm-core7.14-gfx1101 amd64 7.14.0-3 [2,928 B]
Get:209 https://repo.amd.com/rocm/packages-multi-arch/ubuntu2604 stable/main amd64 amdrocm-core-dev7.14-gfx1101 amd64 7.14.0-3 [2,584 B]
Get:210 https://repo.amd.com/rocm/packages-multi-arch/ubuntu2604 stable/main amd64 amdrocm-rand7.14-gfx1102 amd64 7.14.0-3 [1,418 kB]
Get:211 https://repo.amd.com/rocm/packages-multi-arch/ubuntu2604 stable/main amd64 amdrocm-fft7.14-gfx1102 amd64 7.14.0-3 [3,960 B]
Get:212 https://repo.amd.com/rocm/packages-multi-arch/ubuntu2604 stable/main amd64 amdrocm-dnn7.14-gfx1102 amd64 7.14.0-3 [112 MB]
Get:213 https://repo.amd.com/rocm/packages-multi-arch/ubuntu2604 stable/main amd64 amdrocm-rccl7.14-gfx1102 amd64 7.14.0-3 [19.4 MB]
Get:214 https://repo.amd.com/rocm/packages-multi-arch/ubuntu2604 stable/main amd64 amdrocm-core7.14-gfx1102 amd64 7.14.0-3 [2,928 B]
Get:215 https://repo.amd.com/rocm/packages-multi-arch/ubuntu2604 stable/main amd64 amdrocm-core-dev7.14-gfx1102 amd64 7.14.0-3 [2,584 B]
Get:216 https://repo.amd.com/rocm/packages-multi-arch/ubuntu2604 stable/main amd64 amdrocm-rand7.14-gfx1103 amd64 7.14.0-3 [1,404 kB]
Get:217 https://repo.amd.com/rocm/packages-multi-arch/ubuntu2604 stable/main amd64 amdrocm-fft7.14-gfx1103 amd64 7.14.0-3 [3,948 B]
Get:218 https://repo.amd.com/rocm/packages-multi-arch/ubuntu2604 stable/main amd64 amdrocm-core7.14-gfx1103 amd64 7.14.0-3 [2,928 B]
Get:219 https://repo.amd.com/rocm/packages-multi-arch/ubuntu2604 stable/main amd64 amdrocm-core-dev7.14-gfx1103 amd64 7.14.0-3 [2,584 B]
Get:220 https://repo.amd.com/rocm/packages-multi-arch/ubuntu2604 stable/main amd64 amdrocm-rand7.14-gfx1150 amd64 7.14.0-3 [1,499 kB]
Get:221 https://repo.amd.com/rocm/packages-multi-arch/ubuntu2604 stable/main amd64 amdrocm-fft7.14-gfx1150 amd64 7.14.0-3 [3,956 B]
Get:222 https://repo.amd.com/rocm/packages-multi-arch/ubuntu2604 stable/main amd64 amdrocm-dnn7.14-gfx1150 amd64 7.14.0-3 [69.9 MB]
Get:223 https://repo.amd.com/rocm/packages-multi-arch/ubuntu2604 stable/main amd64 amdrocm-core7.14-gfx1150 amd64 7.14.0-3 [2,928 B]
Get:224 https://repo.amd.com/rocm/packages-multi-arch/ubuntu2604 stable/main amd64 amdrocm-core-dev7.14-gfx1150 amd64 7.14.0-3 [2,584 B]
Get:225 https://repo.amd.com/rocm/packages-multi-arch/ubuntu2604 stable/main amd64 amdrocm-rand7.14-gfx1151 amd64 7.14.0-3 [1,415 kB]
Get:226 https://repo.amd.com/rocm/packages-multi-arch/ubuntu2604 stable/main amd64 amdrocm-fft7.14-gfx1151 amd64 7.14.0-3 [3,968 B]
Get:227 https://repo.amd.com/rocm/packages-multi-arch/ubuntu2604 stable/main amd64 amdrocm-dnn7.14-gfx1151 amd64 7.14.0-3 [70.0 MB]
Get:228 https://repo.amd.com/rocm/packages-multi-arch/ubuntu2604 stable/main amd64 amdrocm-rccl7.14-gfx1151 amd64 7.14.0-3 [19.5 MB]
Get:229 https://repo.amd.com/rocm/packages-multi-arch/ubuntu2604 stable/main amd64 amdrocm-core7.14-gfx1151 amd64 7.14.0-3 [2,928 B]
Get:230 https://repo.amd.com/rocm/packages-multi-arch/ubuntu2604 stable/main amd64 amdrocm-core-dev7.14-gfx1151 amd64 7.14.0-3 [2,584 B]
Get:231 https://repo.amd.com/rocm/packages-multi-arch/ubuntu2604 stable/main amd64 amdrocm-rand7.14-gfx1152 amd64 7.14.0-3 [1,402 kB]
Get:232 https://repo.amd.com/rocm/packages-multi-arch/ubuntu2604 stable/main amd64 amdrocm-fft7.14-gfx1152 amd64 7.14.0-3 [3,972 B]
Get:233 https://repo.amd.com/rocm/packages-multi-arch/ubuntu2604 stable/main amd64 amdrocm-dnn7.14-gfx1152 amd64 7.14.0-3 [70.0 MB]
Get:234 https://repo.amd.com/rocm/packages-multi-arch/ubuntu2604 stable/main amd64 amdrocm-core7.14-gfx1152 amd64 7.14.0-3 [2,924 B]
Get:235 https://repo.amd.com/rocm/packages-multi-arch/ubuntu2604 stable/main amd64 amdrocm-core-dev7.14-gfx1152 amd64 7.14.0-3 [2,584 B]
Get:236 https://repo.amd.com/rocm/packages-multi-arch/ubuntu2604 stable/main amd64 amdrocm-rand7.14-gfx1153 amd64 7.14.0-3 [1,401 kB]
Get:237 https://repo.amd.com/rocm/packages-multi-arch/ubuntu2604 stable/main amd64 amdrocm-fft7.14-gfx1153 amd64 7.14.0-3 [3,968 B]
Get:238 https://repo.amd.com/rocm/packages-multi-arch/ubuntu2604 stable/main amd64 amdrocm-dnn7.14-gfx1153 amd64 7.14.0-3 [70.0 MB]
Get:239 https://repo.amd.com/rocm/packages-multi-arch/ubuntu2604 stable/main amd64 amdrocm-core7.14-gfx1153 amd64 7.14.0-3 [2,928 B]
Get:240 https://repo.amd.com/rocm/packages-multi-arch/ubuntu2604 stable/main amd64 amdrocm-core-dev7.14-gfx1153 amd64 7.14.0-3 [2,592 B]
Get:241 https://repo.amd.com/rocm/packages-multi-arch/ubuntu2604 stable/main amd64 amdrocm-rand7.14-gfx1200 amd64 7.14.0-3 [1,418 kB]
Get:242 https://repo.amd.com/rocm/packages-multi-arch/ubuntu2604 stable/main amd64 amdrocm-fft7.14-gfx1200 amd64 7.14.0-3 [3,988 B]
Get:243 https://repo.amd.com/rocm/packages-multi-arch/ubuntu2604 stable/main amd64 amdrocm-dnn7.14-gfx1200 amd64 7.14.0-3 [85.3 MB]
Get:244 https://repo.amd.com/rocm/packages-multi-arch/ubuntu2604 stable/main amd64 amdrocm-rccl7.14-gfx1200 amd64 7.14.0-3 [13.1 MB]
Get:245 https://repo.amd.com/rocm/packages-multi-arch/ubuntu2604 stable/main amd64 amdrocm-core7.14-gfx1200 amd64 7.14.0-3 [2,932 B]
Get:246 https://repo.amd.com/rocm/packages-multi-arch/ubuntu2604 stable/main amd64 amdrocm-core-dev7.14-gfx1200 amd64 7.14.0-3 [2,584 B]
Get:247 https://repo.amd.com/rocm/packages-multi-arch/ubuntu2604 stable/main amd64 amdrocm-rand7.14-gfx1201 amd64 7.14.0-3 [1,624 kB]
Get:248 https://repo.amd.com/rocm/packages-multi-arch/ubuntu2604 stable/main amd64 amdrocm-fft7.14-gfx1201 amd64 7.14.0-3 [3,992 B]
Get:249 https://repo.amd.com/rocm/packages-multi-arch/ubuntu2604 stable/main amd64 amdrocm-dnn7.14-gfx1201 amd64 7.14.0-3 [85.3 MB]
Get:250 https://repo.amd.com/rocm/packages-multi-arch/ubuntu2604 stable/main amd64 amdrocm-rccl7.14-gfx1201 amd64 7.14.0-3 [13.1 MB]
Get:251 https://repo.amd.com/rocm/packages-multi-arch/ubuntu2604 stable/main amd64 amdrocm-core7.14-gfx1201 amd64 7.14.0-3 [2,928 B]
Get:252 https://repo.amd.com/rocm/packages-multi-arch/ubuntu2604 stable/main amd64 amdrocm-core-dev7.14-gfx1201 amd64 7.14.0-3 [2,580 B]
Get:253 https://repo.amd.com/rocm/packages-multi-arch/ubuntu2604 stable/main amd64 amdrocm-rand7.14-gfx1250 amd64 7.14.0-3 [1,392 kB]
Get:254 https://repo.amd.com/rocm/packages-multi-arch/ubuntu2604 stable/main amd64 amdrocm-fft7.14-gfx1250 amd64 7.14.0-3 [3,980 B]
Get:255 https://repo.amd.com/rocm/packages-multi-arch/ubuntu2604 stable/main amd64 amdrocm-rccl7.14-gfx1250 amd64 7.14.0-3 [26.6 MB]
Get:256 https://repo.amd.com/rocm/packages-multi-arch/ubuntu2604 stable/main amd64 amdrocm-core7.14-gfx1250 amd64 7.14.0-3 [2,928 B]
Get:257 https://repo.amd.com/rocm/packages-multi-arch/ubuntu2604 stable/main amd64 amdrocm-core-dev7.14-gfx1250 amd64 7.14.0-3 [2,584 B]
Get:258 https://repo.amd.com/rocm/packages-multi-arch/ubuntu2604 stable/main amd64 amdrocm-rand7.14-gfx908 amd64 7.14.0-3 [1,367 kB]
Get:259 https://repo.amd.com/rocm/packages-multi-arch/ubuntu2604 stable/main amd64 amdrocm-fft7.14-gfx908 amd64 7.14.0-3 [3,952 B]
Get:260 https://repo.amd.com/rocm/packages-multi-arch/ubuntu2604 stable/main amd64 amdrocm-dnn7.14-gfx908 amd64 7.14.0-3 [202 MB]
Get:261 https://repo.amd.com/rocm/packages-multi-arch/ubuntu2604 stable/main amd64 amdrocm-rccl7.14-gfx908 amd64 7.14.0-3 [15.2 MB]
Get:262 https://repo.amd.com/rocm/packages-multi-arch/ubuntu2604 stable/main amd64 amdrocm-core7.14-gfx908 amd64 7.14.0-3 [2,932 B]
Get:263 https://repo.amd.com/rocm/packages-multi-arch/ubuntu2604 stable/main amd64 amdrocm-core-dev7.14-gfx908 amd64 7.14.0-3 [2,588 B]
Get:264 https://repo.amd.com/rocm/packages-multi-arch/ubuntu2604 stable/main amd64 amdrocm-rand7.14-gfx90a amd64 7.14.0-3 [1,313 kB]
Get:265 https://repo.amd.com/rocm/packages-multi-arch/ubuntu2604 stable/main amd64 amdrocm-fft7.14-gfx90a amd64 7.14.0-3 [3,956 B]
Get:266 https://repo.amd.com/rocm/packages-multi-arch/ubuntu2604 stable/main amd64 amdrocm-dnn7.14-gfx90a amd64 7.14.0-3 [242 MB]
Get:267 https://repo.amd.com/rocm/packages-multi-arch/ubuntu2604 stable/main amd64 amdrocm-rccl7.14-gfx90a amd64 7.14.0-3 [16.8 MB]
Get:268 https://repo.amd.com/rocm/packages-multi-arch/ubuntu2604 stable/main amd64 amdrocm-core7.14-gfx90a amd64 7.14.0-3 [2,936 B]
Get:269 https://repo.amd.com/rocm/packages-multi-arch/ubuntu2604 stable/main amd64 amdrocm-core-dev7.14-gfx90a amd64 7.14.0-3 [2,584 B]
Get:270 https://repo.amd.com/rocm/packages-multi-arch/ubuntu2604 stable/main amd64 amdrocm-rand7.14-gfx942 amd64 7.14.0-3 [1,235 kB]
Get:271 https://repo.amd.com/rocm/packages-multi-arch/ubuntu2604 stable/main amd64 amdrocm-fft7.14-gfx942 amd64 7.14.0-3 [3,928 B]
Get:272 https://repo.amd.com/rocm/packages-multi-arch/ubuntu2604 stable/main amd64 amdrocm-dnn7.14-gfx942 amd64 7.14.0-3 [120 MB]
Get:273 https://repo.amd.com/rocm/packages-multi-arch/ubuntu2604 stable/main amd64 amdrocm-rccl7.14-gfx942 amd64 7.14.0-3 [28.0 MB]
Get:274 https://repo.amd.com/rocm/packages-multi-arch/ubuntu2604 stable/main amd64 amdrocm-core7.14-gfx942 amd64 7.14.0-3 [2,936 B]
Get:275 https://repo.amd.com/rocm/packages-multi-arch/ubuntu2604 stable/main amd64 amdrocm-core-dev7.14-gfx942 amd64 7.14.0-3 [2,584 B]
Get:276 https://repo.amd.com/rocm/packages-multi-arch/ubuntu2604 stable/main amd64 amdrocm-rand7.14-gfx950 amd64 7.14.0-3 [1,204 kB]
Get:277 https://repo.amd.com/rocm/packages-multi-arch/ubuntu2604 stable/main amd64 amdrocm-fft7.14-gfx950 amd64 7.14.0-3 [3,924 B]
Get:278 https://repo.amd.com/rocm/packages-multi-arch/ubuntu2604 stable/main amd64 amdrocm-dnn7.14-gfx950 amd64 7.14.0-3 [103 MB]
Get:279 https://repo.amd.com/rocm/packages-multi-arch/ubuntu2604 stable/main amd64 amdrocm-rccl7.14-gfx950 amd64 7.14.0-3 [26.4 MB]
Get:280 https://repo.amd.com/rocm/packages-multi-arch/ubuntu2604 stable/main amd64 amdrocm-core7.14-gfx950 amd64 7.14.0-3 [2,936 B]
Get:281 https://repo.amd.com/rocm/packages-multi-arch/ubuntu2604 stable/main amd64 amdrocm-core-dev7.14-gfx950 amd64 7.14.0-3 [2,580 B]
Get:282 https://repo.amd.com/rocm/packages-multi-arch/ubuntu2604 stable/main amd64 amdrocm-profiler7.14 amd64 7.14.0-3 [22.8 MB]
Get:283 https://repo.amd.com/rocm/packages-multi-arch/ubuntu2604 stable/main amd64 amdrocm-emulation7.14 amd64 7.14.0-3 [6,730 kB]
Get:284 https://repo.amd.com/rocm/packages-multi-arch/ubuntu2604 stable/main amd64 amdrocm-developer-tools7.14 amd64 7.14.0-3 [1,248 B]
Get:285 https://repo.amd.com/rocm/packages-multi-arch/ubuntu2604 stable/main amd64 amdrocm-rdc7.14 amd64 7.14.0-3 [29.9 MB]
Get:286 https://repo.amd.com/rocm/packages-multi-arch/ubuntu2604 stable/main amd64 amdrocm-core-sdk7.14-gfx1010 amd64 7.14.0-3 [1,260 B]
Get:287 https://repo.amd.com/rocm/packages-multi-arch/ubuntu2604 stable/main amd64 amdrocm-core-sdk7.14-gfx1011 amd64 7.14.0-3 [1,256 B]
Get:288 https://repo.amd.com/rocm/packages-multi-arch/ubuntu2604 stable/main amd64 amdrocm-core-sdk7.14-gfx1012 amd64 7.14.0-3 [1,256 B]
Get:289 https://repo.amd.com/rocm/packages-multi-arch/ubuntu2604 stable/main amd64 amdrocm-core-sdk7.14-gfx1030 amd64 7.14.0-3 [1,256 B]
Get:290 https://repo.amd.com/rocm/packages-multi-arch/ubuntu2604 stable/main amd64 amdrocm-core-sdk7.14-gfx1031 amd64 7.14.0-3 [1,252 B]
Get:291 https://repo.amd.com/rocm/packages-multi-arch/ubuntu2604 stable/main amd64 amdrocm-core-sdk7.14-gfx1032 amd64 7.14.0-3 [1,260 B]
Get:292 https://repo.amd.com/rocm/packages-multi-arch/ubuntu2604 stable/main amd64 amdrocm-core-sdk7.14-gfx1033 amd64 7.14.0-3 [1,256 B]
Get:293 https://repo.amd.com/rocm/packages-multi-arch/ubuntu2604 stable/main amd64 amdrocm-core-sdk7.14-gfx1034 amd64 7.14.0-3 [1,256 B]
Get:294 https://repo.amd.com/rocm/packages-multi-arch/ubuntu2604 stable/main amd64 amdrocm-core-sdk7.14-gfx1035 amd64 7.14.0-3 [1,256 B]
Get:295 https://repo.amd.com/rocm/packages-multi-arch/ubuntu2604 stable/main amd64 amdrocm-core-sdk7.14-gfx1036 amd64 7.14.0-3 [1,256 B]
Get:296 https://repo.amd.com/rocm/packages-multi-arch/ubuntu2604 stable/main amd64 amdrocm-core-sdk7.14-gfx1100 amd64 7.14.0-3 [1,256 B]
Get:297 https://repo.amd.com/rocm/packages-multi-arch/ubuntu2604 stable/main amd64 amdrocm-core-sdk7.14-gfx1101 amd64 7.14.0-3 [1,260 B]
Get:298 https://repo.amd.com/rocm/packages-multi-arch/ubuntu2604 stable/main amd64 amdrocm-core-sdk7.14-gfx1102 amd64 7.14.0-3 [1,256 B]
Get:299 https://repo.amd.com/rocm/packages-multi-arch/ubuntu2604 stable/main amd64 amdrocm-core-sdk7.14-gfx1103 amd64 7.14.0-3 [1,256 B]
Get:300 https://repo.amd.com/rocm/packages-multi-arch/ubuntu2604 stable/main amd64 amdrocm-core-sdk7.14-gfx1150 amd64 7.14.0-3 [1,256 B]
Get:301 https://repo.amd.com/rocm/packages-multi-arch/ubuntu2604 stable/main amd64 amdrocm-core-sdk7.14-gfx1151 amd64 7.14.0-3 [1,256 B]
Get:302 https://repo.amd.com/rocm/packages-multi-arch/ubuntu2604 stable/main amd64 amdrocm-core-sdk7.14-gfx1152 amd64 7.14.0-3 [1,260 B]
Get:303 https://repo.amd.com/rocm/packages-multi-arch/ubuntu2604 stable/main amd64 amdrocm-core-sdk7.14-gfx1153 amd64 7.14.0-3 [1,256 B]
Get:304 https://repo.amd.com/rocm/packages-multi-arch/ubuntu2604 stable/main amd64 amdrocm-core-sdk7.14-gfx1200 amd64 7.14.0-3 [1,260 B]
Get:305 https://repo.amd.com/rocm/packages-multi-arch/ubuntu2604 stable/main amd64 amdrocm-core-sdk7.14-gfx1201 amd64 7.14.0-3 [1,256 B]
Get:306 https://repo.amd.com/rocm/packages-multi-arch/ubuntu2604 stable/main amd64 amdrocm-core-sdk7.14-gfx1250 amd64 7.14.0-3 [1,256 B]
Get:307 https://repo.amd.com/rocm/packages-multi-arch/ubuntu2604 stable/main amd64 amdrocm-core-sdk7.14-gfx908 amd64 7.14.0-3 [1,256 B]
Get:308 https://repo.amd.com/rocm/packages-multi-arch/ubuntu2604 stable/main amd64 amdrocm-core-sdk7.14-gfx90a amd64 7.14.0-3 [1,256 B]
Get:309 https://repo.amd.com/rocm/packages-multi-arch/ubuntu2604 stable/main amd64 amdrocm-core-sdk7.14-gfx942 amd64 7.14.0-3 [1,256 B]
Get:310 https://repo.amd.com/rocm/packages-multi-arch/ubuntu2604 stable/main amd64 amdrocm-core-sdk7.14-gfx950 amd64 7.14.0-3 [1,256 B]
Get:311 https://repo.amd.com/rocm/packages-multi-arch/ubuntu2604 stable/main amd64 amdrocm-core-sdk7.14 amd64 7.14.0-3 [1,292 B]
Fetched 6,462 MB in 6min 13s (17.3 MB/s)
Selecting previously unselected package amdrocm-sysdeps7.14.
(Reading database… 
(Reading database… 5%
(Reading database… 10%
(Reading database… 15%
(Reading database… 20%
(Reading database… 25%
(Reading database… 30%
(Reading database… 35%
(Reading database… 40%
(Reading database… 45%
(Reading database… 50%
(Reading database… 55%
(Reading database… 60%
(Reading database… 65%
(Reading database… 70%
(Reading database… 75%
(Reading database… 80%
(Reading database… 85%
(Reading database… 90%
(Reading database… 95%
(Reading database… 100%
(Reading database… 112795 files and directories currently installed.)
Preparing to unpack …/000-amdrocm-sysdeps7.14_7.14.0-3_amd64.deb…
Unpacking amdrocm-sysdeps7.14 (7.14.0-3)…
Selecting previously unselected package amdrocm-amdsmi7.14.
Preparing to unpack …/001-amdrocm-amdsmi7.14_7.14.0-3_amd64.deb…
Unpacking amdrocm-amdsmi7.14 (7.14.0-3)…
Selecting previously unselected package gcc-11-base:amd64.
Preparing to unpack …/002-gcc-11-base_11.5.0-11ubuntu2_amd64.deb…
Unpacking gcc-11-base:amd64 (11.5.0-11ubuntu2)…
Selecting previously unselected package libasan6:amd64.
Preparing to unpack …/003-libasan6_11.5.0-11ubuntu2_amd64.deb…
Unpacking libasan6:amd64 (11.5.0-11ubuntu2)…
Selecting previously unselected package libtsan0:amd64.
Preparing to unpack …/004-libtsan0_11.5.0-11ubuntu2_amd64.deb…
Unpacking libtsan0:amd64 (11.5.0-11ubuntu2)…
Selecting previously unselected package libgcc-11-dev:amd64.
Preparing to unpack …/005-libgcc-11-dev_11.5.0-11ubuntu2_amd64.deb…
Unpacking libgcc-11-dev:amd64 (11.5.0-11ubuntu2)…
Selecting previously unselected package libstdc++-11-dev:amd64.
Preparing to unpack …/006-libstdc++-11-dev_11.5.0-11ubuntu2_amd64.deb…
Unpacking libstdc++-11-dev:amd64 (11.5.0-11ubuntu2)…
Selecting previously unselected package amdrocm-llvm7.14.
Preparing to unpack …/007-amdrocm-llvm7.14_7.14.0-3_amd64.deb…
Unpacking amdrocm-llvm7.14 (7.14.0-3)…
Selecting previously unselected package amdrocm-runtime7.14.
Preparing to unpack …/008-amdrocm-runtime7.14_7.14.0-3_amd64.deb…
Unpacking amdrocm-runtime7.14 (7.14.0-3)…
Selecting previously unselected package amdrocm-base7.14.
Preparing to unpack …/009-amdrocm-base7.14_7.14.0-3_amd64.deb…
Unpacking amdrocm-base7.14 (7.14.0-3)…
Selecting previously unselected package amdrocm-blas-dev7.14.
Preparing to unpack …/010-amdrocm-blas-dev7.14_7.14.0-3_amd64.deb…
Unpacking amdrocm-blas-dev7.14 (7.14.0-3)…
Selecting previously unselected package amdrocm-profiler-base7.14.
Preparing to unpack …/011-amdrocm-profiler-base7.14_7.14.0-3_amd64.deb…
Unpacking amdrocm-profiler-base7.14 (7.14.0-3)…
Selecting previously unselected package amdrocm-blas-host7.14.
Preparing to unpack …/012-amdrocm-blas-host7.14_7.14.0-3_amd64.deb…
Unpacking amdrocm-blas-host7.14 (7.14.0-3)…
Selecting previously unselected package amdrocm-math-common7.14.
Preparing to unpack …/013-amdrocm-math-common7.14_7.14.0-3_amd64.deb…
Unpacking amdrocm-math-common7.14 (7.14.0-3)…
Selecting previously unselected package amdrocm-solver-host7.14.
Preparing to unpack …/014-amdrocm-solver-host7.14_7.14.0-3_amd64.deb…
Unpacking amdrocm-solver-host7.14 (7.14.0-3)…
Selecting previously unselected package amdrocm-sparse-host7.14.
Preparing to unpack …/015-amdrocm-sparse-host7.14_7.14.0-3_amd64.deb…
Unpacking amdrocm-sparse-host7.14 (7.14.0-3)…
Selecting previously unselected package amdrocm-sparse7.14-gfx1010.
Preparing to unpack …/016-amdrocm-sparse7.14-gfx1010_7.14.0-3_amd64.deb…
Unpacking amdrocm-sparse7.14-gfx1010 (7.14.0-3)…
Selecting previously unselected package amdrocm-solver7.14-gfx1010.
Preparing to unpack …/017-amdrocm-solver7.14-gfx1010_7.14.0-3_amd64.deb…
Unpacking amdrocm-solver7.14-gfx1010 (7.14.0-3)…
Selecting previously unselected package amdrocm-blas7.14-gfx1010.
Preparing to unpack …/018-amdrocm-blas7.14-gfx1010_7.14.0-3_amd64.deb…
Unpacking amdrocm-blas7.14-gfx1010 (7.14.0-3)…
Selecting previously unselected package amdrocm-sparse7.14-gfx1011.
Preparing to unpack …/019-amdrocm-sparse7.14-gfx1011_7.14.0-3_amd64.deb…
Unpacking amdrocm-sparse7.14-gfx1011 (7.14.0-3)…
Selecting previously unselected package amdrocm-solver7.14-gfx1011.
Preparing to unpack …/020-amdrocm-solver7.14-gfx1011_7.14.0-3_amd64.deb…
Unpacking amdrocm-solver7.14-gfx1011 (7.14.0-3)…
Selecting previously unselected package amdrocm-blas7.14-gfx1011.
Preparing to unpack …/021-amdrocm-blas7.14-gfx1011_7.14.0-3_amd64.deb…
Unpacking amdrocm-blas7.14-gfx1011 (7.14.0-3)…
Selecting previously unselected package amdrocm-sparse7.14-gfx1012.
Preparing to unpack …/022-amdrocm-sparse7.14-gfx1012_7.14.0-3_amd64.deb…
Unpacking amdrocm-sparse7.14-gfx1012 (7.14.0-3)…
Selecting previously unselected package amdrocm-solver7.14-gfx1012.
Preparing to unpack …/023-amdrocm-solver7.14-gfx1012_7.14.0-3_amd64.deb…
Unpacking amdrocm-solver7.14-gfx1012 (7.14.0-3)…
Selecting previously unselected package amdrocm-blas7.14-gfx1012.
Preparing to unpack …/024-amdrocm-blas7.14-gfx1012_7.14.0-3_amd64.deb…
Unpacking amdrocm-blas7.14-gfx1012 (7.14.0-3)…
Selecting previously unselected package amdrocm-sparse7.14-gfx1030.
Preparing to unpack …/025-amdrocm-sparse7.14-gfx1030_7.14.0-3_amd64.deb…
Unpacking amdrocm-sparse7.14-gfx1030 (7.14.0-3)…
Selecting previously unselected package amdrocm-solver7.14-gfx1030.
Preparing to unpack …/026-amdrocm-solver7.14-gfx1030_7.14.0-3_amd64.deb…
Unpacking amdrocm-solver7.14-gfx1030 (7.14.0-3)…
Selecting previously unselected package amdrocm-blas7.14-gfx1030.
Preparing to unpack …/027-amdrocm-blas7.14-gfx1030_7.14.0-3_amd64.deb…
Unpacking amdrocm-blas7.14-gfx1030 (7.14.0-3)…
Selecting previously unselected package amdrocm-sparse7.14-gfx1031.
Preparing to unpack …/028-amdrocm-sparse7.14-gfx1031_7.14.0-3_amd64.deb…
Unpacking amdrocm-sparse7.14-gfx1031 (7.14.0-3)…
Selecting previously unselected package amdrocm-solver7.14-gfx1031.
Preparing to unpack …/029-amdrocm-solver7.14-gfx1031_7.14.0-3_amd64.deb…
Unpacking amdrocm-solver7.14-gfx1031 (7.14.0-3)…
Selecting previously unselected package amdrocm-blas7.14-gfx1031.
Preparing to unpack …/030-amdrocm-blas7.14-gfx1031_7.14.0-3_amd64.deb…
Unpacking amdrocm-blas7.14-gfx1031 (7.14.0-3)…
Selecting previously unselected package amdrocm-sparse7.14-gfx1032.
Preparing to unpack …/031-amdrocm-sparse7.14-gfx1032_7.14.0-3_amd64.deb…
Unpacking amdrocm-sparse7.14-gfx1032 (7.14.0-3)…
Selecting previously unselected package amdrocm-solver7.14-gfx1032.
Preparing to unpack …/032-amdrocm-solver7.14-gfx1032_7.14.0-3_amd64.deb…
Unpacking amdrocm-solver7.14-gfx1032 (7.14.0-3)…
Selecting previously unselected package amdrocm-blas7.14-gfx1032.
Preparing to unpack …/033-amdrocm-blas7.14-gfx1032_7.14.0-3_amd64.deb…
Unpacking amdrocm-blas7.14-gfx1032 (7.14.0-3)…
Selecting previously unselected package amdrocm-sparse7.14-gfx1033.
Preparing to unpack …/034-amdrocm-sparse7.14-gfx1033_7.14.0-3_amd64.deb…
Unpacking amdrocm-sparse7.14-gfx1033 (7.14.0-3)…
Selecting previously unselected package amdrocm-solver7.14-gfx1033.
Preparing to unpack …/035-amdrocm-solver7.14-gfx1033_7.14.0-3_amd64.deb…
Unpacking amdrocm-solver7.14-gfx1033 (7.14.0-3)…
Selecting previously unselected package amdrocm-blas7.14-gfx1033.
Preparing to unpack …/036-amdrocm-blas7.14-gfx1033_7.14.0-3_amd64.deb…
Unpacking amdrocm-blas7.14-gfx1033 (7.14.0-3)…
Selecting previously unselected package amdrocm-sparse7.14-gfx1034.
Preparing to unpack …/037-amdrocm-sparse7.14-gfx1034_7.14.0-3_amd64.deb…
Unpacking amdrocm-sparse7.14-gfx1034 (7.14.0-3)…
Selecting previously unselected package amdrocm-solver7.14-gfx1034.
Preparing to unpack …/038-amdrocm-solver7.14-gfx1034_7.14.0-3_amd64.deb…
Unpacking amdrocm-solver7.14-gfx1034 (7.14.0-3)…
Selecting previously unselected package amdrocm-blas7.14-gfx1034.
Preparing to unpack …/039-amdrocm-blas7.14-gfx1034_7.14.0-3_amd64.deb…
Unpacking amdrocm-blas7.14-gfx1034 (7.14.0-3)…
Selecting previously unselected package amdrocm-sparse7.14-gfx1035.
Preparing to unpack …/040-amdrocm-sparse7.14-gfx1035_7.14.0-3_amd64.deb…
Unpacking amdrocm-sparse7.14-gfx1035 (7.14.0-3)…
Selecting previously unselected package amdrocm-solver7.14-gfx1035.
Preparing to unpack …/041-amdrocm-solver7.14-gfx1035_7.14.0-3_amd64.deb…
Unpacking amdrocm-solver7.14-gfx1035 (7.14.0-3)…
Selecting previously unselected package amdrocm-blas7.14-gfx1035.
Preparing to unpack …/042-amdrocm-blas7.14-gfx1035_7.14.0-3_amd64.deb…
Unpacking amdrocm-blas7.14-gfx1035 (7.14.0-3)…
Selecting previously unselected package amdrocm-sparse7.14-gfx1036.
Preparing to unpack …/043-amdrocm-sparse7.14-gfx1036_7.14.0-3_amd64.deb…
Unpacking amdrocm-sparse7.14-gfx1036 (7.14.0-3)…
Selecting previously unselected package amdrocm-solver7.14-gfx1036.
Preparing to unpack …/044-amdrocm-solver7.14-gfx1036_7.14.0-3_amd64.deb…
Unpacking amdrocm-solver7.14-gfx1036 (7.14.0-3)…
Selecting previously unselected package amdrocm-blas7.14-gfx1036.
Preparing to unpack …/045-amdrocm-blas7.14-gfx1036_7.14.0-3_amd64.deb…
Unpacking amdrocm-blas7.14-gfx1036 (7.14.0-3)…
Selecting previously unselected package amdrocm-sparse7.14-gfx1100.
Preparing to unpack …/046-amdrocm-sparse7.14-gfx1100_7.14.0-3_amd64.deb…
Unpacking amdrocm-sparse7.14-gfx1100 (7.14.0-3)…
Selecting previously unselected package amdrocm-solver7.14-gfx1100.
Preparing to unpack …/047-amdrocm-solver7.14-gfx1100_7.14.0-3_amd64.deb…
Unpacking amdrocm-solver7.14-gfx1100 (7.14.0-3)…
Selecting previously unselected package amdrocm-blas7.14-gfx1100.
Preparing to unpack …/048-amdrocm-blas7.14-gfx1100_7.14.0-3_amd64.deb…
Unpacking amdrocm-blas7.14-gfx1100 (7.14.0-3)…
Selecting previously unselected package amdrocm-sparse7.14-gfx1101.
Preparing to unpack …/049-amdrocm-sparse7.14-gfx1101_7.14.0-3_amd64.deb…
Unpacking amdrocm-sparse7.14-gfx1101 (7.14.0-3)…
Selecting previously unselected package amdrocm-solver7.14-gfx1101.
Preparing to unpack …/050-amdrocm-solver7.14-gfx1101_7.14.0-3_amd64.deb…
Unpacking amdrocm-solver7.14-gfx1101 (7.14.0-3)…
Selecting previously unselected package amdrocm-blas7.14-gfx1101.
Preparing to unpack …/051-amdrocm-blas7.14-gfx1101_7.14.0-3_amd64.deb…
Unpacking amdrocm-blas7.14-gfx1101 (7.14.0-3)…
Selecting previously unselected package amdrocm-sparse7.14-gfx1102.
Preparing to unpack …/052-amdrocm-sparse7.14-gfx1102_7.14.0-3_amd64.deb…
Unpacking amdrocm-sparse7.14-gfx1102 (7.14.0-3)…
Selecting previously unselected package amdrocm-solver7.14-gfx1102.
Preparing to unpack …/053-amdrocm-solver7.14-gfx1102_7.14.0-3_amd64.deb…
Unpacking amdrocm-solver7.14-gfx1102 (7.14.0-3)…
Selecting previously unselected package amdrocm-blas7.14-gfx1102.
Preparing to unpack …/054-amdrocm-blas7.14-gfx1102_7.14.0-3_amd64.deb…
Unpacking amdrocm-blas7.14-gfx1102 (7.14.0-3)…
Selecting previously unselected package amdrocm-sparse7.14-gfx1103.
Preparing to unpack …/055-amdrocm-sparse7.14-gfx1103_7.14.0-3_amd64.deb…
Unpacking amdrocm-sparse7.14-gfx1103 (7.14.0-3)…
Selecting previously unselected package amdrocm-solver7.14-gfx1103.
Preparing to unpack …/056-amdrocm-solver7.14-gfx1103_7.14.0-3_amd64.deb…
Unpacking amdrocm-solver7.14-gfx1103 (7.14.0-3)…
Selecting previously unselected package amdrocm-blas7.14-gfx1103.
Preparing to unpack …/057-amdrocm-blas7.14-gfx1103_7.14.0-3_amd64.deb…
Unpacking amdrocm-blas7.14-gfx1103 (7.14.0-3)…
Selecting previously unselected package amdrocm-sparse7.14-gfx1150.
Preparing to unpack …/058-amdrocm-sparse7.14-gfx1150_7.14.0-3_amd64.deb…
Unpacking amdrocm-sparse7.14-gfx1150 (7.14.0-3)…
Selecting previously unselected package amdrocm-solver7.14-gfx1150.
Preparing to unpack …/059-amdrocm-solver7.14-gfx1150_7.14.0-3_amd64.deb…
Unpacking amdrocm-solver7.14-gfx1150 (7.14.0-3)…
Selecting previously unselected package amdrocm-blas7.14-gfx1150.
Preparing to unpack …/060-amdrocm-blas7.14-gfx1150_7.14.0-3_amd64.deb…
Unpacking amdrocm-blas7.14-gfx1150 (7.14.0-3)…
Selecting previously unselected package amdrocm-sparse7.14-gfx1151.
Preparing to unpack …/061-amdrocm-sparse7.14-gfx1151_7.14.0-3_amd64.deb…
Unpacking amdrocm-sparse7.14-gfx1151 (7.14.0-3)…
Selecting previously unselected package amdrocm-solver7.14-gfx1151.
Preparing to unpack …/062-amdrocm-solver7.14-gfx1151_7.14.0-3_amd64.deb…
Unpacking amdrocm-solver7.14-gfx1151 (7.14.0-3)…
Selecting previously unselected package amdrocm-blas7.14-gfx1151.
Preparing to unpack …/063-amdrocm-blas7.14-gfx1151_7.14.0-3_amd64.deb…
Unpacking amdrocm-blas7.14-gfx1151 (7.14.0-3)…
Selecting previously unselected package amdrocm-sparse7.14-gfx1152.
Preparing to unpack …/064-amdrocm-sparse7.14-gfx1152_7.14.0-3_amd64.deb…
Unpacking amdrocm-sparse7.14-gfx1152 (7.14.0-3)…
Selecting previously unselected package amdrocm-solver7.14-gfx1152.
Preparing to unpack …/065-amdrocm-solver7.14-gfx1152_7.14.0-3_amd64.deb…
Unpacking amdrocm-solver7.14-gfx1152 (7.14.0-3)…
Selecting previously unselected package amdrocm-blas7.14-gfx1152.
Preparing to unpack …/066-amdrocm-blas7.14-gfx1152_7.14.0-3_amd64.deb…
Unpacking amdrocm-blas7.14-gfx1152 (7.14.0-3)…
Selecting previously unselected package amdrocm-sparse7.14-gfx1153.
Preparing to unpack …/067-amdrocm-sparse7.14-gfx1153_7.14.0-3_amd64.deb…
Unpacking amdrocm-sparse7.14-gfx1153 (7.14.0-3)…
Selecting previously unselected package amdrocm-solver7.14-gfx1153.
Preparing to unpack …/068-amdrocm-solver7.14-gfx1153_7.14.0-3_amd64.deb…
Unpacking amdrocm-solver7.14-gfx1153 (7.14.0-3)…
Selecting previously unselected package amdrocm-blas7.14-gfx1153.
Preparing to unpack …/069-amdrocm-blas7.14-gfx1153_7.14.0-3_amd64.deb…
Unpacking amdrocm-blas7.14-gfx1153 (7.14.0-3)…
Selecting previously unselected package amdrocm-sparse7.14-gfx1200.
Preparing to unpack …/070-amdrocm-sparse7.14-gfx1200_7.14.0-3_amd64.deb…
Unpacking amdrocm-sparse7.14-gfx1200 (7.14.0-3)…
Selecting previously unselected package amdrocm-solver7.14-gfx1200.
Preparing to unpack …/071-amdrocm-solver7.14-gfx1200_7.14.0-3_amd64.deb…
Unpacking amdrocm-solver7.14-gfx1200 (7.14.0-3)…
Selecting previously unselected package amdrocm-blas7.14-gfx1200.
Preparing to unpack …/072-amdrocm-blas7.14-gfx1200_7.14.0-3_amd64.deb…
Unpacking amdrocm-blas7.14-gfx1200 (7.14.0-3)…
Selecting previously unselected package amdrocm-sparse7.14-gfx1201.
Preparing to unpack …/073-amdrocm-sparse7.14-gfx1201_7.14.0-3_amd64.deb…
Unpacking amdrocm-sparse7.14-gfx1201 (7.14.0-3)…
Selecting previously unselected package amdrocm-solver7.14-gfx1201.
Preparing to unpack …/074-amdrocm-solver7.14-gfx1201_7.14.0-3_amd64.deb…
Unpacking amdrocm-solver7.14-gfx1201 (7.14.0-3)…
Selecting previously unselected package amdrocm-blas7.14-gfx1201.
Preparing to unpack …/075-amdrocm-blas7.14-gfx1201_7.14.0-3_amd64.deb…
Unpacking amdrocm-blas7.14-gfx1201 (7.14.0-3)…
Selecting previously unselected package amdrocm-sparse7.14-gfx1250.
Preparing to unpack …/076-amdrocm-sparse7.14-gfx1250_7.14.0-3_amd64.deb…
Unpacking amdrocm-sparse7.14-gfx1250 (7.14.0-3)…
Selecting previously unselected package amdrocm-solver7.14-gfx1250.
Preparing to unpack …/077-amdrocm-solver7.14-gfx1250_7.14.0-3_amd64.deb…
Unpacking amdrocm-solver7.14-gfx1250 (7.14.0-3)…
Selecting previously unselected package amdrocm-blas7.14-gfx1250.
Preparing to unpack …/078-amdrocm-blas7.14-gfx1250_7.14.0-3_amd64.deb…
Unpacking amdrocm-blas7.14-gfx1250 (7.14.0-3)…
Selecting previously unselected package amdrocm-sparse7.14-gfx908.
Preparing to unpack …/079-amdrocm-sparse7.14-gfx908_7.14.0-3_amd64.deb…
Unpacking amdrocm-sparse7.14-gfx908 (7.14.0-3)…
Selecting previously unselected package amdrocm-solver7.14-gfx908.
Preparing to unpack …/080-amdrocm-solver7.14-gfx908_7.14.0-3_amd64.deb…
Unpacking amdrocm-solver7.14-gfx908 (7.14.0-3)…
Selecting previously unselected package amdrocm-blas7.14-gfx908.
Preparing to unpack …/081-amdrocm-blas7.14-gfx908_7.14.0-3_amd64.deb…
Unpacking amdrocm-blas7.14-gfx908 (7.14.0-3)…
Selecting previously unselected package amdrocm-sparse7.14-gfx90a.
Preparing to unpack …/082-amdrocm-sparse7.14-gfx90a_7.14.0-3_amd64.deb…
Unpacking amdrocm-sparse7.14-gfx90a (7.14.0-3)…
Selecting previously unselected package amdrocm-solver7.14-gfx90a.
Preparing to unpack …/083-amdrocm-solver7.14-gfx90a_7.14.0-3_amd64.deb…
Unpacking amdrocm-solver7.14-gfx90a (7.14.0-3)…
Selecting previously unselected package amdrocm-blas7.14-gfx90a.
Preparing to unpack …/084-amdrocm-blas7.14-gfx90a_7.14.0-3_amd64.deb…
Unpacking amdrocm-blas7.14-gfx90a (7.14.0-3)…
Selecting previously unselected package amdrocm-sparse7.14-gfx942.
Preparing to unpack …/085-amdrocm-sparse7.14-gfx942_7.14.0-3_amd64.deb…
Unpacking amdrocm-sparse7.14-gfx942 (7.14.0-3)…
Selecting previously unselected package amdrocm-solver7.14-gfx942.
Preparing to unpack …/086-amdrocm-solver7.14-gfx942_7.14.0-3_amd64.deb…
Unpacking amdrocm-solver7.14-gfx942 (7.14.0-3)…
Selecting previously unselected package amdrocm-blas7.14-gfx942.
Preparing to unpack …/087-amdrocm-blas7.14-gfx942_7.14.0-3_amd64.deb…
Unpacking amdrocm-blas7.14-gfx942 (7.14.0-3)…
Selecting previously unselected package amdrocm-sparse7.14-gfx950.
Preparing to unpack …/088-amdrocm-sparse7.14-gfx950_7.14.0-3_amd64.deb…
Unpacking amdrocm-sparse7.14-gfx950 (7.14.0-3)…
Selecting previously unselected package amdrocm-solver7.14-gfx950.
Preparing to unpack …/089-amdrocm-solver7.14-gfx950_7.14.0-3_amd64.deb…
Unpacking amdrocm-solver7.14-gfx950 (7.14.0-3)…
Selecting previously unselected package amdrocm-blas7.14-gfx950.
Preparing to unpack …/090-amdrocm-blas7.14-gfx950_7.14.0-3_amd64.deb…
Unpacking amdrocm-blas7.14-gfx950 (7.14.0-3)…
Selecting previously unselected package amdrocm-ccl-dev7.14.
Preparing to unpack …/091-amdrocm-ccl-dev7.14_7.14.0-3_amd64.deb…
Unpacking amdrocm-ccl-dev7.14 (7.14.0-3)…
Selecting previously unselected package amdrocm-ck7.14.
Preparing to unpack …/092-amdrocm-ck7.14_7.14.0-3_amd64.deb…
Unpacking amdrocm-ck7.14 (7.14.0-3)…
Selecting previously unselected package amdrocm-debugger7.14.
Preparing to unpack …/093-amdrocm-debugger7.14_7.14.0-3_amd64.deb…
Unpacking amdrocm-debugger7.14 (7.14.0-3)…
Selecting previously unselected package amdrocm-rand-host7.14.
Preparing to unpack …/094-amdrocm-rand-host7.14_7.14.0-3_amd64.deb…
Unpacking amdrocm-rand-host7.14 (7.14.0-3)…
Selecting previously unselected package amdrocm-rand7.14-gfx1010.
Preparing to unpack …/095-amdrocm-rand7.14-gfx1010_7.14.0-3_amd64.deb…
Unpacking amdrocm-rand7.14-gfx1010 (7.14.0-3)…
Selecting previously unselected package amdrocm-fft-host7.14.
Preparing to unpack …/096-amdrocm-fft-host7.14_7.14.0-3_amd64.deb…
Unpacking amdrocm-fft-host7.14 (7.14.0-3)…
Selecting previously unselected package amdrocm-fft7.14-gfx1010.
Preparing to unpack …/097-amdrocm-fft7.14-gfx1010_7.14.0-3_amd64.deb…
Unpacking amdrocm-fft7.14-gfx1010 (7.14.0-3)…
Selecting previously unselected package amdrocm-rccl-host7.14.
Preparing to unpack …/098-amdrocm-rccl-host7.14_7.14.0-3_amd64.deb…
Unpacking amdrocm-rccl-host7.14 (7.14.0-3)…
Selecting previously unselected package amdrocm-rccl7.14-gfx1010.
Preparing to unpack …/099-amdrocm-rccl7.14-gfx1010_7.14.0-3_amd64.deb…
Unpacking amdrocm-rccl7.14-gfx1010 (7.14.0-3)…
Selecting previously unselected package amdrocm-rocshmem7.14.
Preparing to unpack …/100-amdrocm-rocshmem7.14_7.14.0-3_amd64.deb…
Unpacking amdrocm-rocshmem7.14 (7.14.0-3)…
Selecting previously unselected package amdrocm-hipify7.14.
Preparing to unpack …/101-amdrocm-hipify7.14_7.14.0-3_amd64.deb…
Unpacking amdrocm-hipify7.14 (7.14.0-3)…
Selecting previously unselected package amdrocm-hipfile7.14.
Preparing to unpack …/102-amdrocm-hipfile7.14_7.14.0-3_amd64.deb…
Unpacking amdrocm-hipfile7.14 (7.14.0-3)…
Selecting previously unselected package amdrocm-decode7.14.
Preparing to unpack …/103-amdrocm-decode7.14_7.14.0-3_amd64.deb…
Unpacking amdrocm-decode7.14 (7.14.0-3)…
Selecting previously unselected package amdrocm-jpeg7.14.
Preparing to unpack …/104-amdrocm-jpeg7.14_7.14.0-3_amd64.deb…
Unpacking amdrocm-jpeg7.14 (7.14.0-3)…
Selecting previously unselected package amdrocm-core7.14-gfx1010.
Preparing to unpack …/105-amdrocm-core7.14-gfx1010_7.14.0-3_amd64.deb…
Unpacking amdrocm-core7.14-gfx1010 (7.14.0-3)…
Selecting previously unselected package amdrocm-llvm-dev7.14.
Preparing to unpack …/106-amdrocm-llvm-dev7.14_7.14.0-3_amd64.deb…
Unpacking amdrocm-llvm-dev7.14 (7.14.0-3)…
Selecting previously unselected package amdrocm-runtime-dev7.14.
Preparing to unpack …/107-amdrocm-runtime-dev7.14_7.14.0-3_amd64.deb…
Unpacking amdrocm-runtime-dev7.14 (7.14.0-3)…
Selecting previously unselected package amdrocm-fft-dev7.14.
Preparing to unpack …/108-amdrocm-fft-dev7.14_7.14.0-3_amd64.deb…
Unpacking amdrocm-fft-dev7.14 (7.14.0-3)…
Selecting previously unselected package amdrocm-sparse-dev7.14.
Preparing to unpack …/109-amdrocm-sparse-dev7.14_7.14.0-3_amd64.deb…
Unpacking amdrocm-sparse-dev7.14 (7.14.0-3)…
Selecting previously unselected package amdrocm-solver-dev7.14.
Preparing to unpack …/110-amdrocm-solver-dev7.14_7.14.0-3_amd64.deb…
Unpacking amdrocm-solver-dev7.14 (7.14.0-3)…
Selecting previously unselected package amdrocm-rand-dev7.14.
Preparing to unpack …/111-amdrocm-rand-dev7.14_7.14.0-3_amd64.deb…
Unpacking amdrocm-rand-dev7.14 (7.14.0-3)…
Selecting previously unselected package amdrocm-opencl7.14.
Preparing to unpack …/112-amdrocm-opencl7.14_7.14.0-3_amd64.deb…
Unpacking amdrocm-opencl7.14 (7.14.0-3)…
Selecting previously unselected package amdrocm-opencl-dev7.14.
Preparing to unpack …/113-amdrocm-opencl-dev7.14_7.14.0-3_amd64.deb…
Unpacking amdrocm-opencl-dev7.14 (7.14.0-3)…
Selecting previously unselected package amdrocm-hipblas-common-dev7.14.
Preparing to unpack …/114-amdrocm-hipblas-common-dev7.14_7.14.0-3_amd64.deb…
Unpacking amdrocm-hipblas-common-dev7.14 (7.14.0-3)…
Selecting previously unselected package amdrocm-rccl-dev7.14.
Preparing to unpack …/115-amdrocm-rccl-dev7.14_7.14.0-3_amd64.deb…
Unpacking amdrocm-rccl-dev7.14 (7.14.0-3)…
Selecting previously unselected package amdrocm-rocshmem-dev7.14.
Preparing to unpack …/116-amdrocm-rocshmem-dev7.14_7.14.0-3_amd64.deb…
Unpacking amdrocm-rocshmem-dev7.14 (7.14.0-3)…
Selecting previously unselected package amdrocm-dnn-dev7.14.
Preparing to unpack …/117-amdrocm-dnn-dev7.14_7.14.0-3_amd64.deb…
Unpacking amdrocm-dnn-dev7.14 (7.14.0-3)…
Selecting previously unselected package amdrocm-hipfile-dev7.14.
Preparing to unpack …/118-amdrocm-hipfile-dev7.14_7.14.0-3_amd64.deb…
Unpacking amdrocm-hipfile-dev7.14 (7.14.0-3)…
Selecting previously unselected package amdrocm-decode-dev7.14.
Preparing to unpack …/119-amdrocm-decode-dev7.14_7.14.0-3_amd64.deb…
Unpacking amdrocm-decode-dev7.14 (7.14.0-3)…
Selecting previously unselected package amdrocm-jpeg-dev7.14.
Preparing to unpack …/120-amdrocm-jpeg-dev7.14_7.14.0-3_amd64.deb…
Unpacking amdrocm-jpeg-dev7.14 (7.14.0-3)…
Selecting previously unselected package amdrocm-core-dev7.14-gfx1010.
Preparing to unpack …/121-amdrocm-core-dev7.14-gfx1010_7.14.0-3_amd64.deb…
Unpacking amdrocm-core-dev7.14-gfx1010 (7.14.0-3)…
Selecting previously unselected package amdrocm-rand7.14-gfx1011.
Preparing to unpack …/122-amdrocm-rand7.14-gfx1011_7.14.0-3_amd64.deb…
Unpacking amdrocm-rand7.14-gfx1011 (7.14.0-3)…
Selecting previously unselected package amdrocm-fft7.14-gfx1011.
Preparing to unpack …/123-amdrocm-fft7.14-gfx1011_7.14.0-3_amd64.deb…
Unpacking amdrocm-fft7.14-gfx1011 (7.14.0-3)…
Selecting previously unselected package amdrocm-rccl7.14-gfx1011.
Preparing to unpack …/124-amdrocm-rccl7.14-gfx1011_7.14.0-3_amd64.deb…
Unpacking amdrocm-rccl7.14-gfx1011 (7.14.0-3)…
Selecting previously unselected package amdrocm-core7.14-gfx1011.
Preparing to unpack …/125-amdrocm-core7.14-gfx1011_7.14.0-3_amd64.deb…
Unpacking amdrocm-core7.14-gfx1011 (7.14.0-3)…
Selecting previously unselected package amdrocm-core-dev7.14-gfx1011.
Preparing to unpack …/126-amdrocm-core-dev7.14-gfx1011_7.14.0-3_amd64.deb…
Unpacking amdrocm-core-dev7.14-gfx1011 (7.14.0-3)…
Selecting previously unselected package amdrocm-rand7.14-gfx1012.
Preparing to unpack …/127-amdrocm-rand7.14-gfx1012_7.14.0-3_amd64.deb…
Unpacking amdrocm-rand7.14-gfx1012 (7.14.0-3)…
Selecting previously unselected package amdrocm-fft7.14-gfx1012.
Preparing to unpack …/128-amdrocm-fft7.14-gfx1012_7.14.0-3_amd64.deb…
Unpacking amdrocm-fft7.14-gfx1012 (7.14.0-3)…
Selecting previously unselected package amdrocm-rccl7.14-gfx1012.
Preparing to unpack …/129-amdrocm-rccl7.14-gfx1012_7.14.0-3_amd64.deb…
Unpacking amdrocm-rccl7.14-gfx1012 (7.14.0-3)…
Selecting previously unselected package amdrocm-core7.14-gfx1012.
Preparing to unpack …/130-amdrocm-core7.14-gfx1012_7.14.0-3_amd64.deb…
Unpacking amdrocm-core7.14-gfx1012 (7.14.0-3)…
Selecting previously unselected package amdrocm-core-dev7.14-gfx1012.
Preparing to unpack …/131-amdrocm-core-dev7.14-gfx1012_7.14.0-3_amd64.deb…
Unpacking amdrocm-core-dev7.14-gfx1012 (7.14.0-3)…
Selecting previously unselected package amdrocm-rand7.14-gfx1030.
Preparing to unpack …/132-amdrocm-rand7.14-gfx1030_7.14.0-3_amd64.deb…
Unpacking amdrocm-rand7.14-gfx1030 (7.14.0-3)…
Selecting previously unselected package amdrocm-fft7.14-gfx1030.
Preparing to unpack …/133-amdrocm-fft7.14-gfx1030_7.14.0-3_amd64.deb…
Unpacking amdrocm-fft7.14-gfx1030 (7.14.0-3)…
Selecting previously unselected package amdrocm-dnn-host7.14.
Preparing to unpack …/134-amdrocm-dnn-host7.14_7.14.0-3_amd64.deb…
Unpacking amdrocm-dnn-host7.14 (7.14.0-3)…
Selecting previously unselected package amdrocm-dnn7.14-gfx1030.
Preparing to unpack …/135-amdrocm-dnn7.14-gfx1030_7.14.0-3_amd64.deb…
Unpacking amdrocm-dnn7.14-gfx1030 (7.14.0-3)…
Selecting previously unselected package amdrocm-rccl7.14-gfx1030.
Preparing to unpack …/136-amdrocm-rccl7.14-gfx1030_7.14.0-3_amd64.deb…
Unpacking amdrocm-rccl7.14-gfx1030 (7.14.0-3)…
Selecting previously unselected package amdrocm-core7.14-gfx1030.
Preparing to unpack …/137-amdrocm-core7.14-gfx1030_7.14.0-3_amd64.deb…
Unpacking amdrocm-core7.14-gfx1030 (7.14.0-3)…
Selecting previously unselected package amdrocm-core-dev7.14-gfx1030.
Preparing to unpack …/138-amdrocm-core-dev7.14-gfx1030_7.14.0-3_amd64.deb…
Unpacking amdrocm-core-dev7.14-gfx1030 (7.14.0-3)…
Selecting previously unselected package amdrocm-rand7.14-gfx1031.
Preparing to unpack …/139-amdrocm-rand7.14-gfx1031_7.14.0-3_amd64.deb…
Unpacking amdrocm-rand7.14-gfx1031 (7.14.0-3)…
Selecting previously unselected package amdrocm-fft7.14-gfx1031.
Preparing to unpack …/140-amdrocm-fft7.14-gfx1031_7.14.0-3_amd64.deb…
Unpacking amdrocm-fft7.14-gfx1031 (7.14.0-3)…
Selecting previously unselected package amdrocm-rccl7.14-gfx1031.
Preparing to unpack …/141-amdrocm-rccl7.14-gfx1031_7.14.0-3_amd64.deb…
Unpacking amdrocm-rccl7.14-gfx1031 (7.14.0-3)…
Selecting previously unselected package amdrocm-core7.14-gfx1031.
Preparing to unpack …/142-amdrocm-core7.14-gfx1031_7.14.0-3_amd64.deb…
Unpacking amdrocm-core7.14-gfx1031 (7.14.0-3)…
Selecting previously unselected package amdrocm-core-dev7.14-gfx1031.
Preparing to unpack …/143-amdrocm-core-dev7.14-gfx1031_7.14.0-3_amd64.deb…
Unpacking amdrocm-core-dev7.14-gfx1031 (7.14.0-3)…
Selecting previously unselected package amdrocm-rand7.14-gfx1032.
Preparing to unpack …/144-amdrocm-rand7.14-gfx1032_7.14.0-3_amd64.deb…
Unpacking amdrocm-rand7.14-gfx1032 (7.14.0-3)…
Selecting previously unselected package amdrocm-fft7.14-gfx1032.
Preparing to unpack …/145-amdrocm-fft7.14-gfx1032_7.14.0-3_amd64.deb…
Unpacking amdrocm-fft7.14-gfx1032 (7.14.0-3)…
Selecting previously unselected package amdrocm-rccl7.14-gfx1032.
Preparing to unpack …/146-amdrocm-rccl7.14-gfx1032_7.14.0-3_amd64.deb…
Unpacking amdrocm-rccl7.14-gfx1032 (7.14.0-3)…
Selecting previously unselected package amdrocm-core7.14-gfx1032.
Preparing to unpack …/147-amdrocm-core7.14-gfx1032_7.14.0-3_amd64.deb…
Unpacking amdrocm-core7.14-gfx1032 (7.14.0-3)…
Selecting previously unselected package amdrocm-core-dev7.14-gfx1032.
Preparing to unpack …/148-amdrocm-core-dev7.14-gfx1032_7.14.0-3_amd64.deb…
Unpacking amdrocm-core-dev7.14-gfx1032 (7.14.0-3)…
Selecting previously unselected package amdrocm-rand7.14-gfx1033.
Preparing to unpack …/149-amdrocm-rand7.14-gfx1033_7.14.0-3_amd64.deb…
Unpacking amdrocm-rand7.14-gfx1033 (7.14.0-3)…
Selecting previously unselected package amdrocm-fft7.14-gfx1033.
Preparing to unpack …/150-amdrocm-fft7.14-gfx1033_7.14.0-3_amd64.deb…
Unpacking amdrocm-fft7.14-gfx1033 (7.14.0-3)…
Selecting previously unselected package amdrocm-rccl7.14-gfx1033.
Preparing to unpack …/151-amdrocm-rccl7.14-gfx1033_7.14.0-3_amd64.deb…
Unpacking amdrocm-rccl7.14-gfx1033 (7.14.0-3)…
Selecting previously unselected package amdrocm-core7.14-gfx1033.
Preparing to unpack …/152-amdrocm-core7.14-gfx1033_7.14.0-3_amd64.deb…
Unpacking amdrocm-core7.14-gfx1033 (7.14.0-3)…
Selecting previously unselected package amdrocm-core-dev7.14-gfx1033.
Preparing to unpack …/153-amdrocm-core-dev7.14-gfx1033_7.14.0-3_amd64.deb…
Unpacking amdrocm-core-dev7.14-gfx1033 (7.14.0-3)…
Selecting previously unselected package amdrocm-rand7.14-gfx1034.
Preparing to unpack …/154-amdrocm-rand7.14-gfx1034_7.14.0-3_amd64.deb…
Unpacking amdrocm-rand7.14-gfx1034 (7.14.0-3)…
Selecting previously unselected package amdrocm-fft7.14-gfx1034.
Preparing to unpack …/155-amdrocm-fft7.14-gfx1034_7.14.0-3_amd64.deb…
Unpacking amdrocm-fft7.14-gfx1034 (7.14.0-3)…
Selecting previously unselected package amdrocm-rccl7.14-gfx1034.
Preparing to unpack …/156-amdrocm-rccl7.14-gfx1034_7.14.0-3_amd64.deb…
Unpacking amdrocm-rccl7.14-gfx1034 (7.14.0-3)…
Selecting previously unselected package amdrocm-core7.14-gfx1034.
Preparing to unpack …/157-amdrocm-core7.14-gfx1034_7.14.0-3_amd64.deb…
Unpacking amdrocm-core7.14-gfx1034 (7.14.0-3)…
Selecting previously unselected package amdrocm-core-dev7.14-gfx1034.
Preparing to unpack …/158-amdrocm-core-dev7.14-gfx1034_7.14.0-3_amd64.deb…
Unpacking amdrocm-core-dev7.14-gfx1034 (7.14.0-3)…
Selecting previously unselected package amdrocm-rand7.14-gfx1035.
Preparing to unpack …/159-amdrocm-rand7.14-gfx1035_7.14.0-3_amd64.deb…
Unpacking amdrocm-rand7.14-gfx1035 (7.14.0-3)…
Selecting previously unselected package amdrocm-fft7.14-gfx1035.
Preparing to unpack …/160-amdrocm-fft7.14-gfx1035_7.14.0-3_amd64.deb…
Unpacking amdrocm-fft7.14-gfx1035 (7.14.0-3)…
Selecting previously unselected package amdrocm-rccl7.14-gfx1035.
Preparing to unpack …/161-amdrocm-rccl7.14-gfx1035_7.14.0-3_amd64.deb…
Unpacking amdrocm-rccl7.14-gfx1035 (7.14.0-3)…
Selecting previously unselected package amdrocm-core7.14-gfx1035.
Preparing to unpack …/162-amdrocm-core7.14-gfx1035_7.14.0-3_amd64.deb…
Unpacking amdrocm-core7.14-gfx1035 (7.14.0-3)…
Selecting previously unselected package amdrocm-core-dev7.14-gfx1035.
Preparing to unpack …/163-amdrocm-core-dev7.14-gfx1035_7.14.0-3_amd64.deb…
Unpacking amdrocm-core-dev7.14-gfx1035 (7.14.0-3)…
Selecting previously unselected package amdrocm-rand7.14-gfx1036.
Preparing to unpack …/164-amdrocm-rand7.14-gfx1036_7.14.0-3_amd64.deb…
Unpacking amdrocm-rand7.14-gfx1036 (7.14.0-3)…
Selecting previously unselected package amdrocm-fft7.14-gfx1036.
Preparing to unpack …/165-amdrocm-fft7.14-gfx1036_7.14.0-3_amd64.deb…
Unpacking amdrocm-fft7.14-gfx1036 (7.14.0-3)…
Selecting previously unselected package amdrocm-rccl7.14-gfx1036.
Preparing to unpack …/166-amdrocm-rccl7.14-gfx1036_7.14.0-3_amd64.deb…
Unpacking amdrocm-rccl7.14-gfx1036 (7.14.0-3)…
Selecting previously unselected package amdrocm-core7.14-gfx1036.
Preparing to unpack …/167-amdrocm-core7.14-gfx1036_7.14.0-3_amd64.deb…
Unpacking amdrocm-core7.14-gfx1036 (7.14.0-3)…
Selecting previously unselected package amdrocm-core-dev7.14-gfx1036.
Preparing to unpack …/168-amdrocm-core-dev7.14-gfx1036_7.14.0-3_amd64.deb…
Unpacking amdrocm-core-dev7.14-gfx1036 (7.14.0-3)…
Selecting previously unselected package amdrocm-rand7.14-gfx1100.
Preparing to unpack …/169-amdrocm-rand7.14-gfx1100_7.14.0-3_amd64.deb…
Unpacking amdrocm-rand7.14-gfx1100 (7.14.0-3)…
Selecting previously unselected package amdrocm-fft7.14-gfx1100.
Preparing to unpack …/170-amdrocm-fft7.14-gfx1100_7.14.0-3_amd64.deb…
Unpacking amdrocm-fft7.14-gfx1100 (7.14.0-3)…
Selecting previously unselected package amdrocm-dnn7.14-gfx1100.
Preparing to unpack …/171-amdrocm-dnn7.14-gfx1100_7.14.0-3_amd64.deb…
Unpacking amdrocm-dnn7.14-gfx1100 (7.14.0-3)…
Selecting previously unselected package amdrocm-rccl7.14-gfx1100.
Preparing to unpack …/172-amdrocm-rccl7.14-gfx1100_7.14.0-3_amd64.deb…
Unpacking amdrocm-rccl7.14-gfx1100 (7.14.0-3)…
Selecting previously unselected package amdrocm-core7.14-gfx1100.
Preparing to unpack …/173-amdrocm-core7.14-gfx1100_7.14.0-3_amd64.deb…
Unpacking amdrocm-core7.14-gfx1100 (7.14.0-3)…
Selecting previously unselected package amdrocm-core-dev7.14-gfx1100.
Preparing to unpack …/174-amdrocm-core-dev7.14-gfx1100_7.14.0-3_amd64.deb…
Unpacking amdrocm-core-dev7.14-gfx1100 (7.14.0-3)…
Selecting previously unselected package amdrocm-rand7.14-gfx1101.
Preparing to unpack …/175-amdrocm-rand7.14-gfx1101_7.14.0-3_amd64.deb…
Unpacking amdrocm-rand7.14-gfx1101 (7.14.0-3)…
Selecting previously unselected package amdrocm-fft7.14-gfx1101.
Preparing to unpack …/176-amdrocm-fft7.14-gfx1101_7.14.0-3_amd64.deb…
Unpacking amdrocm-fft7.14-gfx1101 (7.14.0-3)…
Selecting previously unselected package amdrocm-dnn7.14-gfx1101.
Preparing to unpack …/177-amdrocm-dnn7.14-gfx1101_7.14.0-3_amd64.deb…
Unpacking amdrocm-dnn7.14-gfx1101 (7.14.0-3)…
Selecting previously unselected package amdrocm-rccl7.14-gfx1101.
Preparing to unpack …/178-amdrocm-rccl7.14-gfx1101_7.14.0-3_amd64.deb…
Unpacking amdrocm-rccl7.14-gfx1101 (7.14.0-3)…
Selecting previously unselected package amdrocm-core7.14-gfx1101.
Preparing to unpack …/179-amdrocm-core7.14-gfx1101_7.14.0-3_amd64.deb…
Unpacking amdrocm-core7.14-gfx1101 (7.14.0-3)…
Selecting previously unselected package amdrocm-core-dev7.14-gfx1101.
Preparing to unpack …/180-amdrocm-core-dev7.14-gfx1101_7.14.0-3_amd64.deb…
Unpacking amdrocm-core-dev7.14-gfx1101 (7.14.0-3)…
Selecting previously unselected package amdrocm-rand7.14-gfx1102.
Preparing to unpack …/181-amdrocm-rand7.14-gfx1102_7.14.0-3_amd64.deb…
Unpacking amdrocm-rand7.14-gfx1102 (7.14.0-3)…
Selecting previously unselected package amdrocm-fft7.14-gfx1102.
Preparing to unpack …/182-amdrocm-fft7.14-gfx1102_7.14.0-3_amd64.deb…
Unpacking amdrocm-fft7.14-gfx1102 (7.14.0-3)…
Selecting previously unselected package amdrocm-dnn7.14-gfx1102.
Preparing to unpack …/183-amdrocm-dnn7.14-gfx1102_7.14.0-3_amd64.deb…
Unpacking amdrocm-dnn7.14-gfx1102 (7.14.0-3)…
Selecting previously unselected package amdrocm-rccl7.14-gfx1102.
Preparing to unpack …/184-amdrocm-rccl7.14-gfx1102_7.14.0-3_amd64.deb…
Unpacking amdrocm-rccl7.14-gfx1102 (7.14.0-3)…
Selecting previously unselected package amdrocm-core7.14-gfx1102.
Preparing to unpack …/185-amdrocm-core7.14-gfx1102_7.14.0-3_amd64.deb…
Unpacking amdrocm-core7.14-gfx1102 (7.14.0-3)…
Selecting previously unselected package amdrocm-core-dev7.14-gfx1102.
Preparing to unpack …/186-amdrocm-core-dev7.14-gfx1102_7.14.0-3_amd64.deb…
Unpacking amdrocm-core-dev7.14-gfx1102 (7.14.0-3)…
Selecting previously unselected package amdrocm-rand7.14-gfx1103.
Preparing to unpack …/187-amdrocm-rand7.14-gfx1103_7.14.0-3_amd64.deb…
Unpacking amdrocm-rand7.14-gfx1103 (7.14.0-3)…
Selecting previously unselected package amdrocm-fft7.14-gfx1103.
Preparing to unpack …/188-amdrocm-fft7.14-gfx1103_7.14.0-3_amd64.deb…
Unpacking amdrocm-fft7.14-gfx1103 (7.14.0-3)…
Selecting previously unselected package amdrocm-core7.14-gfx1103.
Preparing to unpack …/189-amdrocm-core7.14-gfx1103_7.14.0-3_amd64.deb…
Unpacking amdrocm-core7.14-gfx1103 (7.14.0-3)…
Selecting previously unselected package amdrocm-core-dev7.14-gfx1103.
Preparing to unpack …/190-amdrocm-core-dev7.14-gfx1103_7.14.0-3_amd64.deb…
Unpacking amdrocm-core-dev7.14-gfx1103 (7.14.0-3)…
Selecting previously unselected package amdrocm-rand7.14-gfx1150.
Preparing to unpack …/191-amdrocm-rand7.14-gfx1150_7.14.0-3_amd64.deb…
Unpacking amdrocm-rand7.14-gfx1150 (7.14.0-3)…
Selecting previously unselected package amdrocm-fft7.14-gfx1150.
Preparing to unpack …/192-amdrocm-fft7.14-gfx1150_7.14.0-3_amd64.deb…
Unpacking amdrocm-fft7.14-gfx1150 (7.14.0-3)…
Selecting previously unselected package amdrocm-dnn7.14-gfx1150.
Preparing to unpack …/193-amdrocm-dnn7.14-gfx1150_7.14.0-3_amd64.deb…
Unpacking amdrocm-dnn7.14-gfx1150 (7.14.0-3)…
Selecting previously unselected package amdrocm-core7.14-gfx1150.
Preparing to unpack …/194-amdrocm-core7.14-gfx1150_7.14.0-3_amd64.deb…
Unpacking amdrocm-core7.14-gfx1150 (7.14.0-3)…
Selecting previously unselected package amdrocm-core-dev7.14-gfx1150.
Preparing to unpack …/195-amdrocm-core-dev7.14-gfx1150_7.14.0-3_amd64.deb…
Unpacking amdrocm-core-dev7.14-gfx1150 (7.14.0-3)…
Selecting previously unselected package amdrocm-rand7.14-gfx1151.
Preparing to unpack …/196-amdrocm-rand7.14-gfx1151_7.14.0-3_amd64.deb…
Unpacking amdrocm-rand7.14-gfx1151 (7.14.0-3)…
Selecting previously unselected package amdrocm-fft7.14-gfx1151.
Preparing to unpack …/197-amdrocm-fft7.14-gfx1151_7.14.0-3_amd64.deb…
Unpacking amdrocm-fft7.14-gfx1151 (7.14.0-3)…
Selecting previously unselected package amdrocm-dnn7.14-gfx1151.
Preparing to unpack …/198-amdrocm-dnn7.14-gfx1151_7.14.0-3_amd64.deb…
Unpacking amdrocm-dnn7.14-gfx1151 (7.14.0-3)…
Selecting previously unselected package amdrocm-rccl7.14-gfx1151.
Preparing to unpack …/199-amdrocm-rccl7.14-gfx1151_7.14.0-3_amd64.deb…
Unpacking amdrocm-rccl7.14-gfx1151 (7.14.0-3)…
Selecting previously unselected package amdrocm-core7.14-gfx1151.
Preparing to unpack …/200-amdrocm-core7.14-gfx1151_7.14.0-3_amd64.deb…
Unpacking amdrocm-core7.14-gfx1151 (7.14.0-3)…
Selecting previously unselected package amdrocm-core-dev7.14-gfx1151.
Preparing to unpack …/201-amdrocm-core-dev7.14-gfx1151_7.14.0-3_amd64.deb…
Unpacking amdrocm-core-dev7.14-gfx1151 (7.14.0-3)…
Selecting previously unselected package amdrocm-rand7.14-gfx1152.
Preparing to unpack …/202-amdrocm-rand7.14-gfx1152_7.14.0-3_amd64.deb…
Unpacking amdrocm-rand7.14-gfx1152 (7.14.0-3)…
Selecting previously unselected package amdrocm-fft7.14-gfx1152.
Preparing to unpack …/203-amdrocm-fft7.14-gfx1152_7.14.0-3_amd64.deb…
Unpacking amdrocm-fft7.14-gfx1152 (7.14.0-3)…
Selecting previously unselected package amdrocm-dnn7.14-gfx1152.
Preparing to unpack …/204-amdrocm-dnn7.14-gfx1152_7.14.0-3_amd64.deb…
Unpacking amdrocm-dnn7.14-gfx1152 (7.14.0-3)…
Selecting previously unselected package amdrocm-core7.14-gfx1152.
Preparing to unpack …/205-amdrocm-core7.14-gfx1152_7.14.0-3_amd64.deb…
Unpacking amdrocm-core7.14-gfx1152 (7.14.0-3)…
Selecting previously unselected package amdrocm-core-dev7.14-gfx1152.
Preparing to unpack …/206-amdrocm-core-dev7.14-gfx1152_7.14.0-3_amd64.deb…
Unpacking amdrocm-core-dev7.14-gfx1152 (7.14.0-3)…
Selecting previously unselected package amdrocm-rand7.14-gfx1153.
Preparing to unpack …/207-amdrocm-rand7.14-gfx1153_7.14.0-3_amd64.deb…
Unpacking amdrocm-rand7.14-gfx1153 (7.14.0-3)…
Selecting previously unselected package amdrocm-fft7.14-gfx1153.
Preparing to unpack …/208-amdrocm-fft7.14-gfx1153_7.14.0-3_amd64.deb…
Unpacking amdrocm-fft7.14-gfx1153 (7.14.0-3)…
Selecting previously unselected package amdrocm-dnn7.14-gfx1153.
Preparing to unpack …/209-amdrocm-dnn7.14-gfx1153_7.14.0-3_amd64.deb…
Unpacking amdrocm-dnn7.14-gfx1153 (7.14.0-3)…
Selecting previously unselected package amdrocm-core7.14-gfx1153.
Preparing to unpack …/210-amdrocm-core7.14-gfx1153_7.14.0-3_amd64.deb…
Unpacking amdrocm-core7.14-gfx1153 (7.14.0-3)…
Selecting previously unselected package amdrocm-core-dev7.14-gfx1153.
Preparing to unpack …/211-amdrocm-core-dev7.14-gfx1153_7.14.0-3_amd64.deb…
Unpacking amdrocm-core-dev7.14-gfx1153 (7.14.0-3)…
Selecting previously unselected package amdrocm-rand7.14-gfx1200.
Preparing to unpack …/212-amdrocm-rand7.14-gfx1200_7.14.0-3_amd64.deb…
Unpacking amdrocm-rand7.14-gfx1200 (7.14.0-3)…
Selecting previously unselected package amdrocm-fft7.14-gfx1200.
Preparing to unpack …/213-amdrocm-fft7.14-gfx1200_7.14.0-3_amd64.deb…
Unpacking amdrocm-fft7.14-gfx1200 (7.14.0-3)…
Selecting previously unselected package amdrocm-dnn7.14-gfx1200.
Preparing to unpack …/214-amdrocm-dnn7.14-gfx1200_7.14.0-3_amd64.deb…
Unpacking amdrocm-dnn7.14-gfx1200 (7.14.0-3)…
Selecting previously unselected package amdrocm-rccl7.14-gfx1200.
Preparing to unpack …/215-amdrocm-rccl7.14-gfx1200_7.14.0-3_amd64.deb…
Unpacking amdrocm-rccl7.14-gfx1200 (7.14.0-3)…
Selecting previously unselected package amdrocm-core7.14-gfx1200.
Preparing to unpack …/216-amdrocm-core7.14-gfx1200_7.14.0-3_amd64.deb…
Unpacking amdrocm-core7.14-gfx1200 (7.14.0-3)…
Selecting previously unselected package amdrocm-core-dev7.14-gfx1200.
Preparing to unpack …/217-amdrocm-core-dev7.14-gfx1200_7.14.0-3_amd64.deb…
Unpacking amdrocm-core-dev7.14-gfx1200 (7.14.0-3)…
Selecting previously unselected package amdrocm-rand7.14-gfx1201.
Preparing to unpack …/218-amdrocm-rand7.14-gfx1201_7.14.0-3_amd64.deb…
Unpacking amdrocm-rand7.14-gfx1201 (7.14.0-3)…
Selecting previously unselected package amdrocm-fft7.14-gfx1201.
Preparing to unpack …/219-amdrocm-fft7.14-gfx1201_7.14.0-3_amd64.deb…
Unpacking amdrocm-fft7.14-gfx1201 (7.14.0-3)…
Selecting previously unselected package amdrocm-dnn7.14-gfx1201.
Preparing to unpack …/220-amdrocm-dnn7.14-gfx1201_7.14.0-3_amd64.deb…
Unpacking amdrocm-dnn7.14-gfx1201 (7.14.0-3)…
Selecting previously unselected package amdrocm-rccl7.14-gfx1201.
Preparing to unpack …/221-amdrocm-rccl7.14-gfx1201_7.14.0-3_amd64.deb…
Unpacking amdrocm-rccl7.14-gfx1201 (7.14.0-3)…
Selecting previously unselected package amdrocm-core7.14-gfx1201.
Preparing to unpack …/222-amdrocm-core7.14-gfx1201_7.14.0-3_amd64.deb…
Unpacking amdrocm-core7.14-gfx1201 (7.14.0-3)…
Selecting previously unselected package amdrocm-core-dev7.14-gfx1201.
Preparing to unpack …/223-amdrocm-core-dev7.14-gfx1201_7.14.0-3_amd64.deb…
Unpacking amdrocm-core-dev7.14-gfx1201 (7.14.0-3)…
Selecting previously unselected package amdrocm-rand7.14-gfx1250.
Preparing to unpack …/224-amdrocm-rand7.14-gfx1250_7.14.0-3_amd64.deb…
Unpacking amdrocm-rand7.14-gfx1250 (7.14.0-3)…
Selecting previously unselected package amdrocm-fft7.14-gfx1250.
Preparing to unpack …/225-amdrocm-fft7.14-gfx1250_7.14.0-3_amd64.deb…
Unpacking amdrocm-fft7.14-gfx1250 (7.14.0-3)…
Selecting previously unselected package amdrocm-rccl7.14-gfx1250.
Preparing to unpack …/226-amdrocm-rccl7.14-gfx1250_7.14.0-3_amd64.deb…
Unpacking amdrocm-rccl7.14-gfx1250 (7.14.0-3)…
Selecting previously unselected package amdrocm-core7.14-gfx1250.
Preparing to unpack …/227-amdrocm-core7.14-gfx1250_7.14.0-3_amd64.deb…
Unpacking amdrocm-core7.14-gfx1250 (7.14.0-3)…
Selecting previously unselected package amdrocm-core-dev7.14-gfx1250.
Preparing to unpack …/228-amdrocm-core-dev7.14-gfx1250_7.14.0-3_amd64.deb…
Unpacking amdrocm-core-dev7.14-gfx1250 (7.14.0-3)…
Selecting previously unselected package amdrocm-rand7.14-gfx908.
Preparing to unpack …/229-amdrocm-rand7.14-gfx908_7.14.0-3_amd64.deb…
Unpacking amdrocm-rand7.14-gfx908 (7.14.0-3)…
Selecting previously unselected package amdrocm-fft7.14-gfx908.
Preparing to unpack …/230-amdrocm-fft7.14-gfx908_7.14.0-3_amd64.deb…
Unpacking amdrocm-fft7.14-gfx908 (7.14.0-3)…
Selecting previously unselected package amdrocm-dnn7.14-gfx908.
Preparing to unpack …/231-amdrocm-dnn7.14-gfx908_7.14.0-3_amd64.deb…
Unpacking amdrocm-dnn7.14-gfx908 (7.14.0-3)…
Selecting previously unselected package amdrocm-rccl7.14-gfx908.
Preparing to unpack …/232-amdrocm-rccl7.14-gfx908_7.14.0-3_amd64.deb…
Unpacking amdrocm-rccl7.14-gfx908 (7.14.0-3)…
Selecting previously unselected package amdrocm-core7.14-gfx908.
Preparing to unpack …/233-amdrocm-core7.14-gfx908_7.14.0-3_amd64.deb…
Unpacking amdrocm-core7.14-gfx908 (7.14.0-3)…
Selecting previously unselected package amdrocm-core-dev7.14-gfx908.
Preparing to unpack …/234-amdrocm-core-dev7.14-gfx908_7.14.0-3_amd64.deb…
Unpacking amdrocm-core-dev7.14-gfx908 (7.14.0-3)…
Selecting previously unselected package amdrocm-rand7.14-gfx90a.
Preparing to unpack …/235-amdrocm-rand7.14-gfx90a_7.14.0-3_amd64.deb…
Unpacking amdrocm-rand7.14-gfx90a (7.14.0-3)…
Selecting previously unselected package amdrocm-fft7.14-gfx90a.
Preparing to unpack …/236-amdrocm-fft7.14-gfx90a_7.14.0-3_amd64.deb…
Unpacking amdrocm-fft7.14-gfx90a (7.14.0-3)…
Selecting previously unselected package amdrocm-dnn7.14-gfx90a.
Preparing to unpack …/237-amdrocm-dnn7.14-gfx90a_7.14.0-3_amd64.deb…
Unpacking amdrocm-dnn7.14-gfx90a (7.14.0-3)…
Selecting previously unselected package amdrocm-rccl7.14-gfx90a.
Preparing to unpack …/238-amdrocm-rccl7.14-gfx90a_7.14.0-3_amd64.deb…
Unpacking amdrocm-rccl7.14-gfx90a (7.14.0-3)…
Selecting previously unselected package amdrocm-core7.14-gfx90a.
Preparing to unpack …/239-amdrocm-core7.14-gfx90a_7.14.0-3_amd64.deb…
Unpacking amdrocm-core7.14-gfx90a (7.14.0-3)…
Selecting previously unselected package amdrocm-core-dev7.14-gfx90a.
Preparing to unpack …/240-amdrocm-core-dev7.14-gfx90a_7.14.0-3_amd64.deb…
Unpacking amdrocm-core-dev7.14-gfx90a (7.14.0-3)…
Selecting previously unselected package amdrocm-rand7.14-gfx942.
Preparing to unpack …/241-amdrocm-rand7.14-gfx942_7.14.0-3_amd64.deb…
Unpacking amdrocm-rand7.14-gfx942 (7.14.0-3)…
Selecting previously unselected package amdrocm-fft7.14-gfx942.
Preparing to unpack …/242-amdrocm-fft7.14-gfx942_7.14.0-3_amd64.deb…
Unpacking amdrocm-fft7.14-gfx942 (7.14.0-3)…
Selecting previously unselected package amdrocm-dnn7.14-gfx942.
Preparing to unpack …/243-amdrocm-dnn7.14-gfx942_7.14.0-3_amd64.deb…
Unpacking amdrocm-dnn7.14-gfx942 (7.14.0-3)…
Selecting previously unselected package amdrocm-rccl7.14-gfx942.
Preparing to unpack …/244-amdrocm-rccl7.14-gfx942_7.14.0-3_amd64.deb…
Unpacking amdrocm-rccl7.14-gfx942 (7.14.0-3)…
Selecting previously unselected package amdrocm-core7.14-gfx942.
Preparing to unpack …/245-amdrocm-core7.14-gfx942_7.14.0-3_amd64.deb…
Unpacking amdrocm-core7.14-gfx942 (7.14.0-3)…
Selecting previously unselected package amdrocm-core-dev7.14-gfx942.
Preparing to unpack …/246-amdrocm-core-dev7.14-gfx942_7.14.0-3_amd64.deb…
Unpacking amdrocm-core-dev7.14-gfx942 (7.14.0-3)…
Selecting previously unselected package amdrocm-rand7.14-gfx950.
Preparing to unpack …/247-amdrocm-rand7.14-gfx950_7.14.0-3_amd64.deb…
Unpacking amdrocm-rand7.14-gfx950 (7.14.0-3)…
Selecting previously unselected package amdrocm-fft7.14-gfx950.
Preparing to unpack …/248-amdrocm-fft7.14-gfx950_7.14.0-3_amd64.deb…
Unpacking amdrocm-fft7.14-gfx950 (7.14.0-3)…
Selecting previously unselected package amdrocm-dnn7.14-gfx950.
Preparing to unpack …/249-amdrocm-dnn7.14-gfx950_7.14.0-3_amd64.deb…
Unpacking amdrocm-dnn7.14-gfx950 (7.14.0-3)…
Selecting previously unselected package amdrocm-rccl7.14-gfx950.
Preparing to unpack …/250-amdrocm-rccl7.14-gfx950_7.14.0-3_amd64.deb…
Unpacking amdrocm-rccl7.14-gfx950 (7.14.0-3)…
Selecting previously unselected package amdrocm-core7.14-gfx950.
Preparing to unpack …/251-amdrocm-core7.14-gfx950_7.14.0-3_amd64.deb…
Unpacking amdrocm-core7.14-gfx950 (7.14.0-3)…
Selecting previously unselected package amdrocm-core-dev7.14-gfx950.
Preparing to unpack …/252-amdrocm-core-dev7.14-gfx950_7.14.0-3_amd64.deb…
Unpacking amdrocm-core-dev7.14-gfx950 (7.14.0-3)…
Selecting previously unselected package amdrocm-profiler7.14.
Preparing to unpack …/253-amdrocm-profiler7.14_7.14.0-3_amd64.deb…
Unpacking amdrocm-profiler7.14 (7.14.0-3)…
Selecting previously unselected package amdrocm-emulation7.14.
Preparing to unpack …/254-amdrocm-emulation7.14_7.14.0-3_amd64.deb…
Unpacking amdrocm-emulation7.14 (7.14.0-3)…
Selecting previously unselected package amdrocm-developer-tools7.14.
Preparing to unpack …/255-amdrocm-developer-tools7.14_7.14.0-3_amd64.deb…
Unpacking amdrocm-developer-tools7.14 (7.14.0-3)…
Selecting previously unselected package amdrocm-rdc7.14.
Preparing to unpack …/256-amdrocm-rdc7.14_7.14.0-3_amd64.deb…
Unpacking amdrocm-rdc7.14 (7.14.0-3)…
Selecting previously unselected package amdrocm-core-sdk7.14-gfx1010.
Preparing to unpack …/257-amdrocm-core-sdk7.14-gfx1010_7.14.0-3_amd64.deb…
Unpacking amdrocm-core-sdk7.14-gfx1010 (7.14.0-3)…
Selecting previously unselected package amdrocm-core-sdk7.14-gfx1011.
Preparing to unpack …/258-amdrocm-core-sdk7.14-gfx1011_7.14.0-3_amd64.deb…
Unpacking amdrocm-core-sdk7.14-gfx1011 (7.14.0-3)…
Selecting previously unselected package amdrocm-core-sdk7.14-gfx1012.
Preparing to unpack …/259-amdrocm-core-sdk7.14-gfx1012_7.14.0-3_amd64.deb…
Unpacking amdrocm-core-sdk7.14-gfx1012 (7.14.0-3)…
Selecting previously unselected package amdrocm-core-sdk7.14-gfx1030.
Preparing to unpack …/260-amdrocm-core-sdk7.14-gfx1030_7.14.0-3_amd64.deb…
Unpacking amdrocm-core-sdk7.14-gfx1030 (7.14.0-3)…
Selecting previously unselected package amdrocm-core-sdk7.14-gfx1031.
Preparing to unpack …/261-amdrocm-core-sdk7.14-gfx1031_7.14.0-3_amd64.deb…
Unpacking amdrocm-core-sdk7.14-gfx1031 (7.14.0-3)…
Selecting previously unselected package amdrocm-core-sdk7.14-gfx1032.
Preparing to unpack …/262-amdrocm-core-sdk7.14-gfx1032_7.14.0-3_amd64.deb…
Unpacking amdrocm-core-sdk7.14-gfx1032 (7.14.0-3)…
Selecting previously unselected package amdrocm-core-sdk7.14-gfx1033.
Preparing to unpack …/263-amdrocm-core-sdk7.14-gfx1033_7.14.0-3_amd64.deb…
Unpacking amdrocm-core-sdk7.14-gfx1033 (7.14.0-3)…
Selecting previously unselected package amdrocm-core-sdk7.14-gfx1034.
Preparing to unpack …/264-amdrocm-core-sdk7.14-gfx1034_7.14.0-3_amd64.deb…
Unpacking amdrocm-core-sdk7.14-gfx1034 (7.14.0-3)…
Selecting previously unselected package amdrocm-core-sdk7.14-gfx1035.
Preparing to unpack …/265-amdrocm-core-sdk7.14-gfx1035_7.14.0-3_amd64.deb…
Unpacking amdrocm-core-sdk7.14-gfx1035 (7.14.0-3)…
Selecting previously unselected package amdrocm-core-sdk7.14-gfx1036.
Preparing to unpack …/266-amdrocm-core-sdk7.14-gfx1036_7.14.0-3_amd64.deb…
Unpacking amdrocm-core-sdk7.14-gfx1036 (7.14.0-3)…
Selecting previously unselected package amdrocm-core-sdk7.14-gfx1100.
Preparing to unpack …/267-amdrocm-core-sdk7.14-gfx1100_7.14.0-3_amd64.deb…
Unpacking amdrocm-core-sdk7.14-gfx1100 (7.14.0-3)…
Selecting previously unselected package amdrocm-core-sdk7.14-gfx1101.
Preparing to unpack …/268-amdrocm-core-sdk7.14-gfx1101_7.14.0-3_amd64.deb…
Unpacking amdrocm-core-sdk7.14-gfx1101 (7.14.0-3)…
Selecting previously unselected package amdrocm-core-sdk7.14-gfx1102.
Preparing to unpack …/269-amdrocm-core-sdk7.14-gfx1102_7.14.0-3_amd64.deb…
Unpacking amdrocm-core-sdk7.14-gfx1102 (7.14.0-3)…
Selecting previously unselected package amdrocm-core-sdk7.14-gfx1103.
Preparing to unpack …/270-amdrocm-core-sdk7.14-gfx1103_7.14.0-3_amd64.deb…
Unpacking amdrocm-core-sdk7.14-gfx1103 (7.14.0-3)…
Selecting previously unselected package amdrocm-core-sdk7.14-gfx1150.
Preparing to unpack …/271-amdrocm-core-sdk7.14-gfx1150_7.14.0-3_amd64.deb…
Unpacking amdrocm-core-sdk7.14-gfx1150 (7.14.0-3)…
Selecting previously unselected package amdrocm-core-sdk7.14-gfx1151.
Preparing to unpack …/272-amdrocm-core-sdk7.14-gfx1151_7.14.0-3_amd64.deb…
Unpacking amdrocm-core-sdk7.14-gfx1151 (7.14.0-3)…
Selecting previously unselected package amdrocm-core-sdk7.14-gfx1152.
Preparing to unpack …/273-amdrocm-core-sdk7.14-gfx1152_7.14.0-3_amd64.deb…
Unpacking amdrocm-core-sdk7.14-gfx1152 (7.14.0-3)…
Selecting previously unselected package amdrocm-core-sdk7.14-gfx1153.
Preparing to unpack …/274-amdrocm-core-sdk7.14-gfx1153_7.14.0-3_amd64.deb…
Unpacking amdrocm-core-sdk7.14-gfx1153 (7.14.0-3)…
Selecting previously unselected package amdrocm-core-sdk7.14-gfx1200.
Preparing to unpack …/275-amdrocm-core-sdk7.14-gfx1200_7.14.0-3_amd64.deb…
Unpacking amdrocm-core-sdk7.14-gfx1200 (7.14.0-3)…
Selecting previously unselected package amdrocm-core-sdk7.14-gfx1201.
Preparing to unpack …/276-amdrocm-core-sdk7.14-gfx1201_7.14.0-3_amd64.deb…
Unpacking amdrocm-core-sdk7.14-gfx1201 (7.14.0-3)…
Selecting previously unselected package amdrocm-core-sdk7.14-gfx1250.
Preparing to unpack …/277-amdrocm-core-sdk7.14-gfx1250_7.14.0-3_amd64.deb…
Unpacking amdrocm-core-sdk7.14-gfx1250 (7.14.0-3)…
Selecting previously unselected package amdrocm-core-sdk7.14-gfx908.
Preparing to unpack …/278-amdrocm-core-sdk7.14-gfx908_7.14.0-3_amd64.deb…
Unpacking amdrocm-core-sdk7.14-gfx908 (7.14.0-3)…
Selecting previously unselected package amdrocm-core-sdk7.14-gfx90a.
Preparing to unpack …/279-amdrocm-core-sdk7.14-gfx90a_7.14.0-3_amd64.deb…
Unpacking amdrocm-core-sdk7.14-gfx90a (7.14.0-3)…
Selecting previously unselected package amdrocm-core-sdk7.14-gfx942.
Preparing to unpack …/280-amdrocm-core-sdk7.14-gfx942_7.14.0-3_amd64.deb…
Unpacking amdrocm-core-sdk7.14-gfx942 (7.14.0-3)…
Selecting previously unselected package amdrocm-core-sdk7.14-gfx950.
Preparing to unpack …/281-amdrocm-core-sdk7.14-gfx950_7.14.0-3_amd64.deb…
Unpacking amdrocm-core-sdk7.14-gfx950 (7.14.0-3)…
Selecting previously unselected package amdrocm-core-sdk7.14.
Preparing to unpack …/282-amdrocm-core-sdk7.14_7.14.0-3_amd64.deb…
Unpacking amdrocm-core-sdk7.14 (7.14.0-3)…
Selecting previously unselected package libc6-i386.
Preparing to unpack …/283-libc6-i386_2.43-2ubuntu2.3_amd64.deb…
Unpacking libc6-i386 (2.43-2ubuntu2.3)…
Selecting previously unselected package libc6-dev-i386.
Preparing to unpack …/284-libc6-dev-i386_2.43-2ubuntu2.3_amd64.deb…
Unpacking libc6-dev-i386 (2.43-2ubuntu2.3)…
Selecting previously unselected package libc6-x32.
Preparing to unpack …/285-libc6-x32_2.43-2ubuntu2.3_amd64.deb…
Unpacking libc6-x32 (2.43-2ubuntu2.3)…
Selecting previously unselected package libc6-dev-x32.
Preparing to unpack …/286-libc6-dev-x32_2.43-2ubuntu2.3_amd64.deb…
Unpacking libc6-dev-x32 (2.43-2ubuntu2.3)…
Selecting previously unselected package lib32gcc-s1.
Preparing to unpack …/287-lib32gcc-s1_16-20260322-1ubuntu1_amd64.deb…
Unpacking lib32gcc-s1 (16-20260322-1ubuntu1)…
Selecting previously unselected package libx32gcc-s1.
Preparing to unpack …/288-libx32gcc-s1_16-20260322-1ubuntu1_amd64.deb…
Unpacking libx32gcc-s1 (16-20260322-1ubuntu1)…
Selecting previously unselected package lib32gomp1.
Preparing to unpack …/289-lib32gomp1_16-20260322-1ubuntu1_amd64.deb…
Unpacking lib32gomp1 (16-20260322-1ubuntu1)…
Selecting previously unselected package libx32gomp1.
Preparing to unpack …/290-libx32gomp1_16-20260322-1ubuntu1_amd64.deb…
Unpacking libx32gomp1 (16-20260322-1ubuntu1)…
Selecting previously unselected package lib32itm1.
Preparing to unpack …/291-lib32itm1_16-20260322-1ubuntu1_amd64.deb…
Unpacking lib32itm1 (16-20260322-1ubuntu1)…
Selecting previously unselected package libx32itm1.
Preparing to unpack …/292-libx32itm1_16-20260322-1ubuntu1_amd64.deb…
Unpacking libx32itm1 (16-20260322-1ubuntu1)…
Selecting previously unselected package lib32atomic1.
Preparing to unpack …/293-lib32atomic1_16-20260322-1ubuntu1_amd64.deb…
Unpacking lib32atomic1 (16-20260322-1ubuntu1)…
Selecting previously unselected package libx32atomic1.
Preparing to unpack …/294-libx32atomic1_16-20260322-1ubuntu1_amd64.deb…
Unpacking libx32atomic1 (16-20260322-1ubuntu1)…
Selecting previously unselected package lib32asan8.
Preparing to unpack …/295-lib32asan8_16-20260322-1ubuntu1_amd64.deb…
Unpacking lib32asan8 (16-20260322-1ubuntu1)…
Selecting previously unselected package libx32asan8.
Preparing to unpack …/296-libx32asan8_16-20260322-1ubuntu1_amd64.deb…
Unpacking libx32asan8 (16-20260322-1ubuntu1)…
Selecting previously unselected package lib32stdc++6.
Preparing to unpack …/297-lib32stdc++6_16-20260322-1ubuntu1_amd64.deb…
Unpacking lib32stdc++6 (16-20260322-1ubuntu1)…
Selecting previously unselected package lib32ubsan1.
Preparing to unpack …/298-lib32ubsan1_16-20260322-1ubuntu1_amd64.deb…
Unpacking lib32ubsan1 (16-20260322-1ubuntu1)…
Selecting previously unselected package libx32stdc++6.
Preparing to unpack …/299-libx32stdc++6_16-20260322-1ubuntu1_amd64.deb…
Unpacking libx32stdc++6 (16-20260322-1ubuntu1)…
Selecting previously unselected package libx32ubsan1.
Preparing to unpack …/300-libx32ubsan1_16-20260322-1ubuntu1_amd64.deb…
Unpacking libx32ubsan1 (16-20260322-1ubuntu1)…
Selecting previously unselected package lib32quadmath0.
Preparing to unpack …/301-lib32quadmath0_16-20260322-1ubuntu1_amd64.deb…
Unpacking lib32quadmath0 (16-20260322-1ubuntu1)…
Selecting previously unselected package libx32quadmath0.
Preparing to unpack …/302-libx32quadmath0_16-20260322-1ubuntu1_amd64.deb…
Unpacking libx32quadmath0 (16-20260322-1ubuntu1)…
Selecting previously unselected package lib32gcc-15-dev.
Preparing to unpack …/303-lib32gcc-15-dev_15.2.0-16ubuntu1_amd64.deb…
Unpacking lib32gcc-15-dev (15.2.0-16ubuntu1)…
Selecting previously unselected package libx32gcc-15-dev.
Preparing to unpack …/304-libx32gcc-15-dev_15.2.0-16ubuntu1_amd64.deb…
Unpacking libx32gcc-15-dev (15.2.0-16ubuntu1)…
Selecting previously unselected package gcc-15-multilib.
Preparing to unpack …/305-gcc-15-multilib_15.2.0-16ubuntu1_amd64.deb…
Unpacking gcc-15-multilib (15.2.0-16ubuntu1)…
Selecting previously unselected package lib32stdc++-15-dev.
Preparing to unpack …/306-lib32stdc++-15-dev_15.2.0-16ubuntu1_amd64.deb…
Unpacking lib32stdc++-15-dev (15.2.0-16ubuntu1)…
Selecting previously unselected package libx32stdc++-15-dev.
Preparing to unpack …/307-libx32stdc++-15-dev_15.2.0-16ubuntu1_amd64.deb…
Unpacking libx32stdc++-15-dev (15.2.0-16ubuntu1)…
Selecting previously unselected package g++-15-multilib.
Preparing to unpack …/308-g++-15-multilib_15.2.0-16ubuntu1_amd64.deb…
Unpacking g++-15-multilib (15.2.0-16ubuntu1)…
Selecting previously unselected package gcc-multilib.
Preparing to unpack …/309-gcc-multilib_4%3a15.2.0-5ubuntu1_amd64.deb…
Unpacking gcc-multilib (4:15.2.0-5ubuntu1)…
Selecting previously unselected package g++-multilib.
Preparing to unpack …/310-g++-multilib_4%3a15.2.0-5ubuntu1_amd64.deb…
Unpacking g++-multilib (4:15.2.0-5ubuntu1)…
Setting up gcc-11-base:amd64 (11.5.0-11ubuntu2)…
Setting up amdrocm-rand-dev7.14 (7.14.0-3)…
Setting up amdrocm-rccl-dev7.14 (7.14.0-3)…
Setting up amdrocm-fft-dev7.14 (7.14.0-3)…
Setting up amdrocm-hipify7.14 (7.14.0-3)…
Setting up amdrocm-sysdeps7.14 (7.14.0-3)…
Setting up amdrocm-hipblas-common-dev7.14 (7.14.0-3)…
Setting up libasan6:amd64 (11.5.0-11ubuntu2)…
Setting up amdrocm-solver-dev7.14 (7.14.0-3)…
Setting up libc6-x32 (2.43-2ubuntu2.3)…
Setting up amdrocm-ccl-dev7.14 (7.14.0-3)…
Setting up libx32gomp1 (16-20260322-1ubuntu1)…
Setting up amdrocm-math-common7.14 (7.14.0-3)…
Setting up libc6-i386 (2.43-2ubuntu2.3)…
Setting up libx32quadmath0 (16-20260322-1ubuntu1)…
Setting up amdrocm-blas-dev7.14 (7.14.0-3)…
Setting up amdrocm-dnn-dev7.14 (7.14.0-3)…
Setting up amdrocm-ck7.14 (7.14.0-3)…
Setting up lib32atomic1 (16-20260322-1ubuntu1)…
Setting up amdrocm-sparse-dev7.14 (7.14.0-3)…
Setting up libtsan0:amd64 (11.5.0-11ubuntu2)…
Setting up libx32atomic1 (16-20260322-1ubuntu1)…
Setting up amdrocm-amdsmi7.14 (7.14.0-3)…
Setting up amdrocm-debugger7.14 (7.14.0-3)…
Setting up libc6-dev-i386 (2.43-2ubuntu2.3)…
Setting up lib32itm1 (16-20260322-1ubuntu1)…
Setting up amdrocm-solver-host7.14 (7.14.0-3)…
Setting up libx32gcc-s1 (16-20260322-1ubuntu1)…
Setting up libx32itm1 (16-20260322-1ubuntu1)…
Setting up libx32asan8 (16-20260322-1ubuntu1)…
Setting up libc6-dev-x32 (2.43-2ubuntu2.3)…
Setting up lib32gomp1 (16-20260322-1ubuntu1)…
Setting up lib32gcc-s1 (16-20260322-1ubuntu1)…
Setting up lib32stdc++6 (16-20260322-1ubuntu1)…
Setting up lib32asan8 (16-20260322-1ubuntu1)…
Setting up libgcc-11-dev:amd64 (11.5.0-11ubuntu2)…
Setting up lib32quadmath0 (16-20260322-1ubuntu1)…
Setting up libx32stdc++6 (16-20260322-1ubuntu1)…
Setting up libx32ubsan1 (16-20260322-1ubuntu1)…
Setting up lib32ubsan1 (16-20260322-1ubuntu1)…
Setting up libx32gcc-15-dev (15.2.0-16ubuntu1)…
Setting up libstdc++-11-dev:amd64 (11.5.0-11ubuntu2)…
Setting up libx32stdc++-15-dev (15.2.0-16ubuntu1)…
Setting up lib32gcc-15-dev (15.2.0-16ubuntu1)…
Setting up gcc-15-multilib (15.2.0-16ubuntu1)…
Setting up lib32stdc++-15-dev (15.2.0-16ubuntu1)…
Setting up gcc-multilib (4:15.2.0-5ubuntu1)…
Setting up g++-15-multilib (15.2.0-16ubuntu1)…
Setting up g++-multilib (4:15.2.0-5ubuntu1)…
Setting up amdrocm-llvm7.14 (7.14.0-3)…
Setting up amdrocm-solver7.14-gfx1012 (7.14.0-3)…
Setting up amdrocm-base7.14 (7.14.0-3)…
Setting up amdrocm-solver7.14-gfx1036 (7.14.0-3)…
Setting up amdrocm-rocshmem7.14 (7.14.0-3)…
Setting up amdrocm-llvm-dev7.14 (7.14.0-3)…
Setting up amdrocm-runtime7.14 (7.14.0-3)…
Setting up amdrocm-decode7.14 (7.14.0-3)…
Setting up amdrocm-opencl7.14 (7.14.0-3)…
Setting up amdrocm-profiler-base7.14 (7.14.0-3)…
Setting up amdrocm-rocshmem-dev7.14 (7.14.0-3)…
Setting up amdrocm-opencl-dev7.14 (7.14.0-3)…
Setting up amdrocm-runtime-dev7.14 (7.14.0-3)…
Setting up amdrocm-sparse-host7.14 (7.14.0-3)…
Setting up amdrocm-hipfile7.14 (7.14.0-3)…
Setting up amdrocm-dnn-host7.14 (7.14.0-3)…
Setting up amdrocm-jpeg7.14 (7.14.0-3)…
Setting up amdrocm-fft-host7.14 (7.14.0-3)…
Setting up amdrocm-fft7.14-gfx1012 (7.14.0-3)…
Setting up amdrocm-emulation7.14 (7.14.0-3)…
Setting up amdrocm-fft7.14-gfx1011 (7.14.0-3)…
Setting up amdrocm-fft7.14-gfx1035 (7.14.0-3)…
Setting up amdrocm-fft7.14-gfx1010 (7.14.0-3)…
Setting up amdrocm-rand-host7.14 (7.14.0-3)…
Setting up amdrocm-fft7.14-gfx1034 (7.14.0-3)…
Setting up amdrocm-rand7.14-gfx1010 (7.14.0-3)…
Setting up amdrocm-decode-dev7.14 (7.14.0-3)…
Setting up amdrocm-fft7.14-gfx1101 (7.14.0-3)…
Setting up amdrocm-rand7.14-gfx908 (7.14.0-3)…
Setting up amdrocm-fft7.14-gfx1036 (7.14.0-3)…
Setting up amdrocm-rand7.14-gfx1011 (7.14.0-3)…
Setting up amdrocm-fft7.14-gfx1250 (7.14.0-3)…
Setting up amdrocm-fft7.14-gfx950 (7.14.0-3)…
Setting up amdrocm-rccl-host7.14 (7.14.0-3)…
Setting up amdrocm-rccl7.14-gfx1012 (7.14.0-3)…
Setting up amdrocm-rccl7.14-gfx1036 (7.14.0-3)…
Setting up amdrocm-fft7.14-gfx1100 (7.14.0-3)…
Setting up amdrocm-fft7.14-gfx1031 (7.14.0-3)…
Setting up amdrocm-rand7.14-gfx1012 (7.14.0-3)…
Setting up amdrocm-rccl7.14-gfx1100 (7.14.0-3)…
Setting up amdrocm-rccl7.14-gfx1035 (7.14.0-3)…
Setting up amdrocm-fft7.14-gfx90a (7.14.0-3)…
Setting up amdrocm-fft7.14-gfx1103 (7.14.0-3)…
Setting up amdrocm-fft7.14-gfx1030 (7.14.0-3)…
Setting up amdrocm-profiler7.14 (7.14.0-3)…
Setting up amdrocm-developer-tools7.14 (7.14.0-3)…
Setting up amdrocm-rand7.14-gfx1151 (7.14.0-3)…
Setting up amdrocm-blas-host7.14 (7.14.0-3)…
Setting up amdrocm-sparse7.14-gfx1034 (7.14.0-3)…
Setting up amdrocm-sparse7.14-gfx908 (7.14.0-3)…
Setting up amdrocm-blas7.14-gfx1250 (7.14.0-3)…
Setting up amdrocm-rccl7.14-gfx1034 (7.14.0-3)…
Setting up amdrocm-fft7.14-gfx1102 (7.14.0-3)…
Setting up amdrocm-sparse7.14-gfx1103 (7.14.0-3)…
Setting up amdrocm-rccl7.14-gfx908 (7.14.0-3)…
Setting up amdrocm-fft7.14-gfx1033 (7.14.0-3)…
Setting up amdrocm-rand7.14-gfx1150 (7.14.0-3)…
Setting up amdrocm-blas7.14-gfx1012 (7.14.0-3)…
Setting up amdrocm-sparse7.14-gfx1033 (7.14.0-3)…
Setting up amdrocm-solver7.14-gfx1033 (7.14.0-3)…
Setting up amdrocm-rccl7.14-gfx1033 (7.14.0-3)…
Setting up amdrocm-sparse7.14-gfx1102 (7.14.0-3)…
Setting up amdrocm-fft7.14-gfx1152 (7.14.0-3)…
Setting up amdrocm-fft7.14-gfx1032 (7.14.0-3)…
Setting up amdrocm-rccl7.14-gfx1151 (7.14.0-3)…
Setting up amdrocm-sparse7.14-gfx1150 (7.14.0-3)…
Setting up amdrocm-blas7.14-gfx1200 (7.14.0-3)…
Setting up amdrocm-rand7.14-gfx1153 (7.14.0-3)…
Setting up amdrocm-blas7.14-gfx1011 (7.14.0-3)…
Setting up amdrocm-sparse7.14-gfx1032 (7.14.0-3)…
Setting up amdrocm-blas7.14-gfx1036 (7.14.0-3)…
Setting up amdrocm-rccl7.14-gfx1032 (7.14.0-3)…
Setting up amdrocm-solver7.14-gfx1150 (7.14.0-3)…
Setting up amdrocm-sparse7.14-gfx1101 (7.14.0-3)…
Setting up amdrocm-rdc7.14 (7.14.0-3)…
Setting up amdrocm-fft7.14-gfx1153 (7.14.0-3)…
Setting up amdrocm-sparse7.14-gfx950 (7.14.0-3)…
Setting up amdrocm-sparse7.14-gfx1151 (7.14.0-3)…
Setting up amdrocm-blas7.14-gfx1201 (7.14.0-3)…
Setting up amdrocm-rand7.14-gfx1152 (7.14.0-3)…
Setting up amdrocm-rand7.14-gfx1250 (7.14.0-3)…
Setting up amdrocm-blas7.14-gfx1010 (7.14.0-3)…
Setting up amdrocm-sparse7.14-gfx1031 (7.14.0-3)…
Setting up amdrocm-fft7.14-gfx1200 (7.14.0-3)…
Setting up amdrocm-solver7.14-gfx1031 (7.14.0-3)…
Setting up amdrocm-hipfile-dev7.14 (7.14.0-3)…
Setting up amdrocm-rccl7.14-gfx1031 (7.14.0-3)…
Setting up amdrocm-rand7.14-gfx1032 (7.14.0-3)…
Setting up amdrocm-jpeg-dev7.14 (7.14.0-3)…
Setting up amdrocm-rccl7.14-gfx950 (7.14.0-3)…
Setting up amdrocm-sparse7.14-gfx1100 (7.14.0-3)…
Setting up amdrocm-fft7.14-gfx1150 (7.14.0-3)…
Setting up amdrocm-sparse7.14-gfx1152 (7.14.0-3)…
Setting up amdrocm-sparse7.14-gfx1030 (7.14.0-3)…
Setting up amdrocm-rand7.14-gfx1102 (7.14.0-3)…
Setting up amdrocm-fft7.14-gfx1201 (7.14.0-3)…
Setting up amdrocm-rccl7.14-gfx1030 (7.14.0-3)…
Setting up amdrocm-rand7.14-gfx1033 (7.14.0-3)…
Setting up amdrocm-solver7.14-gfx1152 (7.14.0-3)…
Setting up amdrocm-rccl7.14-gfx1200 (7.14.0-3)…
Setting up amdrocm-fft7.14-gfx1151 (7.14.0-3)…
Setting up amdrocm-sparse7.14-gfx1153 (7.14.0-3)…
Setting up amdrocm-rand7.14-gfx1103 (7.14.0-3)…
Setting up amdrocm-rand7.14-gfx1030 (7.14.0-3)…
Setting up amdrocm-rccl7.14-gfx1201 (7.14.0-3)…
Setting up amdrocm-blas7.14-gfx1152 (7.14.0-3)…
Setting up amdrocm-fft7.14-gfx942 (7.14.0-3)…
Setting up amdrocm-sparse7.14-gfx90a (7.14.0-3)…
Setting up amdrocm-rand7.14-gfx1100 (7.14.0-3)…
Setting up amdrocm-solver7.14-gfx1034 (7.14.0-3)…
Setting up amdrocm-rand7.14-gfx1031 (7.14.0-3)…
Setting up amdrocm-rand7.14-gfx90a (7.14.0-3)…
Setting up amdrocm-sparse7.14-gfx1250 (7.14.0-3)…
Setting up amdrocm-blas7.14-gfx1103 (7.14.0-3)…
Setting up amdrocm-rccl7.14-gfx942 (7.14.0-3)…
Setting up amdrocm-rand7.14-gfx1101 (7.14.0-3)…
Setting up amdrocm-rand7.14-gfx1036 (7.14.0-3)…
Setting up amdrocm-sparse7.14-gfx1011 (7.14.0-3)…
Setting up amdrocm-blas7.14-gfx1150 (7.14.0-3)…
Setting up amdrocm-blas7.14-gfx1102 (7.14.0-3)…
Setting up amdrocm-fft7.14-gfx908 (7.14.0-3)…
Setting up amdrocm-rand7.14-gfx1201 (7.14.0-3)…
Setting up amdrocm-sparse7.14-gfx1010 (7.14.0-3)…
Setting up amdrocm-rand7.14-gfx1200 (7.14.0-3)…
Setting up amdrocm-rand7.14-gfx1034 (7.14.0-3)…
Setting up amdrocm-solver7.14-gfx1102 (7.14.0-3)…
Setting up amdrocm-rand7.14-gfx950 (7.14.0-3)…
Setting up amdrocm-rand7.14-gfx1035 (7.14.0-3)…
Setting up amdrocm-sparse7.14-gfx1012 (7.14.0-3)…
Setting up amdrocm-dnn7.14-gfx1102 (7.14.0-3)…
Setting up amdrocm-rccl7.14-gfx1011 (7.14.0-3)…
Setting up amdrocm-blas7.14-gfx1031 (7.14.0-3)…
Setting up amdrocm-solver7.14-gfx1103 (7.14.0-3)…
Setting up amdrocm-rand7.14-gfx942 (7.14.0-3)…
Setting up amdrocm-rccl7.14-gfx1250 (7.14.0-3)…
Setting up amdrocm-rccl7.14-gfx1010 (7.14.0-3)…
Setting up amdrocm-solver7.14-gfx1100 (7.14.0-3)…
Setting up amdrocm-rccl7.14-gfx90a (7.14.0-3)…
Setting up amdrocm-rccl7.14-gfx1102 (7.14.0-3)…
Setting up amdrocm-solver7.14-gfx908 (7.14.0-3)…
Setting up amdrocm-blas7.14-gfx1033 (7.14.0-3)…
Setting up amdrocm-solver7.14-gfx1101 (7.14.0-3)…
Setting up amdrocm-core7.14-gfx1031 (7.14.0-3)…
update-alternatives: using /opt/rocm/core-7.14 to provide /opt/rocm/core (core) in auto mode
update-alternatives: using /opt/rocm/core-7.14 to provide /opt/rocm/core-7 (core-7) in auto mode
update-alternatives: using /opt/rocm/core-7.14/bin to provide /opt/rocm/bin (rocm-bin) in auto mode
update-alternatives: using /opt/rocm/core-7.14/lib to provide /opt/rocm/lib (rocm-lib) in auto mode
update-alternatives: using /opt/rocm/core-7.14/include to provide /opt/rocm/include (rocm-include) in auto mode
update-alternatives: using /opt/rocm/core-7.14/llvm to provide /opt/rocm/llvm (rocm-llvm) in auto mode
update-alternatives: using /opt/rocm/core-7.14/amdgcn to provide /opt/rocm/amdgcn (rocm-amdgcn) in auto mode
update-alternatives: using /opt/rocm/core-7.14/libexec to provide /opt/rocm/libexec (rocm-libexec) in auto mode
update-alternatives: using /opt/rocm/core-7.14/share to provide /opt/rocm/share (rocm-share) in auto mode
update-alternatives: using /opt/rocm/core-7.14/bin/hipcc to provide /usr/bin/hipcc (hipcc) in auto mode
update-alternatives: using /opt/rocm/core-7.14/bin/hipconfig to provide /usr/bin/hipconfig (hipconfig) in auto mode
update-alternatives: using /opt/rocm/core-7.14/bin/hipify-clang to provide /usr/bin/hipify-clang (hipify-clang) in auto mode
update-alternatives: using /opt/rocm/core-7.14/bin/rocminfo to provide /usr/bin/rocminfo (rocminfo) in auto mode
update-alternatives: using /opt/rocm/core-7.14/bin/amd-smi to provide /usr/bin/amd-smi (amd-smi) in auto mode
update-alternatives: using /opt/rocm/core-7.14/bin/rocm_agent_enumerator to provide /usr/bin/rocm_agent_enumerator (rocm_agent_enumerator) in auto mode
update-alternatives: using /opt/rocm/core-7.14/bin/rocm-smi to provide /usr/bin/rocm-smi (rocm-smi) in auto mode
update-alternatives: using /opt/rocm/core-7.14/bin/rocprofv3 to provide /usr/bin/rocprofv3 (rocprofv3) in auto mode
update-alternatives: using /opt/rocm/core-7.14/bin/rocprofv3-avail to provide /usr/bin/rocprofv3-avail (rocprofv3-avail) in auto mode
update-alternatives: using /opt/rocm/core-7.14/bin/rocgdb to provide /usr/bin/rocgdb (rocgdb) in auto mode
update-alternatives: using /opt/rocm/core-7.14/bin/rocpd to provide /usr/bin/rocpd (rocpd) in auto mode
update-alternatives: using /opt/rocm/core-7.14/bin/amdclang to provide /usr/bin/amdclang (amdclang) in auto mode
update-alternatives: using /opt/rocm/core-7.14/bin/amdclang++ to provide /usr/bin/amdclang++ (amdclang++) in auto mode
update-alternatives: using /opt/rocm/core-7.14/bin/amdclang-cl to provide /usr/bin/amdclang-cl (amdclang-cl) in auto mode
update-alternatives: using /opt/rocm/core-7.14/bin/amdclang-cpp to provide /usr/bin/amdclang-cpp (amdclang-cpp) in auto mode
update-alternatives: using /opt/rocm/core-7.14/bin/amdflang to provide /usr/bin/amdflang (amdflang) in auto mode
update-alternatives: using /opt/rocm/core-7.14/bin/amdlld to provide /usr/bin/amdlld (amdlld) in auto mode
Setting up amdrocm-dnn7.14-gfx1200 (7.14.0-3)…
Setting up amdrocm-rccl7.14-gfx1101 (7.14.0-3)…
Setting up amdrocm-solver7.14-gfx1010 (7.14.0-3)…
Setting up amdrocm-sparse7.14-gfx1036 (7.14.0-3)…
Setting up amdrocm-core7.14-gfx1036 (7.14.0-3)…
Setting up amdrocm-solver7.14-gfx950 (7.14.0-3)…
Setting up amdrocm-dnn7.14-gfx1201 (7.14.0-3)…
Setting up amdrocm-solver7.14-gfx1011 (7.14.0-3)…
Setting up amdrocm-blas7.14-gfx1035 (7.14.0-3)…
Setting up amdrocm-blas7.14-gfx942 (7.14.0-3)…
Setting up amdrocm-solver7.14-gfx1250 (7.14.0-3)…
Setting up amdrocm-solver7.14-gfx1032 (7.14.0-3)…
Setting up amdrocm-blas7.14-gfx1034 (7.14.0-3)…
Setting up amdrocm-dnn7.14-gfx1152 (7.14.0-3)…
Setting up amdrocm-core7.14-gfx1034 (7.14.0-3)…
Setting up amdrocm-solver7.14-gfx90a (7.14.0-3)…
Setting up amdrocm-sparse7.14-gfx1200 (7.14.0-3)…
Setting up amdrocm-solver7.14-gfx1151 (7.14.0-3)…
Setting up amdrocm-sparse7.14-gfx942 (7.14.0-3)…
Setting up amdrocm-sparse7.14-gfx1201 (7.14.0-3)…
Setting up amdrocm-core7.14-gfx1250 (7.14.0-3)…
Setting up amdrocm-solver7.14-gfx1030 (7.14.0-3)…
Setting up amdrocm-dnn7.14-gfx1150 (7.14.0-3)…
Setting up amdrocm-solver7.14-gfx1153 (7.14.0-3)…
Setting up amdrocm-dnn7.14-gfx942 (7.14.0-3)…
Setting up amdrocm-core-dev7.14-gfx1034 (7.14.0-3)…
update-alternatives: using /opt/rocm/core-7.14/bin/MIOpenDriver to provide /usr/bin/MIOpenDriver (MIOpenDriver) in auto mode
Setting up amdrocm-core7.14-gfx1102 (7.14.0-3)…
Setting up amdrocm-core7.14-gfx1010 (7.14.0-3)…
Setting up amdrocm-blas7.14-gfx908 (7.14.0-3)…
Setting up amdrocm-blas7.14-gfx1101 (7.14.0-3)…
Setting up amdrocm-core7.14-gfx1103 (7.14.0-3)…
Setting up amdrocm-core7.14-gfx1011 (7.14.0-3)…
Setting up amdrocm-core-dev7.14-gfx1250 (7.14.0-3)…
Setting up amdrocm-core-dev7.14-gfx1036 (7.14.0-3)…
Setting up amdrocm-dnn7.14-gfx908 (7.14.0-3)…
Setting up amdrocm-blas7.14-gfx1100 (7.14.0-3)…
Setting up amdrocm-core7.14-gfx1012 (7.14.0-3)…
Setting up amdrocm-blas7.14-gfx1153 (7.14.0-3)…
Setting up amdrocm-dnn7.14-gfx1101 (7.14.0-3)…
Setting up amdrocm-blas7.14-gfx950 (7.14.0-3)…
Setting up amdrocm-dnn7.14-gfx1100 (7.14.0-3)…
Setting up amdrocm-core-dev7.14-gfx1031 (7.14.0-3)…
Setting up amdrocm-blas7.14-gfx1151 (7.14.0-3)…
Setting up amdrocm-solver7.14-gfx1201 (7.14.0-3)…
Setting up amdrocm-solver7.14-gfx1200 (7.14.0-3)…
Setting up amdrocm-solver7.14-gfx942 (7.14.0-3)…
Setting up amdrocm-core7.14-gfx1033 (7.14.0-3)…
Setting up amdrocm-core-dev7.14-gfx1102 (7.14.0-3)…
Setting up amdrocm-core7.14-gfx1201 (7.14.0-3)…
Setting up amdrocm-dnn7.14-gfx950 (7.14.0-3)…
Setting up amdrocm-core-dev7.14-gfx1201 (7.14.0-3)…
Setting up amdrocm-blas7.14-gfx1030 (7.14.0-3)…
Setting up amdrocm-core7.14-gfx1150 (7.14.0-3)…
Setting up amdrocm-core-dev7.14-gfx1103 (7.14.0-3)…
Setting up amdrocm-blas7.14-gfx90a (7.14.0-3)…
Setting up amdrocm-core7.14-gfx1200 (7.14.0-3)…
Setting up amdrocm-dnn7.14-gfx90a (7.14.0-3)…
Setting up amdrocm-core-dev7.14-gfx1200 (7.14.0-3)…
Setting up amdrocm-core7.14-gfx942 (7.14.0-3)…
Setting up amdrocm-core7.14-gfx950 (7.14.0-3)…
Setting up amdrocm-core-sdk7.14-gfx1250 (7.14.0-3)…
Setting up amdrocm-core-sdk7.14-gfx1034 (7.14.0-3)…
Setting up amdrocm-blas7.14-gfx1032 (7.14.0-3)…
Setting up amdrocm-core7.14-gfx1152 (7.14.0-3)…
Setting up amdrocm-core-dev7.14-gfx1012 (7.14.0-3)…
Setting up amdrocm-sparse7.14-gfx1035 (7.14.0-3)…
Setting up amdrocm-core-sdk7.14-gfx1200 (7.14.0-3)…
Setting up amdrocm-core-sdk7.14-gfx1036 (7.14.0-3)…
Setting up amdrocm-core7.14-gfx908 (7.14.0-3)…
Setting up amdrocm-core-sdk7.14-gfx1201 (7.14.0-3)…
Setting up amdrocm-core-dev7.14-gfx1010 (7.14.0-3)…
Setting up amdrocm-dnn7.14-gfx1153 (7.14.0-3)…
Setting up amdrocm-core-dev7.14-gfx1011 (7.14.0-3)…
Setting up amdrocm-core-dev7.14-gfx942 (7.14.0-3)…
Setting up amdrocm-dnn7.14-gfx1151 (7.14.0-3)…
Setting up amdrocm-core-sdk7.14-gfx1103 (7.14.0-3)…
Setting up amdrocm-core-dev7.14-gfx1152 (7.14.0-3)…
Setting up amdrocm-core7.14-gfx90a (7.14.0-3)…
Setting up amdrocm-core-sdk7.14-gfx1102 (7.14.0-3)…
Setting up amdrocm-core7.14-gfx1100 (7.14.0-3)…
Setting up amdrocm-core7.14-gfx1101 (7.14.0-3)…
Setting up amdrocm-solver7.14-gfx1035 (7.14.0-3)…
Setting up amdrocm-core-dev7.14-gfx1150 (7.14.0-3)…
Setting up amdrocm-core-sdk7.14-gfx1031 (7.14.0-3)…
Setting up amdrocm-core-dev7.14-gfx1100 (7.14.0-3)…
Setting up amdrocm-core-dev7.14-gfx908 (7.14.0-3)…
Setting up amdrocm-dnn7.14-gfx1030 (7.14.0-3)…
Setting up amdrocm-core7.14-gfx1032 (7.14.0-3)…
Setting up amdrocm-core-dev7.14-gfx1101 (7.14.0-3)…
Setting up amdrocm-core-dev7.14-gfx1033 (7.14.0-3)…
Setting up amdrocm-core7.14-gfx1151 (7.14.0-3)…
Setting up amdrocm-core-dev7.14-gfx950 (7.14.0-3)…
Setting up amdrocm-core7.14-gfx1030 (7.14.0-3)…
Setting up amdrocm-core-sdk7.14-gfx908 (7.14.0-3)…
Setting up amdrocm-core7.14-gfx1153 (7.14.0-3)…
Setting up amdrocm-core-sdk7.14-gfx1012 (7.14.0-3)…
Setting up amdrocm-core-sdk7.14-gfx1011 (7.14.0-3)…
Setting up amdrocm-core-sdk7.14-gfx950 (7.14.0-3)…
Setting up amdrocm-core-sdk7.14-gfx1010 (7.14.0-3)…
Setting up amdrocm-core7.14-gfx1035 (7.14.0-3)…
Setting up amdrocm-core-sdk7.14-gfx1101 (7.14.0-3)…
Setting up amdrocm-core-sdk7.14-gfx942 (7.14.0-3)…
Setting up amdrocm-core-sdk7.14-gfx1152 (7.14.0-3)…
Setting up amdrocm-core-dev7.14-gfx90a (7.14.0-3)…
Setting up amdrocm-core-sdk7.14-gfx1100 (7.14.0-3)…
Setting up amdrocm-core-dev7.14-gfx1153 (7.14.0-3)…
Setting up amdrocm-core-sdk7.14-gfx1153 (7.14.0-3)…
Setting up amdrocm-core-dev7.14-gfx1035 (7.14.0-3)…
Setting up amdrocm-core-sdk7.14-gfx1150 (7.14.0-3)…
Setting up amdrocm-core-dev7.14-gfx1151 (7.14.0-3)…
Setting up amdrocm-core-sdk7.14-gfx1151 (7.14.0-3)…
Setting up amdrocm-core-sdk7.14-gfx90a (7.14.0-3)…
Setting up amdrocm-core-dev7.14-gfx1030 (7.14.0-3)…
Setting up amdrocm-core-sdk7.14-gfx1030 (7.14.0-3)…
Setting up amdrocm-core-dev7.14-gfx1032 (7.14.0-3)…
Setting up amdrocm-core-sdk7.14-gfx1033 (7.14.0-3)…
Setting up amdrocm-core-sdk7.14-gfx1032 (7.14.0-3)…
Setting up amdrocm-core-sdk7.14-gfx1035 (7.14.0-3)…
Setting up amdrocm-core-sdk7.14 (7.14.0-3)…
Processing triggers for base-files (14ubuntu6.1)…
Processing triggers for libc-bin (2.43-2ubuntu2.3)…

Running kernel seems to be up-to-date.

The processor microcode seems to be up-to-date.

No services need to be restarted.

No containers need to be restarted.

No user sessions are running outdated binaries.

No VM guests are running outdated hypervisor (qemu) binaries on this host.

[INFO] Configuring shell environment...
[1;32m	
 📦 Installing PyTorch 2.12 (Stable) for TheRock 7.14, Transformers environment ...
[1;35m
Defaulting to user installation because normal site-packages is not writeable
Requirement already satisfied: pip in /usr/lib/python3/dist-packages (25.1.1)
Collecting pip
  Downloading pip-26.2-py3-none-any.whl.metadata (4.6 kB)
Requirement already satisfied: wheel in /usr/lib/python3/dist-packages (0.46.3)
Collecting wheel
  Downloading wheel-0.47.0-py3-none-any.whl.metadata (2.3 kB)
Requirement already satisfied: setuptools in /usr/lib/python3/dist-packages (78.1.1)
Collecting setuptools
  Downloading setuptools-83.0.0-py3-none-any.whl.metadata (6.6 kB)
Requirement already satisfied: packaging>=24.0 in /usr/lib/python3/dist-packages (from wheel) (26.0)
Downloading pip-26.2-py3-none-any.whl (1.8 MB)
   ━━━━━━━━━━━━━━━━━━━━━━━━━━━━━━━━━━━━━━━━ 1.8/1.8 MB 31.0 MB/s eta 0:00:00
Downloading wheel-0.47.0-py3-none-any.whl (32 kB)
Downloading setuptools-83.0.0-py3-none-any.whl (1.0 MB)
   ━━━━━━━━━━━━━━━━━━━━━━━━━━━━━━━━━━━━━━━━ 1.0/1.0 MB 30.8 MB/s eta 0:00:00
Installing collected packages: wheel, setuptools, pip

Successfully installed pip-26.2 setuptools-83.0.0 wheel-0.47.0
Defaulting to user installation because normal site-packages is not writeable
Looking in indexes: https://repo.amd.com/rocm/whl-multi-arch/
Collecting torch==2.12.0+rocm7.14.0 (from torch[device-all]==2.12.0+rocm7.14.0)
  Downloading torch-2.12.0%2Brocm7.14.0-cp314-cp314-linux_x86_64.whl (203.8 MB)
     ━━━━━━━━━━━━━━━━━━━━━━━━━━━━━━━━━━━━━━━━ 203.8/203.8 MB 31.3 MB/s  0:00:06
Collecting torchvision==0.27.0+rocm7.14.0 (from torchvision[device-all]==0.27.0+rocm7.14.0)
  Downloading torchvision-0.27.0%2Brocm7.14.0-cp314-cp314-linux_x86_64.whl (1.1 MB)
     ━━━━━━━━━━━━━━━━━━━━━━━━━━━━━━━━━━━━━━━━ 1.1/1.1 MB 29.9 MB/s  0:00:00
Collecting torchaudio==2.11.0+rocm7.14.0
  Downloading torchaudio-2.11.0%2Brocm7.14.0-cp314-cp314-linux_x86_64.whl (1.5 MB)
     ━━━━━━━━━━━━━━━━━━━━━━━━━━━━━━━━━━━━━━━━ 1.5/1.5 MB 30.7 MB/s  0:00:00
Collecting filelock (from torch==2.12.0+rocm7.14.0->torch[device-all]==2.12.0+rocm7.14.0)
  Downloading filelock-3.29.1-py3-none-any.whl (40 kB)
Requirement already satisfied: typing-extensions>=4.10.0 in /usr/lib/python3/dist-packages (from torch==2.12.0+rocm7.14.0->torch[device-all]==2.12.0+rocm7.14.0) (4.15.0)
Collecting setuptools<82 (from torch==2.12.0+rocm7.14.0->torch[device-all]==2.12.0+rocm7.14.0)
  Downloading setuptools-81.0.0-py3-none-any.whl (1.1 MB)
     ━━━━━━━━━━━━━━━━━━━━━━━━━━━━━━━━━━━━━━━━ 1.1/1.1 MB 30.0 MB/s  0:00:00
Collecting sympy>=1.13.3 (from torch==2.12.0+rocm7.14.0->torch[device-all]==2.12.0+rocm7.14.0)
  Downloading sympy-1.14.0-py3-none-any.whl (6.3 MB)
     ━━━━━━━━━━━━━━━━━━━━━━━━━━━━━━━━━━━━━━━━ 6.3/6.3 MB 31.3 MB/s  0:00:00
Collecting networkx>=2.5.1 (from torch==2.12.0+rocm7.14.0->torch[device-all]==2.12.0+rocm7.14.0)
  Downloading networkx-3.6.1-py3-none-any.whl (2.1 MB)
     ━━━━━━━━━━━━━━━━━━━━━━━━━━━━━━━━━━━━━━━━ 2.1/2.1 MB 31.0 MB/s  0:00:00
Requirement already satisfied: jinja2 in /usr/lib/python3/dist-packages (from torch==2.12.0+rocm7.14.0->torch[device-all]==2.12.0+rocm7.14.0) (3.1.6)
Collecting fsspec>=0.8.5 (from torch==2.12.0+rocm7.14.0->torch[device-all]==2.12.0+rocm7.14.0)
  Downloading fsspec-2026.4.0-py3-none-any.whl (203 kB)
Collecting rocm==7.14.0 (from rocm[libraries]==7.14.0->torch==2.12.0+rocm7.14.0->torch[device-all]==2.12.0+rocm7.14.0)
  Downloading rocm-7.14.0.tar.gz (24 kB)
  Installing build dependencies: started
  Installing build dependencies: finished with status 'done'
  Getting requirements to build wheel: started
  Getting requirements to build wheel: finished with status 'done'
  Preparing metadata (pyproject.toml): started
  Preparing metadata (pyproject.toml): finished with status 'done'
Collecting triton==3.7.1+git0263a6a6.rocm7.14.0 (from torch==2.12.0+rocm7.14.0->torch[device-all]==2.12.0+rocm7.14.0)
  Downloading triton-3.7.1%2Bgit0263a6a6.rocm7.14.0-cp314-cp314-linux_x86_64.whl (367.1 MB)
     ━━━━━━━━━━━━━━━━━━━━━━━━━━━━━━━━━━━━━━━━ 367.1/367.1 MB 30.2 MB/s  0:00:11
Collecting rocm-bootstrap (from torch==2.12.0+rocm7.14.0->torch[device-all]==2.12.0+rocm7.14.0)
  Downloading rocm_bootstrap-0.1.0-py3-none-any.whl (27 kB)
Collecting numpy (from torchvision==0.27.0+rocm7.14.0->torchvision[device-all]==0.27.0+rocm7.14.0)
  Downloading numpy-2.4.4-cp314-cp314-manylinux_2_27_x86_64.manylinux_2_28_x86_64.whl (16.6 MB)
     ━━━━━━━━━━━━━━━━━━━━━━━━━━━━━━━━━━━━━━━━ 16.6/16.6 MB 31.2 MB/s  0:00:00
Collecting pillow!=8.3.*,>=5.3.0 (from torchvision==0.27.0+rocm7.14.0->torchvision[device-all]==0.27.0+rocm7.14.0)
  Downloading pillow-12.2.0-cp314-cp314-manylinux_2_27_x86_64.manylinux_2_28_x86_64.whl (7.1 MB)
     ━━━━━━━━━━━━━━━━━━━━━━━━━━━━━━━━━━━━━━━━ 7.1/7.1 MB 31.4 MB/s  0:00:00
Collecting rocm-sdk-core==7.14.0 (from rocm==7.14.0->rocm[libraries]==7.14.0->torch==2.12.0+rocm7.14.0->torch[device-all]==2.12.0+rocm7.14.0)
  Downloading rocm_sdk_core-7.14.0-py3-none-linux_x86_64.whl (414.6 MB)
     ━━━━━━━━━━━━━━━━━━━━━━━━━━━━━━━━━━━━━━━━ 414.6/414.6 MB 30.1 MB/s  0:00:13
Collecting rocm-sdk-libraries==7.14.0 (from rocm[libraries]==7.14.0->torch==2.12.0+rocm7.14.0->torch[device-all]==2.12.0+rocm7.14.0)
  Downloading rocm_sdk_libraries-7.14.0-py3-none-linux_x86_64.whl (143.0 MB)
     ━━━━━━━━━━━━━━━━━━━━━━━━━━━━━━━━━━━━━━━━ 143.0/143.0 MB 30.0 MB/s  0:00:04
Collecting amd-torch-device-gfx1010==2.12.0+rocm7.14.0 (from torch[device-all]==2.12.0+rocm7.14.0)
  Downloading amd_torch_device_gfx1010-2.12.0%2Brocm7.14.0-cp314-cp314-linux_x86_64.whl (44.8 MB)
     ━━━━━━━━━━━━━━━━━━━━━━━━━━━━━━━━━━━━━━━━ 44.8/44.8 MB 31.3 MB/s  0:00:01
Collecting amd-torch-device-gfx1011==2.12.0+rocm7.14.0 (from torch[device-all]==2.12.0+rocm7.14.0)
  Downloading amd_torch_device_gfx1011-2.12.0%2Brocm7.14.0-cp314-cp314-linux_x86_64.whl (44.8 MB)
     ━━━━━━━━━━━━━━━━━━━━━━━━━━━━━━━━━━━━━━━━ 44.8/44.8 MB 31.3 MB/s  0:00:01
Collecting amd-torch-device-gfx1012==2.12.0+rocm7.14.0 (from torch[device-all]==2.12.0+rocm7.14.0)
  Downloading amd_torch_device_gfx1012-2.12.0%2Brocm7.14.0-cp314-cp314-linux_x86_64.whl (44.8 MB)
     ━━━━━━━━━━━━━━━━━━━━━━━━━━━━━━━━━━━━━━━━ 44.8/44.8 MB 31.3 MB/s  0:00:01
Collecting amd-torch-device-gfx1030==2.12.0+rocm7.14.0 (from torch[device-all]==2.12.0+rocm7.14.0)
  Downloading amd_torch_device_gfx1030-2.12.0%2Brocm7.14.0-cp314-cp314-linux_x86_64.whl (45.0 MB)
     ━━━━━━━━━━━━━━━━━━━━━━━━━━━━━━━━━━━━━━━━ 45.0/45.0 MB 23.6 MB/s  0:00:02
Collecting amd-torch-device-gfx1031==2.12.0+rocm7.14.0 (from torch[device-all]==2.12.0+rocm7.14.0)
  Downloading amd_torch_device_gfx1031-2.12.0%2Brocm7.14.0-cp314-cp314-linux_x86_64.whl (45.1 MB)
     ━━━━━━━━━━━━━━━━━━━━━━━━━━━━━━━━━━━━━━━━ 45.1/45.1 MB 31.3 MB/s  0:00:01
Collecting amd-torch-device-gfx1032==2.12.0+rocm7.14.0 (from torch[device-all]==2.12.0+rocm7.14.0)
  Downloading amd_torch_device_gfx1032-2.12.0%2Brocm7.14.0-cp314-cp314-linux_x86_64.whl (45.1 MB)
     ━━━━━━━━━━━━━━━━━━━━━━━━━━━━━━━━━━━━━━━━ 45.1/45.1 MB 31.3 MB/s  0:00:01
Collecting amd-torch-device-gfx1033==2.12.0+rocm7.14.0 (from torch[device-all]==2.12.0+rocm7.14.0)
  Downloading amd_torch_device_gfx1033-2.12.0%2Brocm7.14.0-cp314-cp314-linux_x86_64.whl (45.1 MB)
     ━━━━━━━━━━━━━━━━━━━━━━━━━━━━━━━━━━━━━━━━ 45.1/45.1 MB 31.3 MB/s  0:00:01
Collecting amd-torch-device-gfx1034==2.12.0+rocm7.14.0 (from torch[device-all]==2.12.0+rocm7.14.0)
  Downloading amd_torch_device_gfx1034-2.12.0%2Brocm7.14.0-cp314-cp314-linux_x86_64.whl (45.1 MB)
     ━━━━━━━━━━━━━━━━━━━━━━━━━━━━━━━━━━━━━━━━ 45.1/45.1 MB 31.3 MB/s  0:00:01
Collecting amd-torch-device-gfx1035==2.12.0+rocm7.14.0 (from torch[device-all]==2.12.0+rocm7.14.0)
  Downloading amd_torch_device_gfx1035-2.12.0%2Brocm7.14.0-cp314-cp314-linux_x86_64.whl (45.1 MB)
     ━━━━━━━━━━━━━━━━━━━━━━━━━━━━━━━━━━━━━━━━ 45.1/45.1 MB 31.3 MB/s  0:00:01
Collecting amd-torch-device-gfx1036==2.12.0+rocm7.14.0 (from torch[device-all]==2.12.0+rocm7.14.0)
  Downloading amd_torch_device_gfx1036-2.12.0%2Brocm7.14.0-cp314-cp314-linux_x86_64.whl (45.1 MB)
     ━━━━━━━━━━━━━━━━━━━━━━━━━━━━━━━━━━━━━━━━ 45.1/45.1 MB 31.3 MB/s  0:00:01
Collecting amd-torch-device-gfx11==2.12.0+rocm7.14.0 (from torch[device-all]==2.12.0+rocm7.14.0)
  Downloading amd_torch_device_gfx11-2.12.0%2Brocm7.14.0-cp314-cp314-linux_x86_64.whl (475.6 MB)
     ━━━━━━━━━━━━━━━━━━━━━━━━━━━━━━━━━━━━━━━━ 475.6/475.6 MB 30.7 MB/s  0:00:15
Collecting amd-torch-device-gfx1100==2.12.0+rocm7.14.0 (from torch[device-all]==2.12.0+rocm7.14.0)
  Downloading amd_torch_device_gfx1100-2.12.0%2Brocm7.14.0-cp314-cp314-linux_x86_64.whl (51.0 MB)
     ━━━━━━━━━━━━━━━━━━━━━━━━━━━━━━━━━━━━━━━━ 51.0/51.0 MB 27.7 MB/s  0:00:01
Collecting amd-torch-device-gfx1101==2.12.0+rocm7.14.0 (from torch[device-all]==2.12.0+rocm7.14.0)
  Downloading amd_torch_device_gfx1101-2.12.0%2Brocm7.14.0-cp314-cp314-linux_x86_64.whl (50.8 MB)
     ━━━━━━━━━━━━━━━━━━━━━━━━━━━━━━━━━━━━━━━━ 50.8/50.8 MB 31.3 MB/s  0:00:01
Collecting amd-torch-device-gfx1102==2.12.0+rocm7.14.0 (from torch[device-all]==2.12.0+rocm7.14.0)
  Downloading amd_torch_device_gfx1102-2.12.0%2Brocm7.14.0-cp314-cp314-linux_x86_64.whl (51.0 MB)
     ━━━━━━━━━━━━━━━━━━━━━━━━━━━━━━━━━━━━━━━━ 51.0/51.0 MB 31.3 MB/s  0:00:01
Collecting amd-torch-device-gfx1103==2.12.0+rocm7.14.0 (from torch[device-all]==2.12.0+rocm7.14.0)
  Downloading amd_torch_device_gfx1103-2.12.0%2Brocm7.14.0-cp314-cp314-linux_x86_64.whl (50.9 MB)
     ━━━━━━━━━━━━━━━━━━━━━━━━━━━━━━━━━━━━━━━━ 50.9/50.9 MB 31.3 MB/s  0:00:01
Collecting amd-torch-device-gfx1150==2.12.0+rocm7.14.0 (from torch[device-all]==2.12.0+rocm7.14.0)
  Downloading amd_torch_device_gfx1150-2.12.0%2Brocm7.14.0-cp314-cp314-linux_x86_64.whl (50.4 MB)
     ━━━━━━━━━━━━━━━━━━━━━━━━━━━━━━━━━━━━━━━━ 50.4/50.4 MB 31.4 MB/s  0:00:01
Collecting amd-torch-device-gfx1151==2.12.0+rocm7.14.0 (from torch[device-all]==2.12.0+rocm7.14.0)
  Downloading amd_torch_device_gfx1151-2.12.0%2Brocm7.14.0-cp314-cp314-linux_x86_64.whl (50.4 MB)
     ━━━━━━━━━━━━━━━━━━━━━━━━━━━━━━━━━━━━━━━━ 50.4/50.4 MB 31.3 MB/s  0:00:01
Collecting amd-torch-device-gfx1152==2.12.0+rocm7.14.0 (from torch[device-all]==2.12.0+rocm7.14.0)
  Downloading amd_torch_device_gfx1152-2.12.0%2Brocm7.14.0-cp314-cp314-linux_x86_64.whl (50.4 MB)
     ━━━━━━━━━━━━━━━━━━━━━━━━━━━━━━━━━━━━━━━━ 50.4/50.4 MB 31.3 MB/s  0:00:01
Collecting amd-torch-device-gfx1153==2.12.0+rocm7.14.0 (from torch[device-all]==2.12.0+rocm7.14.0)
  Downloading amd_torch_device_gfx1153-2.12.0%2Brocm7.14.0-cp314-cp314-linux_x86_64.whl (50.4 MB)
     ━━━━━━━━━━━━━━━━━━━━━━━━━━━━━━━━━━━━━━━━ 50.4/50.4 MB 31.3 MB/s  0:00:01
Collecting amd-torch-device-gfx12-0==2.12.0+rocm7.14.0 (from torch[device-all]==2.12.0+rocm7.14.0)
  Downloading amd_torch_device_gfx12_0-2.12.0%2Brocm7.14.0-cp314-cp314-linux_x86_64.whl (113.5 MB)
     ━━━━━━━━━━━━━━━━━━━━━━━━━━━━━━━━━━━━━━━━ 113.5/113.5 MB 31.4 MB/s  0:00:03
Collecting amd-torch-device-gfx1200==2.12.0+rocm7.14.0 (from torch[device-all]==2.12.0+rocm7.14.0)
  Downloading amd_torch_device_gfx1200-2.12.0%2Brocm7.14.0-cp314-cp314-linux_x86_64.whl (51.8 MB)
     ━━━━━━━━━━━━━━━━━━━━━━━━━━━━━━━━━━━━━━━━ 51.8/51.8 MB 31.3 MB/s  0:00:01
Collecting amd-torch-device-gfx1201==2.12.0+rocm7.14.0 (from torch[device-all]==2.12.0+rocm7.14.0)
  Downloading amd_torch_device_gfx1201-2.12.0%2Brocm7.14.0-cp314-cp314-linux_x86_64.whl (52.0 MB)
     ━━━━━━━━━━━━━━━━━━━━━━━━━━━━━━━━━━━━━━━━ 52.0/52.0 MB 31.3 MB/s  0:00:01
Collecting amd-torch-device-gfx908==2.12.0+rocm7.14.0 (from torch[device-all]==2.12.0+rocm7.14.0)
  Downloading amd_torch_device_gfx908-2.12.0%2Brocm7.14.0-cp314-cp314-linux_x86_64.whl (44.2 MB)
     ━━━━━━━━━━━━━━━━━━━━━━━━━━━━━━━━━━━━━━━━ 44.2/44.2 MB 31.4 MB/s  0:00:01
Collecting amd-torch-device-gfx90a==2.12.0+rocm7.14.0 (from torch[device-all]==2.12.0+rocm7.14.0)
  Downloading amd_torch_device_gfx90a-2.12.0%2Brocm7.14.0-cp314-cp314-linux_x86_64.whl (140.5 MB)
     ━━━━━━━━━━━━━━━━━━━━━━━━━━━━━━━━━━━━━━━━ 140.5/140.5 MB 31.4 MB/s  0:00:04
Collecting amd-torch-device-gfx942==2.12.0+rocm7.14.0 (from torch[device-all]==2.12.0+rocm7.14.0)
  Downloading amd_torch_device_gfx942-2.12.0%2Brocm7.14.0-cp314-cp314-linux_x86_64.whl (162.1 MB)
     ━━━━━━━━━━━━━━━━━━━━━━━━━━━━━━━━━━━━━━━━ 162.1/162.1 MB 31.4 MB/s  0:00:05
Collecting amd-torch-device-gfx950==2.12.0+rocm7.14.0 (from torch[device-all]==2.12.0+rocm7.14.0)
  Downloading amd_torch_device_gfx950-2.12.0%2Brocm7.14.0-cp314-cp314-linux_x86_64.whl (165.0 MB)
     ━━━━━━━━━━━━━━━━━━━━━━━━━━━━━━━━━━━━━━━━ 165.0/165.0 MB 30.2 MB/s  0:00:05
Collecting rocm-sdk-device-gfx1010==7.14.0 (from amd-torch-device-gfx1010==2.12.0+rocm7.14.0->torch[device-all]==2.12.0+rocm7.14.0)
  Downloading rocm_sdk_device_gfx1010-7.14.0-py3-none-linux_x86_64.whl (63.6 MB)
     ━━━━━━━━━━━━━━━━━━━━━━━━━━━━━━━━━━━━━━━━ 63.6/63.6 MB 31.4 MB/s  0:00:02
Collecting rocm-sdk-device-gfx1011==7.14.0 (from amd-torch-device-gfx1011==2.12.0+rocm7.14.0->torch[device-all]==2.12.0+rocm7.14.0)
  Downloading rocm_sdk_device_gfx1011-7.14.0-py3-none-linux_x86_64.whl (63.2 MB)
     ━━━━━━━━━━━━━━━━━━━━━━━━━━━━━━━━━━━━━━━━ 63.2/63.2 MB 27.0 MB/s  0:00:02
Collecting rocm-sdk-device-gfx1012==7.14.0 (from amd-torch-device-gfx1012==2.12.0+rocm7.14.0->torch[device-all]==2.12.0+rocm7.14.0)
  Downloading rocm_sdk_device_gfx1012-7.14.0-py3-none-linux_x86_64.whl (63.2 MB)
     ━━━━━━━━━━━━━━━━━━━━━━━━━━━━━━━━━━━━━━━━ 63.2/63.2 MB 27.3 MB/s  0:00:02
Collecting rocm-sdk-device-gfx1030==7.14.0 (from amd-torch-device-gfx1030==2.12.0+rocm7.14.0->torch[device-all]==2.12.0+rocm7.14.0)
  Downloading rocm_sdk_device_gfx1030-7.14.0-py3-none-linux_x86_64.whl (480.7 MB)
     ━━━━━━━━━━━━━━━━━━━━━━━━━━━━━━━━━━━━━━━━ 480.7/480.7 MB 29.9 MB/s  0:00:15
Collecting rocm-sdk-device-gfx1031==7.14.0 (from amd-torch-device-gfx1031==2.12.0+rocm7.14.0->torch[device-all]==2.12.0+rocm7.14.0)
  Downloading rocm_sdk_device_gfx1031-7.14.0-py3-none-linux_x86_64.whl (68.1 MB)
     ━━━━━━━━━━━━━━━━━━━━━━━━━━━━━━━━━━━━━━━━ 68.1/68.1 MB 28.6 MB/s  0:00:02
Collecting rocm-sdk-device-gfx1032==7.14.0 (from amd-torch-device-gfx1032==2.12.0+rocm7.14.0->torch[device-all]==2.12.0+rocm7.14.0)
  Downloading rocm_sdk_device_gfx1032-7.14.0-py3-none-linux_x86_64.whl (68.1 MB)
     ━━━━━━━━━━━━━━━━━━━━━━━━━━━━━━━━━━━━━━━━ 68.1/68.1 MB 27.7 MB/s  0:00:02
Collecting rocm-sdk-device-gfx1033==7.14.0 (from amd-torch-device-gfx1033==2.12.0+rocm7.14.0->torch[device-all]==2.12.0+rocm7.14.0)
  Downloading rocm_sdk_device_gfx1033-7.14.0-py3-none-linux_x86_64.whl (68.1 MB)
     ━━━━━━━━━━━━━━━━━━━━━━━━━━━━━━━━━━━━━━━━ 68.1/68.1 MB 31.3 MB/s  0:00:02
Collecting rocm-sdk-device-gfx1034==7.14.0 (from amd-torch-device-gfx1034==2.12.0+rocm7.14.0->torch[device-all]==2.12.0+rocm7.14.0)
  Downloading rocm_sdk_device_gfx1034-7.14.0-py3-none-linux_x86_64.whl (68.1 MB)
     ━━━━━━━━━━━━━━━━━━━━━━━━━━━━━━━━━━━━━━━━ 68.1/68.1 MB 31.3 MB/s  0:00:02
Collecting rocm-sdk-device-gfx1035==7.14.0 (from amd-torch-device-gfx1035==2.12.0+rocm7.14.0->torch[device-all]==2.12.0+rocm7.14.0)
  Downloading rocm_sdk_device_gfx1035-7.14.0-py3-none-linux_x86_64.whl (68.1 MB)
     ━━━━━━━━━━━━━━━━━━━━━━━━━━━━━━━━━━━━━━━━ 68.1/68.1 MB 31.4 MB/s  0:00:02
Collecting rocm-sdk-device-gfx1036==7.14.0 (from amd-torch-device-gfx1036==2.12.0+rocm7.14.0->torch[device-all]==2.12.0+rocm7.14.0)
  Downloading rocm_sdk_device_gfx1036-7.14.0-py3-none-linux_x86_64.whl (68.1 MB)
     ━━━━━━━━━━━━━━━━━━━━━━━━━━━━━━━━━━━━━━━━ 68.1/68.1 MB 31.4 MB/s  0:00:02
Collecting rocm-sdk-device-gfx1100==7.14.0 (from amd-torch-device-gfx1100==2.12.0+rocm7.14.0->torch[device-all]==2.12.0+rocm7.14.0)
  Downloading rocm_sdk_device_gfx1100-7.14.0-py3-none-linux_x86_64.whl (214.9 MB)
     ━━━━━━━━━━━━━━━━━━━━━━━━━━━━━━━━━━━━━━━━ 214.9/214.9 MB 31.4 MB/s  0:00:06
Collecting rocm-sdk-device-gfx1101==7.14.0 (from amd-torch-device-gfx1101==2.12.0+rocm7.14.0->torch[device-all]==2.12.0+rocm7.14.0)
  Downloading rocm_sdk_device_gfx1101-7.14.0-py3-none-linux_x86_64.whl (211.8 MB)
     ━━━━━━━━━━━━━━━━━━━━━━━━━━━━━━━━━━━━━━━━ 211.8/211.8 MB 30.4 MB/s  0:00:06
Collecting rocm-sdk-device-gfx1102==7.14.0 (from amd-torch-device-gfx1102==2.12.0+rocm7.14.0->torch[device-all]==2.12.0+rocm7.14.0)
  Downloading rocm_sdk_device_gfx1102-7.14.0-py3-none-linux_x86_64.whl (209.7 MB)
     ━━━━━━━━━━━━━━━━━━━━━━━━━━━━━━━━━━━━━━━━ 209.7/209.7 MB 31.4 MB/s  0:00:06
Collecting rocm-sdk-device-gfx1103==7.14.0 (from amd-torch-device-gfx1103==2.12.0+rocm7.14.0->torch[device-all]==2.12.0+rocm7.14.0)
  Downloading rocm_sdk_device_gfx1103-7.14.0-py3-none-linux_x86_64.whl (55.0 MB)
     ━━━━━━━━━━━━━━━━━━━━━━━━━━━━━━━━━━━━━━━━ 55.0/55.0 MB 31.3 MB/s  0:00:01
Collecting rocm-sdk-device-gfx1150==7.14.0 (from amd-torch-device-gfx1150==2.12.0+rocm7.14.0->torch[device-all]==2.12.0+rocm7.14.0)
  Downloading rocm_sdk_device_gfx1150-7.14.0-py3-none-linux_x86_64.whl (148.4 MB)
     ━━━━━━━━━━━━━━━━━━━━━━━━━━━━━━━━━━━━━━━━ 148.4/148.4 MB 30.1 MB/s  0:00:04
Collecting rocm-sdk-device-gfx1151==7.14.0 (from amd-torch-device-gfx1151==2.12.0+rocm7.14.0->torch[device-all]==2.12.0+rocm7.14.0)
  Downloading rocm_sdk_device_gfx1151-7.14.0-py3-none-linux_x86_64.whl (172.7 MB)
     ━━━━━━━━━━━━━━━━━━━━━━━━━━━━━━━━━━━━━━━━ 172.7/172.7 MB 30.2 MB/s  0:00:05
Collecting rocm-sdk-device-gfx1152==7.14.0 (from amd-torch-device-gfx1152==2.12.0+rocm7.14.0->torch[device-all]==2.12.0+rocm7.14.0)
  Downloading rocm_sdk_device_gfx1152-7.14.0-py3-none-linux_x86_64.whl (148.2 MB)
     ━━━━━━━━━━━━━━━━━━━━━━━━━━━━━━━━━━━━━━━━ 148.2/148.2 MB 31.4 MB/s  0:00:04
Collecting rocm-sdk-device-gfx1153==7.14.0 (from amd-torch-device-gfx1153==2.12.0+rocm7.14.0->torch[device-all]==2.12.0+rocm7.14.0)
  Downloading rocm_sdk_device_gfx1153-7.14.0-py3-none-linux_x86_64.whl (148.3 MB)
     ━━━━━━━━━━━━━━━━━━━━━━━━━━━━━━━━━━━━━━━━ 148.3/148.3 MB 31.4 MB/s  0:00:04
Collecting rocm-sdk-device-gfx1200==7.14.0 (from amd-torch-device-gfx1200==2.12.0+rocm7.14.0->torch[device-all]==2.12.0+rocm7.14.0)
  Downloading rocm_sdk_device_gfx1200-7.14.0-py3-none-linux_x86_64.whl (402.3 MB)
     ━━━━━━━━━━━━━━━━━━━━━━━━━━━━━━━━━━━━━━━━ 402.3/402.3 MB 30.2 MB/s  0:00:13
Collecting rocm-sdk-device-gfx1201==7.14.0 (from amd-torch-device-gfx1201==2.12.0+rocm7.14.0->torch[device-all]==2.12.0+rocm7.14.0)
  Downloading rocm_sdk_device_gfx1201-7.14.0-py3-none-linux_x86_64.whl (337.8 MB)
     ━━━━━━━━━━━━━━━━━━━━━━━━━━━━━━━━━━━━━━━━ 337.8/337.8 MB 31.2 MB/s  0:00:10
Collecting rocm-sdk-device-gfx908==7.14.0 (from amd-torch-device-gfx908==2.12.0+rocm7.14.0->torch[device-all]==2.12.0+rocm7.14.0)
  Downloading rocm_sdk_device_gfx908-7.14.0-py3-none-linux_x86_64.whl (304.5 MB)
     ━━━━━━━━━━━━━━━━━━━━━━━━━━━━━━━━━━━━━━━━ 304.5/304.5 MB 31.3 MB/s  0:00:09
Collecting rocm-sdk-device-gfx90a==7.14.0 (from amd-torch-device-gfx90a==2.12.0+rocm7.14.0->torch[device-all]==2.12.0+rocm7.14.0)
  Downloading rocm_sdk_device_gfx90a-7.14.0-py3-none-linux_x86_64.whl (472.6 MB)
     ━━━━━━━━━━━━━━━━━━━━━━━━━━━━━━━━━━━━━━━━ 472.6/472.6 MB 30.0 MB/s  0:00:15
Collecting rocm-sdk-device-gfx942==7.14.0 (from amd-torch-device-gfx942==2.12.0+rocm7.14.0->torch[device-all]==2.12.0+rocm7.14.0)
  Downloading rocm_sdk_device_gfx942-7.14.0-py3-none-linux_x86_64.whl (1601.2 MB)
     ━━━━━━━━━━━━━━━━━━━━━━━━━━━━━━━━━━━━━━━━ 1.6/1.6 GB 26.9 MB/s  0:00:51
Collecting rocm-sdk-device-gfx950==7.14.0 (from amd-torch-device-gfx950==2.12.0+rocm7.14.0->torch[device-all]==2.12.0+rocm7.14.0)
  Downloading rocm_sdk_device_gfx950-7.14.0-py3-none-linux_x86_64.whl (682.5 MB)
     ━━━━━━━━━━━━━━━━━━━━━━━━━━━━━━━━━━━━━━━━ 682.5/682.5 MB 30.0 MB/s  0:00:22
Collecting amd-torchvision-device-gfx1010==0.27.0+rocm7.14.0 (from torchvision[device-all]==0.27.0+rocm7.14.0)
  Downloading amd_torchvision_device_gfx1010-0.27.0%2Brocm7.14.0-cp314-cp314-linux_x86_64.whl (116 kB)
Collecting amd-torchvision-device-gfx1011==0.27.0+rocm7.14.0 (from torchvision[device-all]==0.27.0+rocm7.14.0)
  Downloading amd_torchvision_device_gfx1011-0.27.0%2Brocm7.14.0-cp314-cp314-linux_x86_64.whl (116 kB)
Collecting amd-torchvision-device-gfx1012==0.27.0+rocm7.14.0 (from torchvision[device-all]==0.27.0+rocm7.14.0)
  Downloading amd_torchvision_device_gfx1012-0.27.0%2Brocm7.14.0-cp314-cp314-linux_x86_64.whl (116 kB)
Collecting amd-torchvision-device-gfx1030==0.27.0+rocm7.14.0 (from torchvision[device-all]==0.27.0+rocm7.14.0)
  Downloading amd_torchvision_device_gfx1030-0.27.0%2Brocm7.14.0-cp314-cp314-linux_x86_64.whl (118 kB)
Collecting amd-torchvision-device-gfx1031==0.27.0+rocm7.14.0 (from torchvision[device-all]==0.27.0+rocm7.14.0)
  Downloading amd_torchvision_device_gfx1031-0.27.0%2Brocm7.14.0-cp314-cp314-linux_x86_64.whl (118 kB)
Collecting amd-torchvision-device-gfx1032==0.27.0+rocm7.14.0 (from torchvision[device-all]==0.27.0+rocm7.14.0)
  Downloading amd_torchvision_device_gfx1032-0.27.0%2Brocm7.14.0-cp314-cp314-linux_x86_64.whl (118 kB)
Collecting amd-torchvision-device-gfx1033==0.27.0+rocm7.14.0 (from torchvision[device-all]==0.27.0+rocm7.14.0)
  Downloading amd_torchvision_device_gfx1033-0.27.0%2Brocm7.14.0-cp314-cp314-linux_x86_64.whl (118 kB)
Collecting amd-torchvision-device-gfx1034==0.27.0+rocm7.14.0 (from torchvision[device-all]==0.27.0+rocm7.14.0)
  Downloading amd_torchvision_device_gfx1034-0.27.0%2Brocm7.14.0-cp314-cp314-linux_x86_64.whl (118 kB)
Collecting amd-torchvision-device-gfx1035==0.27.0+rocm7.14.0 (from torchvision[device-all]==0.27.0+rocm7.14.0)
  Downloading amd_torchvision_device_gfx1035-0.27.0%2Brocm7.14.0-cp314-cp314-linux_x86_64.whl (118 kB)
Collecting amd-torchvision-device-gfx1036==0.27.0+rocm7.14.0 (from torchvision[device-all]==0.27.0+rocm7.14.0)
  Downloading amd_torchvision_device_gfx1036-0.27.0%2Brocm7.14.0-cp314-cp314-linux_x86_64.whl (118 kB)
Collecting amd-torchvision-device-gfx1100==0.27.0+rocm7.14.0 (from torchvision[device-all]==0.27.0+rocm7.14.0)
  Downloading amd_torchvision_device_gfx1100-0.27.0%2Brocm7.14.0-cp314-cp314-linux_x86_64.whl (140 kB)
Collecting amd-torchvision-device-gfx1101==0.27.0+rocm7.14.0 (from torchvision[device-all]==0.27.0+rocm7.14.0)
  Downloading amd_torchvision_device_gfx1101-0.27.0%2Brocm7.14.0-cp314-cp314-linux_x86_64.whl (140 kB)
Collecting amd-torchvision-device-gfx1102==0.27.0+rocm7.14.0 (from torchvision[device-all]==0.27.0+rocm7.14.0)
  Downloading amd_torchvision_device_gfx1102-0.27.0%2Brocm7.14.0-cp314-cp314-linux_x86_64.whl (140 kB)
Collecting amd-torchvision-device-gfx1103==0.27.0+rocm7.14.0 (from torchvision[device-all]==0.27.0+rocm7.14.0)
  Downloading amd_torchvision_device_gfx1103-0.27.0%2Brocm7.14.0-cp314-cp314-linux_x86_64.whl (140 kB)
Collecting amd-torchvision-device-gfx1150==0.27.0+rocm7.14.0 (from torchvision[device-all]==0.27.0+rocm7.14.0)
  Downloading amd_torchvision_device_gfx1150-0.27.0%2Brocm7.14.0-cp314-cp314-linux_x86_64.whl (136 kB)
Collecting amd-torchvision-device-gfx1151==0.27.0+rocm7.14.0 (from torchvision[device-all]==0.27.0+rocm7.14.0)
  Downloading amd_torchvision_device_gfx1151-0.27.0%2Brocm7.14.0-cp314-cp314-linux_x86_64.whl (137 kB)
Collecting amd-torchvision-device-gfx1152==0.27.0+rocm7.14.0 (from torchvision[device-all]==0.27.0+rocm7.14.0)
  Downloading amd_torchvision_device_gfx1152-0.27.0%2Brocm7.14.0-cp314-cp314-linux_x86_64.whl (136 kB)
Collecting amd-torchvision-device-gfx1153==0.27.0+rocm7.14.0 (from torchvision[device-all]==0.27.0+rocm7.14.0)
  Downloading amd_torchvision_device_gfx1153-0.27.0%2Brocm7.14.0-cp314-cp314-linux_x86_64.whl (136 kB)
Collecting amd-torchvision-device-gfx1200==0.27.0+rocm7.14.0 (from torchvision[device-all]==0.27.0+rocm7.14.0)
  Downloading amd_torchvision_device_gfx1200-0.27.0%2Brocm7.14.0-cp314-cp314-linux_x86_64.whl (133 kB)
Collecting amd-torchvision-device-gfx1201==0.27.0+rocm7.14.0 (from torchvision[device-all]==0.27.0+rocm7.14.0)
  Downloading amd_torchvision_device_gfx1201-0.27.0%2Brocm7.14.0-cp314-cp314-linux_x86_64.whl (133 kB)
Collecting amd-torchvision-device-gfx908==0.27.0+rocm7.14.0 (from torchvision[device-all]==0.27.0+rocm7.14.0)
  Downloading amd_torchvision_device_gfx908-0.27.0%2Brocm7.14.0-cp314-cp314-linux_x86_64.whl (116 kB)
Collecting amd-torchvision-device-gfx90a==0.27.0+rocm7.14.0 (from torchvision[device-all]==0.27.0+rocm7.14.0)
  Downloading amd_torchvision_device_gfx90a-0.27.0%2Brocm7.14.0-cp314-cp314-linux_x86_64.whl (116 kB)
Collecting amd-torchvision-device-gfx942==0.27.0+rocm7.14.0 (from torchvision[device-all]==0.27.0+rocm7.14.0)
  Downloading amd_torchvision_device_gfx942-0.27.0%2Brocm7.14.0-cp314-cp314-linux_x86_64.whl (110 kB)
Collecting amd-torchvision-device-gfx950==0.27.0+rocm7.14.0 (from torchvision[device-all]==0.27.0+rocm7.14.0)
  Downloading amd_torchvision_device_gfx950-0.27.0%2Brocm7.14.0-cp314-cp314-linux_x86_64.whl (110 kB)
Collecting mpmath<1.4,>=1.1.0 (from sympy>=1.13.3->torch==2.12.0+rocm7.14.0->torch[device-all]==2.12.0+rocm7.14.0)
  Downloading mpmath-1.3.0-py3-none-any.whl (536 kB)
     ━━━━━━━━━━━━━━━━━━━━━━━━━━━━━━━━━━━━━━━━ 536.2/536.2 kB 25.7 MB/s  0:00:00
Requirement already satisfied: MarkupSafe>=2.0 in /usr/lib/python3/dist-packages (from jinja2->torch==2.12.0+rocm7.14.0->torch[device-all]==2.12.0+rocm7.14.0) (3.0.3)
Building wheels for collected packages: rocm
  Building wheel for rocm (pyproject.toml): started
  Building wheel for rocm (pyproject.toml): finished with status 'done'
  Created wheel for rocm: filename=rocm-7.14.0-py3-none-any.whl size=28575 sha256=2b54cb20aa009af05f0059630d2d846f8b40353f6d6467e1a1636020811b94d8
  Stored in directory: /home/ai1/.cache/pip/wheels/e6/42/c9/69feae8f348e1251e8ea7016557395370626d8b2d127aebe6c
Successfully built rocm
Installing collected packages: torchaudio, rocm-sdk-libraries, rocm-sdk-core, mpmath, triton, sympy, setuptools, rocm-sdk-device-gfx950, rocm-sdk-device-gfx942, rocm-sdk-device-gfx90a, rocm-sdk-device-gfx908, rocm-sdk-device-gfx1201, rocm-sdk-device-gfx1200, rocm-sdk-device-gfx1153, rocm-sdk-device-gfx1152, rocm-sdk-device-gfx1151, rocm-sdk-device-gfx1150, rocm-sdk-device-gfx1103, rocm-sdk-device-gfx1102, rocm-sdk-device-gfx1101, rocm-sdk-device-gfx1100, rocm-sdk-device-gfx1036, rocm-sdk-device-gfx1035, rocm-sdk-device-gfx1034, rocm-sdk-device-gfx1033, rocm-sdk-device-gfx1032, rocm-sdk-device-gfx1031, rocm-sdk-device-gfx1030, rocm-sdk-device-gfx1012, rocm-sdk-device-gfx1011, rocm-sdk-device-gfx1010, rocm-bootstrap, pillow, numpy, networkx, fsspec, filelock, rocm, torch, torchvision, amd-torchvision-device-gfx950, amd-torchvision-device-gfx942, amd-torchvision-device-gfx90a, amd-torchvision-device-gfx908, amd-torchvision-device-gfx1201, amd-torchvision-device-gfx1200, amd-torchvision-device-gfx1153, amd-torchvision-device-gfx1152, amd-torchvision-device-gfx1151, amd-torchvision-device-gfx1150, amd-torchvision-device-gfx1103, amd-torchvision-device-gfx1102, amd-torchvision-device-gfx1101, amd-torchvision-device-gfx1100, amd-torchvision-device-gfx1036, amd-torchvision-device-gfx1035, amd-torchvision-device-gfx1034, amd-torchvision-device-gfx1033, amd-torchvision-device-gfx1032, amd-torchvision-device-gfx1031, amd-torchvision-device-gfx1030, amd-torchvision-device-gfx1012, amd-torchvision-device-gfx1011, amd-torchvision-device-gfx1010, amd-torch-device-gfx950, amd-torch-device-gfx942, amd-torch-device-gfx90a, amd-torch-device-gfx908, amd-torch-device-gfx1201, amd-torch-device-gfx1200, amd-torch-device-gfx12-0, amd-torch-device-gfx1153, amd-torch-device-gfx1152, amd-torch-device-gfx1151, amd-torch-device-gfx1150, amd-torch-device-gfx1103, amd-torch-device-gfx1102, amd-torch-device-gfx1101, amd-torch-device-gfx1100, amd-torch-device-gfx11, amd-torch-device-gfx1036, amd-torch-device-gfx1035, amd-torch-device-gfx1034, amd-torch-device-gfx1033, amd-torch-device-gfx1032, amd-torch-device-gfx1031, amd-torch-device-gfx1030, amd-torch-device-gfx1012, amd-torch-device-gfx1011, amd-torch-device-gfx1010
  Attempting uninstall: setuptools
    Found existing installation: setuptools 83.0.0
    Uninstalling setuptools-83.0.0:
      Successfully uninstalled setuptools-83.0.0

Successfully installed amd-torch-device-gfx1010-2.12.0+rocm7.14.0 amd-torch-device-gfx1011-2.12.0+rocm7.14.0 amd-torch-device-gfx1012-2.12.0+rocm7.14.0 amd-torch-device-gfx1030-2.12.0+rocm7.14.0 amd-torch-device-gfx1031-2.12.0+rocm7.14.0 amd-torch-device-gfx1032-2.12.0+rocm7.14.0 amd-torch-device-gfx1033-2.12.0+rocm7.14.0 amd-torch-device-gfx1034-2.12.0+rocm7.14.0 amd-torch-device-gfx1035-2.12.0+rocm7.14.0 amd-torch-device-gfx1036-2.12.0+rocm7.14.0 amd-torch-device-gfx11-2.12.0+rocm7.14.0 amd-torch-device-gfx1100-2.12.0+rocm7.14.0 amd-torch-device-gfx1101-2.12.0+rocm7.14.0 amd-torch-device-gfx1102-2.12.0+rocm7.14.0 amd-torch-device-gfx1103-2.12.0+rocm7.14.0 amd-torch-device-gfx1150-2.12.0+rocm7.14.0 amd-torch-device-gfx1151-2.12.0+rocm7.14.0 amd-torch-device-gfx1152-2.12.0+rocm7.14.0 amd-torch-device-gfx1153-2.12.0+rocm7.14.0 amd-torch-device-gfx12-0-2.12.0+rocm7.14.0 amd-torch-device-gfx1200-2.12.0+rocm7.14.0 amd-torch-device-gfx1201-2.12.0+rocm7.14.0 amd-torch-device-gfx908-2.12.0+rocm7.14.0 amd-torch-device-gfx90a-2.12.0+rocm7.14.0 amd-torch-device-gfx942-2.12.0+rocm7.14.0 amd-torch-device-gfx950-2.12.0+rocm7.14.0 amd-torchvision-device-gfx1010-0.27.0+rocm7.14.0 amd-torchvision-device-gfx1011-0.27.0+rocm7.14.0 amd-torchvision-device-gfx1012-0.27.0+rocm7.14.0 amd-torchvision-device-gfx1030-0.27.0+rocm7.14.0 amd-torchvision-device-gfx1031-0.27.0+rocm7.14.0 amd-torchvision-device-gfx1032-0.27.0+rocm7.14.0 amd-torchvision-device-gfx1033-0.27.0+rocm7.14.0 amd-torchvision-device-gfx1034-0.27.0+rocm7.14.0 amd-torchvision-device-gfx1035-0.27.0+rocm7.14.0 amd-torchvision-device-gfx1036-0.27.0+rocm7.14.0 amd-torchvision-device-gfx1100-0.27.0+rocm7.14.0 amd-torchvision-device-gfx1101-0.27.0+rocm7.14.0 amd-torchvision-device-gfx1102-0.27.0+rocm7.14.0 amd-torchvision-device-gfx1103-0.27.0+rocm7.14.0 amd-torchvision-device-gfx1150-0.27.0+rocm7.14.0 amd-torchvision-device-gfx1151-0.27.0+rocm7.14.0 amd-torchvision-device-gfx1152-0.27.0+rocm7.14.0 amd-torchvision-device-gfx1153-0.27.0+rocm7.14.0 amd-torchvision-device-gfx1200-0.27.0+rocm7.14.0 amd-torchvision-device-gfx1201-0.27.0+rocm7.14.0 amd-torchvision-device-gfx908-0.27.0+rocm7.14.0 amd-torchvision-device-gfx90a-0.27.0+rocm7.14.0 amd-torchvision-device-gfx942-0.27.0+rocm7.14.0 amd-torchvision-device-gfx950-0.27.0+rocm7.14.0 filelock-3.29.1 fsspec-2026.4.0 mpmath-1.3.0 networkx-3.6.1 numpy-2.4.4 pillow-12.2.0 rocm-7.14.0 rocm-bootstrap-0.1.0 rocm-sdk-core-7.14.0 rocm-sdk-device-gfx1010-7.14.0 rocm-sdk-device-gfx1011-7.14.0 rocm-sdk-device-gfx1012-7.14.0 rocm-sdk-device-gfx1030-7.14.0 rocm-sdk-device-gfx1031-7.14.0 rocm-sdk-device-gfx1032-7.14.0 rocm-sdk-device-gfx1033-7.14.0 rocm-sdk-device-gfx1034-7.14.0 rocm-sdk-device-gfx1035-7.14.0 rocm-sdk-device-gfx1036-7.14.0 rocm-sdk-device-gfx1100-7.14.0 rocm-sdk-device-gfx1101-7.14.0 rocm-sdk-device-gfx1102-7.14.0 rocm-sdk-device-gfx1103-7.14.0 rocm-sdk-device-gfx1150-7.14.0 rocm-sdk-device-gfx1151-7.14.0 rocm-sdk-device-gfx1152-7.14.0 rocm-sdk-device-gfx1153-7.14.0 rocm-sdk-device-gfx1200-7.14.0 rocm-sdk-device-gfx1201-7.14.0 rocm-sdk-device-gfx908-7.14.0 rocm-sdk-device-gfx90a-7.14.0 rocm-sdk-device-gfx942-7.14.0 rocm-sdk-device-gfx950-7.14.0 rocm-sdk-libraries-7.14.0 setuptools-81.0.0 sympy-1.14.0 torch-2.12.0+rocm7.14.0 torchaudio-2.11.0+rocm7.14.0 torchvision-0.27.0+rocm7.14.0 triton-3.7.1+git0263a6a6.rocm7.14.0
Defaulting to user installation because normal site-packages is not writeable
Collecting accelerate
  Downloading accelerate-1.14.0-py3-none-any.whl.metadata (19 kB)
Collecting datasets
  Downloading datasets-5.0.1-py3-none-any.whl.metadata (23 kB)
Collecting diffusers
  Downloading diffusers-0.39.0-py3-none-any.whl.metadata (20 kB)
Collecting joblib
  Downloading joblib-1.5.3-py3-none-any.whl.metadata (5.5 kB)
Collecting protobuf
  Downloading protobuf-7.35.1-cp310-abi3-manylinux2014_x86_64.whl.metadata (595 bytes)
Collecting sentencepiece
  Downloading sentencepiece-0.2.2-cp314-cp314-manylinux_2_27_x86_64.manylinux_2_28_x86_64.whl.metadata (33 kB)
Collecting setuptools_scm
  Downloading setuptools_scm-10.2.1-py3-none-any.whl.metadata (6.7 kB)
Collecting transformers
  Downloading transformers-5.14.1-py3-none-any.whl.metadata (32 kB)
Requirement already satisfied: numpy>=1.17 in ./.local/lib/python3.14/site-packages (from accelerate) (2.4.4)
Requirement already satisfied: packaging>=20.0 in /usr/lib/python3/dist-packages (from accelerate) (26.0)
Collecting psutil (from accelerate)
  Downloading psutil-7.2.2-cp36-abi3-manylinux2010_x86_64.manylinux_2_12_x86_64.manylinux_2_28_x86_64.whl.metadata (22 kB)
Requirement already satisfied: pyyaml in /usr/lib/python3/dist-packages (from accelerate) (6.0.3)
Requirement already satisfied: torch>=2.0.0 in ./.local/lib/python3.14/site-packages (from accelerate) (2.12.0+rocm7.14.0)
Collecting huggingface_hub>=0.21.0 (from accelerate)
  Downloading huggingface_hub-1.25.1-py3-none-any.whl.metadata (16 kB)
Collecting safetensors>=0.4.3 (from accelerate)
  Downloading safetensors-0.8.0-cp310-abi3-manylinux_2_17_x86_64.manylinux2014_x86_64.whl.metadata (4.2 kB)
Requirement already satisfied: filelock in ./.local/lib/python3.14/site-packages (from datasets) (3.29.1)
Collecting pyarrow>=21.0.0 (from datasets)
  Downloading pyarrow-25.0.0-cp314-cp314-manylinux_2_28_x86_64.whl.metadata (3.0 kB)
Collecting dill<0.4.2,>=0.3.0 (from datasets)
  Downloading dill-0.4.1-py3-none-any.whl.metadata (10 kB)
Collecting pandas (from datasets)
  Downloading pandas-3.0.5-cp314-cp314-manylinux_2_24_x86_64.manylinux_2_28_x86_64.whl.metadata (79 kB)
Requirement already satisfied: requests>=2.32.2 in /usr/lib/python3/dist-packages (from datasets) (2.32.5)
Collecting httpx<1.0.0 (from datasets)
  Downloading httpx-0.28.1-py3-none-any.whl.metadata (7.1 kB)
Collecting tqdm>=4.66.3 (from datasets)
  Downloading tqdm-4.70.0-py3-none-any.whl.metadata (57 kB)
Collecting xxhash (from datasets)
  Downloading xxhash-3.8.1-cp314-cp314-manylinux2014_x86_64.manylinux_2_17_x86_64.manylinux_2_28_x86_64.whl.metadata (15 kB)
Collecting multiprocess<0.70.20 (from datasets)
  Downloading multiprocess-0.70.19-py314-none-any.whl.metadata (7.2 kB)
Requirement already satisfied: fsspec<=2026.6.0,>=2023.1.0 in ./.local/lib/python3.14/site-packages (from fsspec[http]<=2026.6.0,>=2023.1.0->datasets) (2026.4.0)
Collecting aiohttp!=4.0.0a0,!=4.0.0a1 (from fsspec[http]<=2026.6.0,>=2023.1.0->datasets)
  Downloading aiohttp-3.14.3-cp314-cp314-manylinux2014_x86_64.manylinux_2_17_x86_64.manylinux_2_28_x86_64.whl.metadata (8.3 kB)
Collecting anyio (from httpx<1.0.0->datasets)
  Downloading anyio-4.14.2-py3-none-any.whl.metadata (4.6 kB)
Requirement already satisfied: certifi in /usr/lib/python3/dist-packages (from httpx<1.0.0->datasets) (2026.1.4)
Collecting httpcore==1.* (from httpx<1.0.0->datasets)
  Downloading httpcore-1.0.9-py3-none-any.whl.metadata (21 kB)
Requirement already satisfied: idna in /usr/lib/python3/dist-packages (from httpx<1.0.0->datasets) (3.11)
Collecting h11>=0.16 (from httpcore==1.*->httpx<1.0.0->datasets)
  Downloading h11-0.16.0-py3-none-any.whl.metadata (8.3 kB)
Collecting click<9.0.0,>=8.4.2 (from huggingface_hub>=0.21.0->accelerate)
  Downloading click-8.4.2-py3-none-any.whl.metadata (2.6 kB)
Collecting hf-xet<2.0.0,>=1.5.1 (from huggingface_hub>=0.21.0->accelerate)
  Downloading hf_xet-1.5.2-cp38-abi3-manylinux2014_x86_64.manylinux_2_17_x86_64.whl.metadata (4.9 kB)
Requirement already satisfied: typing-extensions>=4.1.0 in /usr/lib/python3/dist-packages (from huggingface_hub>=0.21.0->accelerate) (4.15.0)
Collecting importlib_metadata (from diffusers)
  Downloading importlib_metadata-9.0.0-py3-none-any.whl.metadata (4.5 kB)
Collecting regex!=2019.12.17 (from diffusers)
  Downloading regex-2026.7.19-cp314-cp314-manylinux2014_x86_64.manylinux_2_17_x86_64.manylinux_2_28_x86_64.whl.metadata (40 kB)
Requirement already satisfied: Pillow in ./.local/lib/python3.14/site-packages (from diffusers) (12.2.0)
Collecting vcs-versioning<3,>=2.0.0.dev0 (from setuptools_scm)
  Downloading vcs_versioning-2.2.3-py3-none-any.whl.metadata (1.7 kB)
Requirement already satisfied: setuptools in ./.local/lib/python3.14/site-packages (from setuptools_scm) (81.0.0)
Collecting packaging>=20.0 (from accelerate)
  Downloading packaging-26.2-py3-none-any.whl.metadata (3.5 kB)
Collecting tokenizers<=0.23.0,>=0.22.0 (from transformers)
  Downloading tokenizers-0.22.2-cp39-abi3-manylinux_2_17_x86_64.manylinux2014_x86_64.whl.metadata (7.3 kB)
Collecting typer (from transformers)
  Downloading typer-0.27.0-py3-none-any.whl.metadata (15 kB)
Collecting aiohappyeyeballs>=2.5.0 (from aiohttp!=4.0.0a0,!=4.0.0a1->fsspec[http]<=2026.6.0,>=2023.1.0->datasets)
  Downloading aiohappyeyeballs-2.7.1-py3-none-any.whl.metadata (5.9 kB)
Collecting aiosignal>=1.4.0 (from aiohttp!=4.0.0a0,!=4.0.0a1->fsspec[http]<=2026.6.0,>=2023.1.0->datasets)
  Downloading aiosignal-1.4.0-py3-none-any.whl.metadata (3.7 kB)
Requirement already satisfied: attrs>=17.3.0 in /usr/lib/python3/dist-packages (from aiohttp!=4.0.0a0,!=4.0.0a1->fsspec[http]<=2026.6.0,>=2023.1.0->datasets) (25.4.0)
Collecting frozenlist>=1.1.1 (from aiohttp!=4.0.0a0,!=4.0.0a1->fsspec[http]<=2026.6.0,>=2023.1.0->datasets)
  Downloading frozenlist-1.8.0-cp314-cp314-manylinux1_x86_64.manylinux_2_28_x86_64.manylinux_2_5_x86_64.whl.metadata (20 kB)
Collecting multidict<7.0,>=4.5 (from aiohttp!=4.0.0a0,!=4.0.0a1->fsspec[http]<=2026.6.0,>=2023.1.0->datasets)
  Downloading multidict-6.7.1-cp314-cp314-manylinux2014_x86_64.manylinux_2_17_x86_64.manylinux_2_28_x86_64.whl.metadata (5.3 kB)
Collecting propcache>=0.2.0 (from aiohttp!=4.0.0a0,!=4.0.0a1->fsspec[http]<=2026.6.0,>=2023.1.0->datasets)
  Downloading propcache-0.5.2-cp314-cp314-manylinux2014_x86_64.manylinux_2_17_x86_64.manylinux_2_28_x86_64.whl.metadata (16 kB)
Collecting yarl<2.0,>=1.17.0 (from aiohttp!=4.0.0a0,!=4.0.0a1->fsspec[http]<=2026.6.0,>=2023.1.0->datasets)
  Downloading yarl-1.24.5-cp314-cp314-manylinux2014_x86_64.manylinux_2_17_x86_64.manylinux_2_28_x86_64.whl.metadata (103 kB)
Requirement already satisfied: chardet>=3.0.2 in /usr/lib/python3/dist-packages (from requests>=2.32.2->datasets) (5.2.0)
Requirement already satisfied: urllib3<3,>=1.21.1 in /usr/lib/python3/dist-packages (from requests>=2.32.2->datasets) (2.6.3)
Requirement already satisfied: sympy>=1.13.3 in ./.local/lib/python3.14/site-packages (from torch>=2.0.0->accelerate) (1.14.0)
Requirement already satisfied: networkx>=2.5.1 in ./.local/lib/python3.14/site-packages (from torch>=2.0.0->accelerate) (3.6.1)
Requirement already satisfied: jinja2 in /usr/lib/python3/dist-packages (from torch>=2.0.0->accelerate) (3.1.6)
Requirement already satisfied: rocm==7.14.0 in ./.local/lib/python3.14/site-packages (from rocm[libraries]==7.14.0->torch>=2.0.0->accelerate) (7.14.0)
Requirement already satisfied: triton==3.7.1+git0263a6a6.rocm7.14.0 in ./.local/lib/python3.14/site-packages (from torch>=2.0.0->accelerate) (3.7.1+git0263a6a6.rocm7.14.0)
Requirement already satisfied: rocm-bootstrap in ./.local/lib/python3.14/site-packages (from torch>=2.0.0->accelerate) (0.1.0)
Requirement already satisfied: rocm-sdk-core==7.14.0 in ./.local/lib/python3.14/site-packages (from rocm==7.14.0->rocm[libraries]==7.14.0->torch>=2.0.0->accelerate) (7.14.0)
Requirement already satisfied: rocm-sdk-libraries==7.14.0 in ./.local/lib/python3.14/site-packages (from rocm[libraries]==7.14.0->torch>=2.0.0->accelerate) (7.14.0)
Requirement already satisfied: mpmath<1.4,>=1.1.0 in ./.local/lib/python3.14/site-packages (from sympy>=1.13.3->torch>=2.0.0->accelerate) (1.3.0)
Requirement already satisfied: zipp>=3.20 in /usr/lib/python3/dist-packages (from importlib_metadata->diffusers) (3.23.0)
Requirement already satisfied: MarkupSafe>=2.0 in /usr/lib/python3/dist-packages (from jinja2->torch>=2.0.0->accelerate) (3.0.3)
Requirement already satisfied: python-dateutil>=2.8.2 in /usr/lib/python3/dist-packages (from pandas->datasets) (2.9.0)
Collecting shellingham>=1.3.0 (from typer->transformers)
  Downloading shellingham-1.5.4-py2.py3-none-any.whl.metadata (3.5 kB)
Requirement already satisfied: rich>=13.8.0 in /usr/lib/python3/dist-packages (from typer->transformers) (13.9.4)
Collecting annotated-doc>=0.0.2 (from typer->transformers)
  Downloading annotated_doc-0.0.5-py3-none-any.whl.metadata (6.5 kB)
Requirement already satisfied: markdown-it-py>=2.2.0 in /usr/lib/python3/dist-packages (from rich>=13.8.0->typer->transformers) (3.0.0)
Requirement already satisfied: pygments<3.0.0,>=2.13.0 in /usr/lib/python3/dist-packages (from rich>=13.8.0->typer->transformers) (2.19.2)
Requirement already satisfied: mdurl~=0.1 in /usr/lib/python3/dist-packages (from markdown-it-py>=2.2.0->rich>=13.8.0->typer->transformers) (0.1.2)
Downloading accelerate-1.14.0-py3-none-any.whl (389 kB)
Downloading datasets-5.0.1-py3-none-any.whl (559 kB)
   ━━━━━━━━━━━━━━━━━━━━━━━━━━━━━━━━━━━━━━━━ 559.1/559.1 kB 30.5 MB/s  0:00:00
Downloading dill-0.4.1-py3-none-any.whl (120 kB)
Downloading httpx-0.28.1-py3-none-any.whl (73 kB)
Downloading httpcore-1.0.9-py3-none-any.whl (78 kB)
Downloading huggingface_hub-1.25.1-py3-none-any.whl (774 kB)
   ━━━━━━━━━━━━━━━━━━━━━━━━━━━━━━━━━━━━━━━━ 774.9/774.9 kB 30.8 MB/s  0:00:00
Downloading click-8.4.2-py3-none-any.whl (119 kB)
Downloading hf_xet-1.5.2-cp38-abi3-manylinux2014_x86_64.manylinux_2_17_x86_64.whl (4.4 MB)
   ━━━━━━━━━━━━━━━━━━━━━━━━━━━━━━━━━━━━━━━━ 4.4/4.4 MB 31.7 MB/s  0:00:00
Downloading multiprocess-0.70.19-py314-none-any.whl (160 kB)
Downloading diffusers-0.39.0-py3-none-any.whl (5.6 MB)
   ━━━━━━━━━━━━━━━━━━━━━━━━━━━━━━━━━━━━━━━━ 5.6/5.6 MB 32.0 MB/s  0:00:00
Downloading joblib-1.5.3-py3-none-any.whl (309 kB)
Downloading protobuf-7.35.1-cp310-abi3-manylinux2014_x86_64.whl (327 kB)
Downloading sentencepiece-0.2.2-cp314-cp314-manylinux_2_27_x86_64.manylinux_2_28_x86_64.whl (1.4 MB)
   ━━━━━━━━━━━━━━━━━━━━━━━━━━━━━━━━━━━━━━━━ 1.4/1.4 MB 31.7 MB/s  0:00:00
Downloading setuptools_scm-10.2.1-py3-none-any.whl (29 kB)
Downloading vcs_versioning-2.2.3-py3-none-any.whl (108 kB)
Downloading transformers-5.14.1-py3-none-any.whl (11.6 MB)
   ━━━━━━━━━━━━━━━━━━━━━━━━━━━━━━━━━━━━━━━━ 11.6/11.6 MB 31.7 MB/s  0:00:00
Downloading tokenizers-0.22.2-cp39-abi3-manylinux_2_17_x86_64.manylinux2014_x86_64.whl (3.3 MB)
   ━━━━━━━━━━━━━━━━━━━━━━━━━━━━━━━━━━━━━━━━ 3.3/3.3 MB 31.9 MB/s  0:00:00
Downloading aiohttp-3.14.3-cp314-cp314-manylinux2014_x86_64.manylinux_2_17_x86_64.manylinux_2_28_x86_64.whl (1.8 MB)
   ━━━━━━━━━━━━━━━━━━━━━━━━━━━━━━━━━━━━━━━━ 1.8/1.8 MB 31.3 MB/s  0:00:00
Downloading multidict-6.7.1-cp314-cp314-manylinux2014_x86_64.manylinux_2_17_x86_64.manylinux_2_28_x86_64.whl (248 kB)
Downloading yarl-1.24.5-cp314-cp314-manylinux2014_x86_64.manylinux_2_17_x86_64.manylinux_2_28_x86_64.whl (110 kB)
Downloading aiohappyeyeballs-2.7.1-py3-none-any.whl (15 kB)
Downloading aiosignal-1.4.0-py3-none-any.whl (7.5 kB)
Downloading frozenlist-1.8.0-cp314-cp314-manylinux1_x86_64.manylinux_2_28_x86_64.manylinux_2_5_x86_64.whl (231 kB)
Downloading h11-0.16.0-py3-none-any.whl (37 kB)
Downloading packaging-26.2-py3-none-any.whl (100 kB)
Downloading propcache-0.5.2-cp314-cp314-manylinux2014_x86_64.manylinux_2_17_x86_64.manylinux_2_28_x86_64.whl (61 kB)
Downloading pyarrow-25.0.0-cp314-cp314-manylinux_2_28_x86_64.whl (50.1 MB)
   ━━━━━━━━━━━━━━━━━━━━━━━━━━━━━━━━━━━━━━━━ 50.1/50.1 MB 31.7 MB/s  0:00:01
Downloading regex-2026.7.19-cp314-cp314-manylinux2014_x86_64.manylinux_2_17_x86_64.manylinux_2_28_x86_64.whl (801 kB)
   ━━━━━━━━━━━━━━━━━━━━━━━━━━━━━━━━━━━━━━━━ 801.3/801.3 kB 30.1 MB/s  0:00:00
Downloading safetensors-0.8.0-cp310-abi3-manylinux_2_17_x86_64.manylinux2014_x86_64.whl (516 kB)
Downloading tqdm-4.70.0-py3-none-any.whl (80 kB)
Downloading anyio-4.14.2-py3-none-any.whl (125 kB)
Downloading importlib_metadata-9.0.0-py3-none-any.whl (27 kB)
Downloading pandas-3.0.5-cp314-cp314-manylinux_2_24_x86_64.manylinux_2_28_x86_64.whl (11.0 MB)
   ━━━━━━━━━━━━━━━━━━━━━━━━━━━━━━━━━━━━━━━━ 11.0/11.0 MB 31.9 MB/s  0:00:00
Downloading psutil-7.2.2-cp36-abi3-manylinux2010_x86_64.manylinux_2_12_x86_64.manylinux_2_28_x86_64.whl (155 kB)
Downloading typer-0.27.0-py3-none-any.whl (122 kB)
Downloading annotated_doc-0.0.5-py3-none-any.whl (5.3 kB)
Downloading shellingham-1.5.4-py2.py3-none-any.whl (9.8 kB)
Downloading xxhash-3.8.1-cp314-cp314-manylinux2014_x86_64.manylinux_2_17_x86_64.manylinux_2_28_x86_64.whl (220 kB)
Installing collected packages: xxhash, tqdm, shellingham, sentencepiece, safetensors, regex, pyarrow, psutil, protobuf, propcache, pandas, packaging, multidict, joblib, importlib_metadata, hf-xet, h11, frozenlist, dill, click, anyio, annotated-doc, aiohappyeyeballs, yarl, vcs-versioning, multiprocess, httpcore, aiosignal, typer, setuptools_scm, httpx, aiohttp, huggingface_hub, tokenizers, diffusers, datasets, transformers, accelerate

Successfully installed accelerate-1.14.0 aiohappyeyeballs-2.7.1 aiohttp-3.14.3 aiosignal-1.4.0 annotated-doc-0.0.5 anyio-4.14.2 click-8.4.2 datasets-5.0.1 diffusers-0.39.0 dill-0.4.1 frozenlist-1.8.0 h11-0.16.0 hf-xet-1.5.2 httpcore-1.0.9 httpx-0.28.1 huggingface_hub-1.25.1 importlib_metadata-9.0.0 joblib-1.5.3 multidict-6.7.1 multiprocess-0.70.19 packaging-26.2 pandas-3.0.5 propcache-0.5.2 protobuf-7.35.1 psutil-7.2.2 pyarrow-25.0.0 regex-2026.7.19 safetensors-0.8.0 sentencepiece-0.2.2 setuptools_scm-10.2.1 shellingham-1.5.4 tokenizers-0.22.2 tqdm-4.70.0 transformers-5.14.1 typer-0.27.0 vcs-versioning-2.2.3 xxhash-3.8.1 yarl-1.24.5
Docker not found. Installing...

Installing and configuring Docker (stable version) with required dependencies...
Hit:1 https://repo.radeon.com/amdgpu/31.40/ubuntu resolute InRelease
Hit:2 http://security.ubuntu.com/ubuntu resolute-security InRelease
Hit:3 http://de.archive.ubuntu.com/ubuntu resolute InRelease
Hit:4 http://de.archive.ubuntu.com/ubuntu resolute-updates InRelease
Hit:5 http://de.archive.ubuntu.com/ubuntu resolute-backports InRelease
Hit:6 https://repo.amd.com/rocm/packages-multi-arch/ubuntu2604 stable InRelease
Reading package lists...
Reading package lists...
Building dependency tree...
Reading state information...
ca-certificates is already the newest version (20260601~26.04.1).
ca-certificates set to manually installed.
curl is already the newest version (8.18.0-1ubuntu2.3).
curl set to manually installed.
Solving dependencies...
The following additional packages will be installed:
  python3-software-properties
The following NEW packages will be installed:
  apt-transport-https
The following packages will be upgraded:
  python3-software-properties software-properties-common
2 upgraded, 1 newly installed, 0 to remove and 0 not upgraded.
Need to get 49.2 kB of archives.
After this operation, 36.9 kB of additional disk space will be used.
Get:1 http://de.archive.ubuntu.com/ubuntu resolute/universe amd64 apt-transport-https all 3.2.0 [3,928 B]
Get:2 http://de.archive.ubuntu.com/ubuntu resolute-updates/main amd64 software-properties-common all 0.120.1 [16.6 kB]
Get:3 http://de.archive.ubuntu.com/ubuntu resolute-updates/main amd64 python3-software-properties all 0.120.1 [28.7 kB]
Fetched 49.2 kB in 0s (355 kB/s)
Selecting previously unselected package apt-transport-https.
(Reading database… 
(Reading database… 5%
(Reading database… 10%
(Reading database… 15%
(Reading database… 20%
(Reading database… 25%
(Reading database… 30%
(Reading database… 35%
(Reading database… 40%
(Reading database… 45%
(Reading database… 50%
(Reading database… 55%
(Reading database… 60%
(Reading database… 65%
(Reading database… 70%
(Reading database… 75%
(Reading database… 80%
(Reading database… 85%
(Reading database… 90%
(Reading database… 95%
(Reading database… 100%
(Reading database… 151441 files and directories currently installed.)
Preparing to unpack …/apt-transport-https_3.2.0_all.deb…
Unpacking apt-transport-https (3.2.0)…
Preparing to unpack …/software-properties-common_0.120.1_all.deb…
Unpacking software-properties-common (0.120.1) over (0.120)…
Preparing to unpack …/python3-software-properties_0.120.1_all.deb…
Unpacking python3-software-properties (0.120.1) over (0.120)…
Setting up apt-transport-https (3.2.0)…
Setting up python3-software-properties (0.120.1)…
Setting up software-properties-common (0.120.1)…
Processing triggers for man-db (2.13.1-1build1)…
Processing triggers for dbus (1.16.2-2ubuntu4)…

Running kernel seems to be up-to-date.

The processor microcode seems to be up-to-date.

No services need to be restarted.

No containers need to be restarted.

No user sessions are running outdated binaries.

No VM guests are running outdated hypervisor (qemu) binaries on this host.
Hit:1 https://repo.radeon.com/amdgpu/31.40/ubuntu resolute InRelease
Hit:2 http://de.archive.ubuntu.com/ubuntu resolute InRelease
Hit:3 http://security.ubuntu.com/ubuntu resolute-security InRelease
Get:4 https://download.docker.com/linux/ubuntu resolute InRelease [32.5 kB]
Hit:5 http://de.archive.ubuntu.com/ubuntu resolute-updates InRelease
Get:6 https://download.docker.com/linux/ubuntu resolute/stable amd64 Packages [21.4 kB]
Hit:7 http://de.archive.ubuntu.com/ubuntu resolute-backports InRelease
Hit:8 https://repo.amd.com/rocm/packages-multi-arch/ubuntu2604 stable InRelease
Fetched 53.9 kB in 0s (115 kB/s)
Reading package lists...
Reading package lists...
Building dependency tree...
Reading state information...
Solving dependencies...
The following additional packages will be installed:
  docker-buildx-plugin docker-ce-rootless-extras docker-compose-plugin pigz
Suggested packages:
  cgroupfs-mount | cgroup-lite docker-model-plugin
The following NEW packages will be installed:
  containerd.io docker-buildx-plugin docker-ce docker-ce-cli
  docker-ce-rootless-extras docker-compose-plugin pigz
0 upgraded, 7 newly installed, 0 to remove and 0 not upgraded.
Need to get 99.3 MB of archives.
After this operation, 380 MB of additional disk space will be used.
Get:1 https://download.docker.com/linux/ubuntu resolute/stable amd64 containerd.io amd64 2.2.6-1~ubuntu.26.04~resolute [23.6 MB]
Get:2 http://de.archive.ubuntu.com/ubuntu resolute/universe amd64 pigz amd64 2.8-1build1 [66.8 kB]
Get:3 https://download.docker.com/linux/ubuntu resolute/stable amd64 docker-ce-cli amd64 5:29.6.2-1~ubuntu.26.04~resolute [16.9 MB]
Get:4 https://download.docker.com/linux/ubuntu resolute/stable amd64 docker-ce amd64 5:29.6.2-1~ubuntu.26.04~resolute [23.3 MB]
Get:5 https://download.docker.com/linux/ubuntu resolute/stable amd64 docker-buildx-plugin amd64 0.36.0-1~ubuntu.26.04~resolute [17.2 MB]
Get:6 https://download.docker.com/linux/ubuntu resolute/stable amd64 docker-ce-rootless-extras amd64 5:29.6.2-1~ubuntu.26.04~resolute [10.2 MB]
Get:7 https://download.docker.com/linux/ubuntu resolute/stable amd64 docker-compose-plugin amd64 5.3.1-1~ubuntu.26.04~resolute [8,100 kB]
Fetched 99.3 MB in 3s (31.6 MB/s)
Selecting previously unselected package containerd.io.
(Reading database… 
(Reading database… 5%
(Reading database… 10%
(Reading database… 15%
(Reading database… 20%
(Reading database… 25%
(Reading database… 30%
(Reading database… 35%
(Reading database… 40%
(Reading database… 45%
(Reading database… 50%
(Reading database… 55%
(Reading database… 60%
(Reading database… 65%
(Reading database… 70%
(Reading database… 75%
(Reading database… 80%
(Reading database… 85%
(Reading database… 90%
(Reading database… 95%
(Reading database… 100%
(Reading database… 151445 files and directories currently installed.)
Preparing to unpack …/0-containerd.io_2.2.6-1~ubuntu.26.04~resolute_amd64.deb…
Unpacking containerd.io (2.2.6-1~ubuntu.26.04~resolute)…
Selecting previously unselected package docker-ce-cli.
Preparing to unpack …/1-docker-ce-cli_5%3a29.6.2-1~ubuntu.26.04~resolute_amd64.deb…
Unpacking docker-ce-cli (5:29.6.2-1~ubuntu.26.04~resolute)…
Selecting previously unselected package docker-ce.
Preparing to unpack …/2-docker-ce_5%3a29.6.2-1~ubuntu.26.04~resolute_amd64.deb…
Unpacking docker-ce (5:29.6.2-1~ubuntu.26.04~resolute)…
Selecting previously unselected package pigz.
Preparing to unpack …/3-pigz_2.8-1build1_amd64.deb…
Unpacking pigz (2.8-1build1)…
Selecting previously unselected package docker-buildx-plugin.
Preparing to unpack …/4-docker-buildx-plugin_0.36.0-1~ubuntu.26.04~resolute_amd64.deb…
Unpacking docker-buildx-plugin (0.36.0-1~ubuntu.26.04~resolute)…
Selecting previously unselected package docker-ce-rootless-extras.
Preparing to unpack …/5-docker-ce-rootless-extras_5%3a29.6.2-1~ubuntu.26.04~resolute_amd64.deb…
Unpacking docker-ce-rootless-extras (5:29.6.2-1~ubuntu.26.04~resolute)…
Selecting previously unselected package docker-compose-plugin.
Preparing to unpack …/6-docker-compose-plugin_5.3.1-1~ubuntu.26.04~resolute_amd64.deb…
Unpacking docker-compose-plugin (5.3.1-1~ubuntu.26.04~resolute)…
Setting up docker-buildx-plugin (0.36.0-1~ubuntu.26.04~resolute)…
Setting up containerd.io (2.2.6-1~ubuntu.26.04~resolute)…
Created symlink '/etc/systemd/system/multi-user.target.wants/containerd.service' → '/usr/lib/systemd/system/containerd.service'.
Setting up docker-compose-plugin (5.3.1-1~ubuntu.26.04~resolute)…
Setting up docker-ce-cli (5:29.6.2-1~ubuntu.26.04~resolute)…
Setting up pigz (2.8-1build1)…
Setting up docker-ce-rootless-extras (5:29.6.2-1~ubuntu.26.04~resolute)…
Setting up docker-ce (5:29.6.2-1~ubuntu.26.04~resolute)…
Created symlink '/etc/systemd/system/multi-user.target.wants/docker.service' → '/usr/lib/systemd/system/docker.service'.
Created symlink '/etc/systemd/system/sockets.target.wants/docker.socket' → '/usr/lib/systemd/system/docker.socket'.
Processing triggers for man-db (2.13.1-1build1)…

Running kernel seems to be up-to-date.

The processor microcode seems to be up-to-date.

No services need to be restarted.

No containers need to be restarted.

No user sessions are running outdated binaries.

No VM guests are running outdated hypervisor (qemu) binaries on this host.
Docker version 29.6.2, build dfc4efb

 ✅ Docker installation completed.
[1;32m	 ✅ Finished TheRock 7.14 + PyTorch 2.12 (Stable) + Transformers & Docker environment installation and setup.
[1;35m

 🔹 After the reboot, test your installation with:
  • rocminfo
  • installation process is stored in /home/ai1/therock714installation.log
  • amd-smi

 🔹 Verify the active PyTorch device:
  - python3 test.py

 🔹 Install the latest vLLM Docker images:
  - RDNA4 → sudo docker pull rocm/vllm:rocm7.14.0_rdna_ubuntu24.04_py3.14_pytorch_2.11.0_vllm_0.23.0
  - CDNA → sudo docker pull rocm/vllm:latest
[1;32m	 🔄 Reboot system now (recommended)? (y/n)[1;35m
🔄 Reboot in 3 ...
🔄 Reboot in 2 ...
🔄 Reboot in 1 ...
