[H[2J[3J
🚀 AMD TheRock 7.14 + PyTorch 2.12 (Stable) + Transformers + Docker Setup
Compatible with Ubuntu 22.04.x, 24.04.x and 26.04.x (Desktop & Server)
 ⚠️ Ubuntu 20.04.x is no longer supported[1;32m	
 🔄 Ubuntu OS Update ...
[1;35m
Hit:1 http://de.archive.ubuntu.com/ubuntu noble InRelease
Hit:2 http://de.archive.ubuntu.com/ubuntu noble-updates InRelease
Hit:3 http://de.archive.ubuntu.com/ubuntu noble-backports InRelease
Hit:4 http://security.ubuntu.com/ubuntu noble-security InRelease
Reading package lists...
Reading package lists...
Building dependency tree...
Reading state information...
Calculating upgrade...
The following packages have been kept back:
  fwupd
The following packages will be upgraded:
  apparmor apport apport-core-dump-handler cloud-init coreutils iproute2
  kpartx libapparmor1 libfwupd2 libjcat1 libnetplan1 libnftables1 libplymouth5
  libxmlb2 linux-base lshw multipath-tools netplan-generator netplan.io
  nftables open-vm-tools plymouth plymouth-theme-ubuntu-text python3-apport
  python3-netplan python3-problem-report python3-software-properties
  software-properties-common sosreport systemd-hwe-hwdb ubuntu-drivers-common
31 upgraded, 0 newly installed, 0 to remove and 1 not upgraded.
Need to get 7,228 kB of archives.
After this operation, 201 kB of additional disk space will be used.
Get:1 http://de.archive.ubuntu.com/ubuntu noble-updates/main amd64 coreutils amd64 9.4-3ubuntu6.2 [1,412 kB]
Get:2 http://de.archive.ubuntu.com/ubuntu noble-updates/main amd64 python3-problem-report all 2.28.2-0ubuntu0.1 [26.0 kB]
Get:3 http://de.archive.ubuntu.com/ubuntu noble-updates/main amd64 python3-apport all 2.28.2-0ubuntu0.1 [92.9 kB]
Get:4 http://de.archive.ubuntu.com/ubuntu noble-updates/main amd64 apport-core-dump-handler all 2.28.2-0ubuntu0.1 [18.8 kB]
Get:5 http://de.archive.ubuntu.com/ubuntu noble-updates/main amd64 apport all 2.28.2-0ubuntu0.1 [85.3 kB]
Get:6 http://de.archive.ubuntu.com/ubuntu noble-updates/main amd64 ubuntu-drivers-common amd64 1:0.9.7.6ubuntu3.7 [66.5 kB]
Get:7 http://de.archive.ubuntu.com/ubuntu noble-updates/main amd64 iproute2 amd64 6.1.0-1ubuntu6.4 [1,120 kB]
Get:8 http://de.archive.ubuntu.com/ubuntu noble-updates/main amd64 open-vm-tools amd64 2:13.0.0-2~ubuntu0.24.04.1 [723 kB]
Get:9 http://de.archive.ubuntu.com/ubuntu noble-updates/main amd64 libapparmor1 amd64 4.0.1really4.0.1-0ubuntu0.24.04.7 [51.3 kB]
Get:10 http://de.archive.ubuntu.com/ubuntu noble-updates/main amd64 netplan-generator amd64 1.1.2-8ubuntu1~24.04.2 [61.2 kB]
Get:11 http://de.archive.ubuntu.com/ubuntu noble-updates/main amd64 python3-netplan amd64 1.1.2-8ubuntu1~24.04.2 [24.3 kB]
Get:12 http://de.archive.ubuntu.com/ubuntu noble-updates/main amd64 netplan.io amd64 1.1.2-8ubuntu1~24.04.2 [69.8 kB]
Get:13 http://de.archive.ubuntu.com/ubuntu noble-updates/main amd64 libnetplan1 amd64 1.1.2-8ubuntu1~24.04.2 [133 kB]
Get:14 http://de.archive.ubuntu.com/ubuntu noble-updates/main amd64 systemd-hwe-hwdb all 255.1.7 [3,716 B]
Get:15 http://de.archive.ubuntu.com/ubuntu noble-updates/main amd64 apparmor amd64 4.0.1really4.0.1-0ubuntu0.24.04.7 [640 kB]
Get:16 http://de.archive.ubuntu.com/ubuntu noble-updates/main amd64 nftables amd64 1.0.9-1ubuntu0.1 [69.8 kB]
Get:17 http://de.archive.ubuntu.com/ubuntu noble-updates/main amd64 libnftables1 amd64 1.0.9-1ubuntu0.1 [359 kB]
Get:18 http://de.archive.ubuntu.com/ubuntu noble-updates/main amd64 libplymouth5 amd64 24.004.60-1ubuntu7.2 [137 kB]
Get:19 http://de.archive.ubuntu.com/ubuntu noble-updates/main amd64 lshw amd64 02.19.git.2021.06.19.996aaad9c7-2ubuntu0.24.04.1 [334 kB]
Get:20 http://de.archive.ubuntu.com/ubuntu noble-updates/main amd64 plymouth-theme-ubuntu-text amd64 24.004.60-1ubuntu7.2 [9,924 B]
Get:21 http://de.archive.ubuntu.com/ubuntu noble-updates/main amd64 plymouth amd64 24.004.60-1ubuntu7.2 [134 kB]
Get:22 http://de.archive.ubuntu.com/ubuntu noble-updates/main amd64 libjcat1 amd64 0.2.3-1~ubuntu0.24.04.1 [34.3 kB]
Get:23 http://de.archive.ubuntu.com/ubuntu noble-updates/main amd64 libfwupd2 amd64 1.9.34-0ubuntu1~24.04.1 [139 kB]
Get:24 http://de.archive.ubuntu.com/ubuntu noble-updates/main amd64 libxmlb2 amd64 0.3.24-1~ubuntu0.24.04.1 [67.6 kB]
Get:25 http://de.archive.ubuntu.com/ubuntu noble-updates/main amd64 linux-base all 4.5ubuntu9+24.04.2 [19.6 kB]
Get:26 http://de.archive.ubuntu.com/ubuntu noble-updates/main amd64 software-properties-common all 0.99.49.4 [14.4 kB]
Get:27 http://de.archive.ubuntu.com/ubuntu noble-updates/main amd64 python3-software-properties all 0.99.49.4 [30.0 kB]
Get:28 http://de.archive.ubuntu.com/ubuntu noble-updates/main amd64 sosreport amd64 4.10.2-0ubuntu0~24.04.1 [381 kB]
Get:29 http://de.archive.ubuntu.com/ubuntu noble-updates/main amd64 cloud-init all 26.1-0ubuntu1~24.04.1 [629 kB]
Get:30 http://de.archive.ubuntu.com/ubuntu noble-updates/main amd64 kpartx amd64 0.9.4-5ubuntu8.2 [32.2 kB]
Get:31 http://de.archive.ubuntu.com/ubuntu noble-updates/main amd64 multipath-tools amd64 0.9.4-5ubuntu8.2 [310 kB]
Preconfiguring packages ...
Fetched 7,228 kB in 0s (16.6 MB/s)
(Reading database ... 
(Reading database ... 5%
(Reading database ... 10%
(Reading database ... 15%
(Reading database ... 20%
(Reading database ... 25%
(Reading database ... 30%
(Reading database ... 35%
(Reading database ... 40%
(Reading database ... 45%
(Reading database ... 50%
(Reading database ... 55%
(Reading database ... 60%
(Reading database ... 65%
(Reading database ... 70%
(Reading database ... 75%
(Reading database ... 80%
(Reading database ... 85%
(Reading database ... 90%
(Reading database ... 95%
(Reading database ... 100%
(Reading database ... 88278 files and directories currently installed.)
Preparing to unpack .../coreutils_9.4-3ubuntu6.2_amd64.deb ...
Unpacking coreutils (9.4-3ubuntu6.2) over (9.4-3ubuntu6.1) ...
Setting up coreutils (9.4-3ubuntu6.2) ...
(Reading database ... 
(Reading database ... 5%
(Reading database ... 10%
(Reading database ... 15%
(Reading database ... 20%
(Reading database ... 25%
(Reading database ... 30%
(Reading database ... 35%
(Reading database ... 40%
(Reading database ... 45%
(Reading database ... 50%
(Reading database ... 55%
(Reading database ... 60%
(Reading database ... 65%
(Reading database ... 70%
(Reading database ... 75%
(Reading database ... 80%
(Reading database ... 85%
(Reading database ... 90%
(Reading database ... 95%
(Reading database ... 100%
(Reading database ... 88278 files and directories currently installed.)
Preparing to unpack .../00-python3-problem-report_2.28.2-0ubuntu0.1_all.deb ...
Unpacking python3-problem-report (2.28.2-0ubuntu0.1) over (2.28.1-0ubuntu3.8) ...
Preparing to unpack .../01-python3-apport_2.28.2-0ubuntu0.1_all.deb ...
Unpacking python3-apport (2.28.2-0ubuntu0.1) over (2.28.1-0ubuntu3.8) ...
Preparing to unpack .../02-apport-core-dump-handler_2.28.2-0ubuntu0.1_all.deb ...
Unpacking apport-core-dump-handler (2.28.2-0ubuntu0.1) over (2.28.1-0ubuntu3.8) ...
Preparing to unpack .../03-apport_2.28.2-0ubuntu0.1_all.deb ...
Unpacking apport (2.28.2-0ubuntu0.1) over (2.28.1-0ubuntu3.8) ...
Preparing to unpack .../04-ubuntu-drivers-common_1%3a0.9.7.6ubuntu3.7_amd64.deb ...
Unpacking ubuntu-drivers-common (1:0.9.7.6ubuntu3.7) over (1:0.9.7.6ubuntu3.5) ...
Preparing to unpack .../05-iproute2_6.1.0-1ubuntu6.4_amd64.deb ...
Unpacking iproute2 (6.1.0-1ubuntu6.4) over (6.1.0-1ubuntu6.2) ...
Preparing to unpack .../06-open-vm-tools_2%3a13.0.0-2~ubuntu0.24.04.1_amd64.deb ...
Unpacking open-vm-tools (2:13.0.0-2~ubuntu0.24.04.1) over (2:12.5.0-1~ubuntu0.24.04.2) ...
Preparing to unpack .../07-libapparmor1_4.0.1really4.0.1-0ubuntu0.24.04.7_amd64.deb ...
Unpacking libapparmor1:amd64 (4.0.1really4.0.1-0ubuntu0.24.04.7) over (4.0.1really4.0.1-0ubuntu0.24.04.5) ...
Preparing to unpack .../08-netplan-generator_1.1.2-8ubuntu1~24.04.2_amd64.deb ...
Adding 'diversion of /lib/systemd/system-generators/netplan to /lib/systemd/system-generators/netplan.usr-is-merged by netplan-generator'
Unpacking netplan-generator (1.1.2-8ubuntu1~24.04.2) over (1.1.2-8ubuntu1~24.04.1) ...
Preparing to unpack .../09-python3-netplan_1.1.2-8ubuntu1~24.04.2_amd64.deb ...
Unpacking python3-netplan (1.1.2-8ubuntu1~24.04.2) over (1.1.2-8ubuntu1~24.04.1) ...
Preparing to unpack .../10-netplan.io_1.1.2-8ubuntu1~24.04.2_amd64.deb ...
Unpacking netplan.io (1.1.2-8ubuntu1~24.04.2) over (1.1.2-8ubuntu1~24.04.1) ...
Preparing to unpack .../11-libnetplan1_1.1.2-8ubuntu1~24.04.2_amd64.deb ...
Unpacking libnetplan1:amd64 (1.1.2-8ubuntu1~24.04.2) over (1.1.2-8ubuntu1~24.04.1) ...
Preparing to unpack .../12-systemd-hwe-hwdb_255.1.7_all.deb ...
Unpacking systemd-hwe-hwdb (255.1.7) over (255.1.6) ...
Preparing to unpack .../13-apparmor_4.0.1really4.0.1-0ubuntu0.24.04.7_amd64.deb ...
Unpacking apparmor (4.0.1really4.0.1-0ubuntu0.24.04.7) over (4.0.1really4.0.1-0ubuntu0.24.04.5) ...
Preparing to unpack .../14-nftables_1.0.9-1ubuntu0.1_amd64.deb ...
Unpacking nftables (1.0.9-1ubuntu0.1) over (1.0.9-1build1) ...
Preparing to unpack .../15-libnftables1_1.0.9-1ubuntu0.1_amd64.deb ...
Unpacking libnftables1:amd64 (1.0.9-1ubuntu0.1) over (1.0.9-1build1) ...
Preparing to unpack .../16-libplymouth5_24.004.60-1ubuntu7.2_amd64.deb ...
Unpacking libplymouth5:amd64 (24.004.60-1ubuntu7.2) over (24.004.60-1ubuntu7.1) ...
Preparing to unpack .../17-lshw_02.19.git.2021.06.19.996aaad9c7-2ubuntu0.24.04.1_amd64.deb ...
Unpacking lshw (02.19.git.2021.06.19.996aaad9c7-2ubuntu0.24.04.1) over (02.19.git.2021.06.19.996aaad9c7-2build3) ...
Preparing to unpack .../18-plymouth-theme-ubuntu-text_24.004.60-1ubuntu7.2_amd64.deb ...
Unpacking plymouth-theme-ubuntu-text (24.004.60-1ubuntu7.2) over (24.004.60-1ubuntu7.1) ...
Preparing to unpack .../19-plymouth_24.004.60-1ubuntu7.2_amd64.deb ...
Unpacking plymouth (24.004.60-1ubuntu7.2) over (24.004.60-1ubuntu7.1) ...
Preparing to unpack .../20-libjcat1_0.2.3-1~ubuntu0.24.04.1_amd64.deb ...
Unpacking libjcat1:amd64 (0.2.3-1~ubuntu0.24.04.1) over (0.2.0-2build3) ...
Preparing to unpack .../21-libfwupd2_1.9.34-0ubuntu1~24.04.1_amd64.deb ...
Unpacking libfwupd2:amd64 (1.9.34-0ubuntu1~24.04.1) over (1.9.33-0ubuntu1~24.04.1ubuntu1) ...
Preparing to unpack .../22-libxmlb2_0.3.24-1~ubuntu0.24.04.1_amd64.deb ...
Unpacking libxmlb2:amd64 (0.3.24-1~ubuntu0.24.04.1) over (0.3.18-1) ...
Preparing to unpack .../23-linux-base_4.5ubuntu9+24.04.2_all.deb ...
Unpacking linux-base (4.5ubuntu9+24.04.2) over (4.5ubuntu9+24.04.1) ...
Preparing to unpack .../24-software-properties-common_0.99.49.4_all.deb ...
Unpacking software-properties-common (0.99.49.4) over (0.99.49.3) ...
Preparing to unpack .../25-python3-software-properties_0.99.49.4_all.deb ...
Unpacking python3-software-properties (0.99.49.4) over (0.99.49.3) ...
Preparing to unpack .../26-sosreport_4.10.2-0ubuntu0~24.04.1_amd64.deb ...
Unpacking sosreport (4.10.2-0ubuntu0~24.04.1) over (4.9.2-0ubuntu0~24.04.1) ...
Preparing to unpack .../27-cloud-init_26.1-0ubuntu1~24.04.1_all.deb ...
Unpacking cloud-init (26.1-0ubuntu1~24.04.1) over (25.2-0ubuntu1~24.04.1) ...
Preparing to unpack .../28-kpartx_0.9.4-5ubuntu8.2_amd64.deb ...
Unpacking kpartx (0.9.4-5ubuntu8.2) over (0.9.4-5ubuntu8.1) ...
Preparing to unpack .../29-multipath-tools_0.9.4-5ubuntu8.2_amd64.deb ...
Unpacking multipath-tools (0.9.4-5ubuntu8.2) over (0.9.4-5ubuntu8.1) ...
Setting up libapparmor1:amd64 (4.0.1really4.0.1-0ubuntu0.24.04.7) ...
Setting up libnftables1:amd64 (1.0.9-1ubuntu0.1) ...
Setting up linux-base (4.5ubuntu9+24.04.2) ...
Setting up nftables (1.0.9-1ubuntu0.1) ...
Setting up ubuntu-drivers-common (1:0.9.7.6ubuntu3.7) ...
Setting up python3-problem-report (2.28.2-0ubuntu0.1) ...
Setting up iproute2 (6.1.0-1ubuntu6.4) ...
Setting up libxmlb2:amd64 (0.3.24-1~ubuntu0.24.04.1) ...
Setting up libnetplan1:amd64 (1.1.2-8ubuntu1~24.04.2) ...
Setting up lshw (02.19.git.2021.06.19.996aaad9c7-2ubuntu0.24.04.1) ...
Setting up libjcat1:amd64 (0.2.3-1~ubuntu0.24.04.1) ...
Setting up python3-apport (2.28.2-0ubuntu0.1) ...
Setting up apparmor (4.0.1really4.0.1-0ubuntu0.24.04.7) ...
Removing obsolete conffile /etc/apparmor.d/busybox ...
Removing obsolete conffile /etc/apparmor.d/nautilus ...
/var/lib/dpkg/info/apparmor.postinst: 148: [: Illegal number: yes
Reloading AppArmor profiles 
Setting up python3-software-properties (0.99.49.4) ...
Setting up sosreport (4.10.2-0ubuntu0~24.04.1) ...
Setting up systemd-hwe-hwdb (255.1.7) ...
Setting up open-vm-tools (2:13.0.0-2~ubuntu0.24.04.1) ...
Installing new version of config file /etc/vmware-tools/tools.conf.example ...
Setting up libplymouth5:amd64 (24.004.60-1ubuntu7.2) ...
Setting up kpartx (0.9.4-5ubuntu8.2) ...
Setting up python3-netplan (1.1.2-8ubuntu1~24.04.2) ...
Setting up netplan-generator (1.1.2-8ubuntu1~24.04.2) ...
Removing 'diversion of /lib/systemd/system-generators/netplan to /lib/systemd/system-generators/netplan.usr-is-merged by netplan-generator'
Setting up plymouth (24.004.60-1ubuntu7.2) ...
update-initramfs: Generating /boot/initrd.img-6.8.0-136-generic
update-rc.d: warning: start and stop actions are no longer supported; falling back to defaults
update-rc.d: warning: start and stop actions are no longer supported; falling back to defaults
Setting up libfwupd2:amd64 (1.9.34-0ubuntu1~24.04.1) ...
Setting up software-properties-common (0.99.49.4) ...
Setting up multipath-tools (0.9.4-5ubuntu8.2) ...
Setting up netplan.io (1.1.2-8ubuntu1~24.04.2) ...
Setting up plymouth-theme-ubuntu-text (24.004.60-1ubuntu7.2) ...
update-initramfs: deferring update (trigger activated)
Setting up cloud-init (26.1-0ubuntu1~24.04.1) ...
Installing new version of config file /etc/cloud/templates/chrony.conf.freebsd.tmpl ...
Setting up apport-core-dump-handler (2.28.2-0ubuntu0.1) ...
Setting up apport (2.28.2-0ubuntu0.1) ...
apport-autoreport.service is a disabled or a static unit not running, not starting it.
Processing triggers for dbus (1.14.10-4ubuntu4.1) ...
Processing triggers for udev (255.4-1ubuntu8.16) ...
Processing triggers for install-info (7.1-3build2) ...
Processing triggers for libc-bin (2.39-0ubuntu8.8) ...
Processing triggers for rsyslog (8.2312.0-3ubuntu9.3) ...
Processing triggers for man-db (2.12.0-4build2) ...
Processing triggers for initramfs-tools (0.142ubuntu25.8) ...
update-initramfs: Generating /boot/initrd.img-6.8.0-136-generic

Running kernel seems to be up-to-date.

The processor microcode seems to be up-to-date.

Restarting services...
 /etc/needrestart/restart.d/systemd-manager
 systemctl restart packagekit.service

Service restarts being deferred:
 /etc/needrestart/restart.d/dbus.service

No containers need to be restarted.

User sessions running outdated binaries:
 ai1 @ session #4: bash[7506]
 ai1 @ user manager service: systemd[3455]

No VM guests are running outdated hypervisor (qemu) binaries on this host.
Reading package lists...
Building dependency tree...
Reading state information...
0 upgraded, 0 newly installed, 0 to remove and 1 not upgraded.
[1;32m	
 ✅ Done
[1;35m
[1;32m	
Detected Ubuntu Noble Numbat (24.04.x).
[1;35m
[1;32m	
Ubuntu 24.04.x (noble numbat) TheRock stack installation method has been set.
[1;35m
[1;32m	
 ✔️ Checking if ROCm/TheRock is installed ...
[1;35m
[1;32m	No ROCm/TheRock installation detected.[1;35m
[1;32m	
 ✔️ Checking for PyTorch packages installed via pip ...
[1;35m
/usr/bin/python3: No module named pip

No PyTorch packages found.
Press any key to continue...
WARNING: apt does not have a stable CLI interface. Use with caution in scripts.

Reading package lists...
Building dependency tree...
Reading state information...
The following additional packages will be installed:
  linux-oem-6.17-headers-6.17.0-1028
Suggested packages:
  linux-perf linux-oem-6.17-tools
The following NEW packages will be installed:
  linux-headers-6.17.0-1028-oem linux-image-6.17.0-1028-oem
  linux-modules-6.17.0-1028-oem linux-oem-6.17-headers-6.17.0-1028
0 upgraded, 4 newly installed, 0 to remove and 1 not upgraded.
Need to get 199 MB of archives.
After this operation, 301 MB of additional disk space will be used.
Get:1 http://de.archive.ubuntu.com/ubuntu noble-updates/main amd64 linux-oem-6.17-headers-6.17.0-1028 all 6.17.0-1028.28 [14.9 MB]
Get:2 http://de.archive.ubuntu.com/ubuntu noble-updates/main amd64 linux-headers-6.17.0-1028-oem amd64 6.17.0-1028.28 [4,066 kB]
Get:3 http://de.archive.ubuntu.com/ubuntu noble-updates/main amd64 linux-modules-6.17.0-1028-oem amd64 6.17.0-1028.28 [164 MB]
Get:4 http://de.archive.ubuntu.com/ubuntu noble-updates/main amd64 linux-image-6.17.0-1028-oem amd64 6.17.0-1028.28 [15.8 MB]
Fetched 199 MB in 6s (31.5 MB/s)
Selecting previously unselected package linux-oem-6.17-headers-6.17.0-1028.
(Reading database ... 
(Reading database ... 5%
(Reading database ... 10%
(Reading database ... 15%
(Reading database ... 20%
(Reading database ... 25%
(Reading database ... 30%
(Reading database ... 35%
(Reading database ... 40%
(Reading database ... 45%
(Reading database ... 50%
(Reading database ... 55%
(Reading database ... 60%
(Reading database ... 65%
(Reading database ... 70%
(Reading database ... 75%
(Reading database ... 80%
(Reading database ... 85%
(Reading database ... 90%
(Reading database ... 95%
(Reading database ... 100%
(Reading database ... 88482 files and directories currently installed.)
Preparing to unpack .../linux-oem-6.17-headers-6.17.0-1028_6.17.0-1028.28_all.deb ...
Unpacking linux-oem-6.17-headers-6.17.0-1028 (6.17.0-1028.28) ...
Selecting previously unselected package linux-headers-6.17.0-1028-oem.
Preparing to unpack .../linux-headers-6.17.0-1028-oem_6.17.0-1028.28_amd64.deb ...
Unpacking linux-headers-6.17.0-1028-oem (6.17.0-1028.28) ...
Selecting previously unselected package linux-modules-6.17.0-1028-oem.
Preparing to unpack .../linux-modules-6.17.0-1028-oem_6.17.0-1028.28_amd64.deb ...
Unpacking linux-modules-6.17.0-1028-oem (6.17.0-1028.28) ...
Selecting previously unselected package linux-image-6.17.0-1028-oem.
Preparing to unpack .../linux-image-6.17.0-1028-oem_6.17.0-1028.28_amd64.deb ...
Unpacking linux-image-6.17.0-1028-oem (6.17.0-1028.28) ...
Setting up linux-modules-6.17.0-1028-oem (6.17.0-1028.28) ...
Setting up linux-oem-6.17-headers-6.17.0-1028 (6.17.0-1028.28) ...
Setting up linux-headers-6.17.0-1028-oem (6.17.0-1028.28) ...
Setting up linux-image-6.17.0-1028-oem (6.17.0-1028.28) ...
I: /boot/vmlinuz is now a symlink to vmlinuz-6.17.0-1028-oem
I: /boot/initrd.img is now a symlink to initrd.img-6.17.0-1028-oem
Processing triggers for linux-image-6.17.0-1028-oem (6.17.0-1028.28) ...
/etc/kernel/postinst.d/initramfs-tools:
update-initramfs: Generating /boot/initrd.img-6.17.0-1028-oem
/etc/kernel/postinst.d/zz-update-grub:
Sourcing file `/etc/default/grub'
Generating grub configuration file ...
Found linux image: /boot/vmlinuz-6.17.0-1028-oem
Found initrd image: /boot/initrd.img-6.17.0-1028-oem
Found linux image: /boot/vmlinuz-6.8.0-136-generic
Found initrd image: /boot/initrd.img-6.8.0-136-generic
Warning: os-prober will not be executed to detect other bootable partitions.
Systems on them will not be added to the GRUB boot configuration.
Check GRUB_DISABLE_OS_PROBER documentation entry.
Adding boot menu entry for UEFI Firmware Settings ...
done

Pending kernel upgrade!
Running kernel version:
  6.8.0-136-generic
Diagnostics:
  The currently running kernel version is not the expected kernel version 6.17.0-1028-oem.

Restarting the system to load the new kernel will not be handled automatically, so you should consider rebooting.

The processor microcode seems to be up-to-date.

Restarting services...

Service restarts being deferred:
 /etc/needrestart/restart.d/dbus.service

No containers need to be restarted.

User sessions running outdated binaries:
 ai1 @ session #4: bash[7506]
 ai1 @ user manager service: systemd[3455]

No VM guests are running outdated hypervisor (qemu) binaries on this host.

WARNING: apt does not have a stable CLI interface. Use with caution in scripts.

Reading package lists...
Building dependency tree...
Reading state information...
linux-headers-6.8.0-136-generic is already the newest version (6.8.0-136.136).
linux-headers-6.8.0-136-generic set to manually installed.
linux-modules-extra-6.8.0-136-generic is already the newest version (6.8.0-136.136).
linux-modules-extra-6.8.0-136-generic set to manually installed.
git is already the newest version (1:2.43.0-1ubuntu7.3).
git set to manually installed.
htop is already the newest version (3.3.0-4build1).
htop set to manually installed.
libnuma1 is already the newest version (2.0.18-1ubuntu0.24.04.1).
libnuma1 set to manually installed.
numactl is already the newest version (2.0.18-1ubuntu0.24.04.1).
numactl set to manually installed.
The following additional packages will be installed:
  binutils binutils-common binutils-x86-64-linux-gnu build-essential bzip2
  cmake-data cpp cpp-13 cpp-13-x86-64-linux-gnu cpp-x86-64-linux-gnu dpkg-dev
  fakeroot freeipmi-common g++ g++-13 g++-13-x86-64-linux-gnu
  g++-x86-64-linux-gnu gcc gcc-13 gcc-13-base gcc-13-x86-64-linux-gnu
  gcc-x86-64-linux-gnu javascript-common libalgorithm-diff-perl
  libalgorithm-diff-xs-perl libalgorithm-merge-perl libasan8 libbinutils
  libboost-dev libboost1.83-dev libcc1-0 libctf-nobfd0 libctf0 libdpkg-perl
  libexpat1-dev libfakeroot libfile-fcntllock-perl libfreeipmi17 libgcc-13-dev
  libgomp1 libgprofng0 libhwasan0 libipmiconsole2 libipmidetect0 libisl23
  libitm1 libjs-jquery libjs-sphinxdoc libjs-underscore libjsoncpp25 liblsan0
  libmpc3 libmsgpack-cxx-dev libmsgpackc2 libpython3-dev libpython3.12-dev
  librhash0 libsframe1 libtsan2 libubsan1 lto-disabled-list make python3-dev
  python3-wheel python3.12-dev zlib1g-dev
Suggested packages:
  binutils-doc gprofng-gui bzip2-doc cmake-doc cmake-format elpa-cmake-mode
  ninja-build cpp-doc gcc-13-locales cpp-13-doc debian-keyring
  freeipmi-bmc-watchdog freeipmi-ipmidetect g++-multilib g++-13-multilib
  gcc-13-doc gcc-multilib autoconf automake libtool flex bison gdb gcc-doc
  gcc-13-multilib gdb-x86-64-linux-gnu apache2 | lighttpd | httpd libboost-doc
  libboost1.83-doc libboost-atomic1.83-dev libboost-chrono1.83-dev
  libboost-container1.83-dev libboost-context1.83-dev
  libboost-contract1.83-dev libboost-coroutine1.83-dev
  libboost-date-time1.83-dev libboost-exception1.83-dev libboost-fiber1.83-dev
  libboost-filesystem1.83-dev libboost-graph-parallel1.83-dev
  libboost-graph1.83-dev libboost-iostreams1.83-dev libboost-json1.83-dev
  libboost-locale1.83-dev libboost-log1.83-dev libboost-math1.83-dev
  libboost-mpi-python1.83-dev libboost-mpi1.83-dev libboost-nowide1.83-dev
  libboost-numpy1.83-dev libboost-program-options1.83-dev
  libboost-python1.83-dev libboost-random1.83-dev libboost-regex1.83-dev
  libboost-serialization1.83-dev libboost-stacktrace1.83-dev
  libboost-system1.83-dev libboost-test1.83-dev libboost-thread1.83-dev
  libboost-timer1.83-dev libboost-type-erasure1.83-dev libboost-url1.83-dev
  libboost-wave1.83-dev libboost1.83-tools-dev libmpfrc++-dev libntl-dev bzr
  libmsgpack-cxx-doc libmsgpack-doc libstdc++-13-doc make-doc
The following NEW packages will be installed:
  binutils binutils-common binutils-x86-64-linux-gnu build-essential bzip2
  cmake cmake-data cpp cpp-13 cpp-13-x86-64-linux-gnu cpp-x86-64-linux-gnu
  dpkg-dev fakeroot freeipmi-common freeipmi-tools g++ g++-13
  g++-13-x86-64-linux-gnu g++-x86-64-linux-gnu gcc gcc-13 gcc-13-base
  gcc-13-x86-64-linux-gnu gcc-x86-64-linux-gnu git-lfs javascript-common
  libalgorithm-diff-perl libalgorithm-diff-xs-perl libalgorithm-merge-perl
  libasan8 libatomic1 libbinutils libboost-dev libboost1.83-dev libcc1-0
  libctf-nobfd0 libctf0 libdpkg-perl libexpat1-dev libfakeroot
  libfile-fcntllock-perl libfreeipmi17 libgcc-13-dev libgomp1 libgprofng0
  libhwasan0 libipmiconsole2 libipmidetect0 libisl23 libitm1 libjs-jquery
  libjs-sphinxdoc libjs-underscore libjsoncpp25 liblsan0 libmpc3
  libmsgpack-cxx-dev libmsgpack-dev libmsgpackc2 libnuma-dev libpython3-dev
  libpython3.12-dev libquadmath0 librhash0 libsframe1 libstdc++-13-dev
  libtsan2 libubsan1 lto-disabled-list make ncdu python3-dev python3-pip
  python3-wheel python3.12-dev zlib1g-dev
0 upgraded, 76 newly installed, 0 to remove and 1 not upgraded.
Need to get 107 MB of archives.
After this operation, 507 MB of additional disk space will be used.
Get:1 http://de.archive.ubuntu.com/ubuntu noble-updates/main amd64 binutils-common amd64 2.42-4ubuntu2.10 [240 kB]
Get:2 http://de.archive.ubuntu.com/ubuntu noble-updates/main amd64 libsframe1 amd64 2.42-4ubuntu2.10 [15.7 kB]
Get:3 http://de.archive.ubuntu.com/ubuntu noble-updates/main amd64 libbinutils amd64 2.42-4ubuntu2.10 [577 kB]
Get:4 http://de.archive.ubuntu.com/ubuntu noble-updates/main amd64 libctf-nobfd0 amd64 2.42-4ubuntu2.10 [98.0 kB]
Get:5 http://de.archive.ubuntu.com/ubuntu noble-updates/main amd64 libctf0 amd64 2.42-4ubuntu2.10 [94.5 kB]
Get:6 http://de.archive.ubuntu.com/ubuntu noble-updates/main amd64 libgprofng0 amd64 2.42-4ubuntu2.10 [849 kB]
Get:7 http://de.archive.ubuntu.com/ubuntu noble-updates/main amd64 binutils-x86-64-linux-gnu amd64 2.42-4ubuntu2.10 [2,463 kB]
Get:8 http://de.archive.ubuntu.com/ubuntu noble-updates/main amd64 binutils amd64 2.42-4ubuntu2.10 [18.2 kB]
Get:9 http://de.archive.ubuntu.com/ubuntu noble-updates/main amd64 gcc-13-base amd64 13.3.0-6ubuntu2~24.04.1 [51.6 kB]
Get:10 http://de.archive.ubuntu.com/ubuntu noble-updates/main amd64 libisl23 amd64 0.26-3build1.1 [680 kB]
Get:11 http://de.archive.ubuntu.com/ubuntu noble-updates/main amd64 libmpc3 amd64 1.3.1-1build1.1 [54.6 kB]
Get:12 http://de.archive.ubuntu.com/ubuntu noble-updates/main amd64 cpp-13-x86-64-linux-gnu amd64 13.3.0-6ubuntu2~24.04.1 [10.7 MB]
Get:13 http://de.archive.ubuntu.com/ubuntu noble-updates/main amd64 cpp-13 amd64 13.3.0-6ubuntu2~24.04.1 [1,042 B]
Get:14 http://de.archive.ubuntu.com/ubuntu noble/main amd64 cpp-x86-64-linux-gnu amd64 4:13.2.0-7ubuntu1 [5,326 B]
Get:15 http://de.archive.ubuntu.com/ubuntu noble/main amd64 cpp amd64 4:13.2.0-7ubuntu1 [22.4 kB]
Get:16 http://de.archive.ubuntu.com/ubuntu noble-updates/main amd64 libcc1-0 amd64 14.2.0-4ubuntu2~24.04.1 [48.0 kB]
Get:17 http://de.archive.ubuntu.com/ubuntu noble-updates/main amd64 libgomp1 amd64 14.2.0-4ubuntu2~24.04.1 [148 kB]
Get:18 http://de.archive.ubuntu.com/ubuntu noble-updates/main amd64 libitm1 amd64 14.2.0-4ubuntu2~24.04.1 [29.7 kB]
Get:19 http://de.archive.ubuntu.com/ubuntu noble-updates/main amd64 libatomic1 amd64 14.2.0-4ubuntu2~24.04.1 [10.5 kB]
Get:20 http://de.archive.ubuntu.com/ubuntu noble-updates/main amd64 libasan8 amd64 14.2.0-4ubuntu2~24.04.1 [3,027 kB]
Get:21 http://de.archive.ubuntu.com/ubuntu noble-updates/main amd64 liblsan0 amd64 14.2.0-4ubuntu2~24.04.1 [1,322 kB]
Get:22 http://de.archive.ubuntu.com/ubuntu noble-updates/main amd64 libtsan2 amd64 14.2.0-4ubuntu2~24.04.1 [2,772 kB]
Get:23 http://de.archive.ubuntu.com/ubuntu noble-updates/main amd64 libubsan1 amd64 14.2.0-4ubuntu2~24.04.1 [1,184 kB]
Get:24 http://de.archive.ubuntu.com/ubuntu noble-updates/main amd64 libhwasan0 amd64 14.2.0-4ubuntu2~24.04.1 [1,641 kB]
Get:25 http://de.archive.ubuntu.com/ubuntu noble-updates/main amd64 libquadmath0 amd64 14.2.0-4ubuntu2~24.04.1 [153 kB]
Get:26 http://de.archive.ubuntu.com/ubuntu noble-updates/main amd64 libgcc-13-dev amd64 13.3.0-6ubuntu2~24.04.1 [2,681 kB]
Get:27 http://de.archive.ubuntu.com/ubuntu noble-updates/main amd64 gcc-13-x86-64-linux-gnu amd64 13.3.0-6ubuntu2~24.04.1 [21.1 MB]
Get:28 http://de.archive.ubuntu.com/ubuntu noble-updates/main amd64 gcc-13 amd64 13.3.0-6ubuntu2~24.04.1 [494 kB]
Get:29 http://de.archive.ubuntu.com/ubuntu noble/main amd64 gcc-x86-64-linux-gnu amd64 4:13.2.0-7ubuntu1 [1,212 B]
Get:30 http://de.archive.ubuntu.com/ubuntu noble/main amd64 gcc amd64 4:13.2.0-7ubuntu1 [5,018 B]
Get:31 http://de.archive.ubuntu.com/ubuntu noble-updates/main amd64 libstdc++-13-dev amd64 13.3.0-6ubuntu2~24.04.1 [2,420 kB]
Get:32 http://de.archive.ubuntu.com/ubuntu noble-updates/main amd64 g++-13-x86-64-linux-gnu amd64 13.3.0-6ubuntu2~24.04.1 [12.2 MB]
Get:33 http://de.archive.ubuntu.com/ubuntu noble-updates/main amd64 g++-13 amd64 13.3.0-6ubuntu2~24.04.1 [16.0 kB]
Get:34 http://de.archive.ubuntu.com/ubuntu noble/main amd64 g++-x86-64-linux-gnu amd64 4:13.2.0-7ubuntu1 [964 B]
Get:35 http://de.archive.ubuntu.com/ubuntu noble/main amd64 g++ amd64 4:13.2.0-7ubuntu1 [1,100 B]
Get:36 http://de.archive.ubuntu.com/ubuntu noble/main amd64 make amd64 4.3-4.1build2 [180 kB]
Get:37 http://de.archive.ubuntu.com/ubuntu noble-updates/main amd64 libdpkg-perl all 1.22.6ubuntu6.6 [268 kB]
Get:38 http://de.archive.ubuntu.com/ubuntu noble-updates/main amd64 bzip2 amd64 1.0.8-5.1build0.1 [34.5 kB]
Get:39 http://de.archive.ubuntu.com/ubuntu noble/main amd64 lto-disabled-list all 47 [12.4 kB]
Get:40 http://de.archive.ubuntu.com/ubuntu noble-updates/main amd64 dpkg-dev all 1.22.6ubuntu6.6 [1,074 kB]
Get:41 http://de.archive.ubuntu.com/ubuntu noble/main amd64 build-essential amd64 12.10ubuntu1 [4,928 B]
Get:42 http://de.archive.ubuntu.com/ubuntu noble/main amd64 libjsoncpp25 amd64 1.9.5-6build1 [82.8 kB]
Get:43 http://de.archive.ubuntu.com/ubuntu noble/main amd64 librhash0 amd64 1.4.3-3build1 [129 kB]
Get:44 http://de.archive.ubuntu.com/ubuntu noble/main amd64 cmake-data all 3.28.3-1build7 [2,155 kB]
Get:45 http://de.archive.ubuntu.com/ubuntu noble/main amd64 cmake amd64 3.28.3-1build7 [11.2 MB]
Get:46 http://de.archive.ubuntu.com/ubuntu noble/main amd64 libfakeroot amd64 1.33-1 [32.4 kB]
Get:47 http://de.archive.ubuntu.com/ubuntu noble/main amd64 fakeroot amd64 1.33-1 [67.2 kB]
Get:48 http://de.archive.ubuntu.com/ubuntu noble-updates/universe amd64 git-lfs amd64 3.4.1-1ubuntu0.4 [3,908 kB]
Get:49 http://de.archive.ubuntu.com/ubuntu noble/main amd64 javascript-common all 11+nmu1 [5,936 B]
Get:50 http://de.archive.ubuntu.com/ubuntu noble/main amd64 libalgorithm-diff-perl all 1.201-1 [41.8 kB]
Get:51 http://de.archive.ubuntu.com/ubuntu noble/main amd64 libalgorithm-diff-xs-perl amd64 0.04-8build3 [11.2 kB]
Get:52 http://de.archive.ubuntu.com/ubuntu noble/main amd64 libalgorithm-merge-perl all 0.08-5 [11.4 kB]
Get:53 http://de.archive.ubuntu.com/ubuntu noble-updates/main amd64 libboost1.83-dev amd64 1.83.0-2.1ubuntu3.2 [10.7 MB]
Get:54 http://de.archive.ubuntu.com/ubuntu noble/main amd64 libboost-dev amd64 1.83.0.1ubuntu2 [4,308 B]
Get:55 http://de.archive.ubuntu.com/ubuntu noble-updates/main amd64 libexpat1-dev amd64 2.6.1-2ubuntu0.4 [140 kB]
Get:56 http://de.archive.ubuntu.com/ubuntu noble/main amd64 libfile-fcntllock-perl amd64 0.22-4ubuntu5 [30.7 kB]
Get:57 http://de.archive.ubuntu.com/ubuntu noble/main amd64 libjs-jquery all 3.6.1+dfsg+~3.5.14-1 [328 kB]
Get:58 http://de.archive.ubuntu.com/ubuntu noble/main amd64 libjs-underscore all 1.13.4~dfsg+~1.11.4-3 [118 kB]
Get:59 http://de.archive.ubuntu.com/ubuntu noble/main amd64 libjs-sphinxdoc all 7.2.6-6 [149 kB]
Get:60 http://de.archive.ubuntu.com/ubuntu noble/universe amd64 libmsgpack-cxx-dev amd64 6.1.0-1build1 [227 kB]
Get:61 http://de.archive.ubuntu.com/ubuntu noble-updates/main amd64 zlib1g-dev amd64 1:1.3.dfsg-3.1ubuntu2.1 [894 kB]
Get:62 http://de.archive.ubuntu.com/ubuntu noble-updates/main amd64 libpython3.12-dev amd64 3.12.3-1ubuntu0.15 [5,683 kB]
Get:63 http://de.archive.ubuntu.com/ubuntu noble-updates/main amd64 libpython3-dev amd64 3.12.3-0ubuntu2.1 [10.3 kB]
Get:64 http://de.archive.ubuntu.com/ubuntu noble/universe amd64 ncdu amd64 1.19-0.1 [50.7 kB]
Get:65 http://de.archive.ubuntu.com/ubuntu noble-updates/main amd64 python3.12-dev amd64 3.12.3-1ubuntu0.15 [498 kB]
Get:66 http://de.archive.ubuntu.com/ubuntu noble-updates/main amd64 python3-dev amd64 3.12.3-0ubuntu2.1 [26.7 kB]
Get:67 http://de.archive.ubuntu.com/ubuntu noble/universe amd64 python3-wheel all 0.42.0-2 [53.1 kB]
Get:68 http://de.archive.ubuntu.com/ubuntu noble-updates/universe amd64 python3-pip all 24.0+dfsg-1ubuntu1.3 [1,320 kB]
Get:69 http://de.archive.ubuntu.com/ubuntu noble-updates/main amd64 freeipmi-common all 1.6.13-3ubuntu0.1 [182 kB]
Get:70 http://de.archive.ubuntu.com/ubuntu noble-updates/main amd64 libfreeipmi17 amd64 1.6.13-3ubuntu0.1 [959 kB]
Get:71 http://de.archive.ubuntu.com/ubuntu noble-updates/main amd64 libipmiconsole2 amd64 1.6.13-3ubuntu0.1 [65.4 kB]
Get:72 http://de.archive.ubuntu.com/ubuntu noble-updates/main amd64 libipmidetect0 amd64 1.6.13-3ubuntu0.1 [21.3 kB]
Get:73 http://de.archive.ubuntu.com/ubuntu noble-updates/main amd64 freeipmi-tools amd64 1.6.13-3ubuntu0.1 [706 kB]
Get:74 http://de.archive.ubuntu.com/ubuntu noble/universe amd64 libmsgpackc2 amd64 4.0.0-3build1 [15.3 kB]
Get:75 http://de.archive.ubuntu.com/ubuntu noble/universe amd64 libmsgpack-dev amd64 4.0.0-3build1 [31.2 kB]
Get:76 http://de.archive.ubuntu.com/ubuntu noble-updates/main amd64 libnuma-dev amd64 2.0.18-1ubuntu0.24.04.1 [37.0 kB]
Fetched 107 MB in 9s (11.3 MB/s)
Selecting previously unselected package binutils-common:amd64.
(Reading database ... 
(Reading database ... 5%
(Reading database ... 10%
(Reading database ... 15%
(Reading database ... 20%
(Reading database ... 25%
(Reading database ... 30%
(Reading database ... 35%
(Reading database ... 40%
(Reading database ... 45%
(Reading database ... 50%
(Reading database ... 55%
(Reading database ... 60%
(Reading database ... 65%
(Reading database ... 70%
(Reading database ... 75%
(Reading database ... 80%
(Reading database ... 85%
(Reading database ... 90%
(Reading database ... 95%
(Reading database ... 100%
(Reading database ... 128520 files and directories currently installed.)
Preparing to unpack .../00-binutils-common_2.42-4ubuntu2.10_amd64.deb ...
Unpacking binutils-common:amd64 (2.42-4ubuntu2.10) ...
Selecting previously unselected package libsframe1:amd64.
Preparing to unpack .../01-libsframe1_2.42-4ubuntu2.10_amd64.deb ...
Unpacking libsframe1:amd64 (2.42-4ubuntu2.10) ...
Selecting previously unselected package libbinutils:amd64.
Preparing to unpack .../02-libbinutils_2.42-4ubuntu2.10_amd64.deb ...
Unpacking libbinutils:amd64 (2.42-4ubuntu2.10) ...
Selecting previously unselected package libctf-nobfd0:amd64.
Preparing to unpack .../03-libctf-nobfd0_2.42-4ubuntu2.10_amd64.deb ...
Unpacking libctf-nobfd0:amd64 (2.42-4ubuntu2.10) ...
Selecting previously unselected package libctf0:amd64.
Preparing to unpack .../04-libctf0_2.42-4ubuntu2.10_amd64.deb ...
Unpacking libctf0:amd64 (2.42-4ubuntu2.10) ...
Selecting previously unselected package libgprofng0:amd64.
Preparing to unpack .../05-libgprofng0_2.42-4ubuntu2.10_amd64.deb ...
Unpacking libgprofng0:amd64 (2.42-4ubuntu2.10) ...
Selecting previously unselected package binutils-x86-64-linux-gnu.
Preparing to unpack .../06-binutils-x86-64-linux-gnu_2.42-4ubuntu2.10_amd64.deb ...
Unpacking binutils-x86-64-linux-gnu (2.42-4ubuntu2.10) ...
Selecting previously unselected package binutils.
Preparing to unpack .../07-binutils_2.42-4ubuntu2.10_amd64.deb ...
Unpacking binutils (2.42-4ubuntu2.10) ...
Selecting previously unselected package gcc-13-base:amd64.
Preparing to unpack .../08-gcc-13-base_13.3.0-6ubuntu2~24.04.1_amd64.deb ...
Unpacking gcc-13-base:amd64 (13.3.0-6ubuntu2~24.04.1) ...
Selecting previously unselected package libisl23:amd64.
Preparing to unpack .../09-libisl23_0.26-3build1.1_amd64.deb ...
Unpacking libisl23:amd64 (0.26-3build1.1) ...
Selecting previously unselected package libmpc3:amd64.
Preparing to unpack .../10-libmpc3_1.3.1-1build1.1_amd64.deb ...
Unpacking libmpc3:amd64 (1.3.1-1build1.1) ...
Selecting previously unselected package cpp-13-x86-64-linux-gnu.
Preparing to unpack .../11-cpp-13-x86-64-linux-gnu_13.3.0-6ubuntu2~24.04.1_amd64.deb ...
Unpacking cpp-13-x86-64-linux-gnu (13.3.0-6ubuntu2~24.04.1) ...
Selecting previously unselected package cpp-13.
Preparing to unpack .../12-cpp-13_13.3.0-6ubuntu2~24.04.1_amd64.deb ...
Unpacking cpp-13 (13.3.0-6ubuntu2~24.04.1) ...
Selecting previously unselected package cpp-x86-64-linux-gnu.
Preparing to unpack .../13-cpp-x86-64-linux-gnu_4%3a13.2.0-7ubuntu1_amd64.deb ...
Unpacking cpp-x86-64-linux-gnu (4:13.2.0-7ubuntu1) ...
Selecting previously unselected package cpp.
Preparing to unpack .../14-cpp_4%3a13.2.0-7ubuntu1_amd64.deb ...
Unpacking cpp (4:13.2.0-7ubuntu1) ...
Selecting previously unselected package libcc1-0:amd64.
Preparing to unpack .../15-libcc1-0_14.2.0-4ubuntu2~24.04.1_amd64.deb ...
Unpacking libcc1-0:amd64 (14.2.0-4ubuntu2~24.04.1) ...
Selecting previously unselected package libgomp1:amd64.
Preparing to unpack .../16-libgomp1_14.2.0-4ubuntu2~24.04.1_amd64.deb ...
Unpacking libgomp1:amd64 (14.2.0-4ubuntu2~24.04.1) ...
Selecting previously unselected package libitm1:amd64.
Preparing to unpack .../17-libitm1_14.2.0-4ubuntu2~24.04.1_amd64.deb ...
Unpacking libitm1:amd64 (14.2.0-4ubuntu2~24.04.1) ...
Selecting previously unselected package libatomic1:amd64.
Preparing to unpack .../18-libatomic1_14.2.0-4ubuntu2~24.04.1_amd64.deb ...
Unpacking libatomic1:amd64 (14.2.0-4ubuntu2~24.04.1) ...
Selecting previously unselected package libasan8:amd64.
Preparing to unpack .../19-libasan8_14.2.0-4ubuntu2~24.04.1_amd64.deb ...
Unpacking libasan8:amd64 (14.2.0-4ubuntu2~24.04.1) ...
Selecting previously unselected package liblsan0:amd64.
Preparing to unpack .../20-liblsan0_14.2.0-4ubuntu2~24.04.1_amd64.deb ...
Unpacking liblsan0:amd64 (14.2.0-4ubuntu2~24.04.1) ...
Selecting previously unselected package libtsan2:amd64.
Preparing to unpack .../21-libtsan2_14.2.0-4ubuntu2~24.04.1_amd64.deb ...
Unpacking libtsan2:amd64 (14.2.0-4ubuntu2~24.04.1) ...
Selecting previously unselected package libubsan1:amd64.
Preparing to unpack .../22-libubsan1_14.2.0-4ubuntu2~24.04.1_amd64.deb ...
Unpacking libubsan1:amd64 (14.2.0-4ubuntu2~24.04.1) ...
Selecting previously unselected package libhwasan0:amd64.
Preparing to unpack .../23-libhwasan0_14.2.0-4ubuntu2~24.04.1_amd64.deb ...
Unpacking libhwasan0:amd64 (14.2.0-4ubuntu2~24.04.1) ...
Selecting previously unselected package libquadmath0:amd64.
Preparing to unpack .../24-libquadmath0_14.2.0-4ubuntu2~24.04.1_amd64.deb ...
Unpacking libquadmath0:amd64 (14.2.0-4ubuntu2~24.04.1) ...
Selecting previously unselected package libgcc-13-dev:amd64.
Preparing to unpack .../25-libgcc-13-dev_13.3.0-6ubuntu2~24.04.1_amd64.deb ...
Unpacking libgcc-13-dev:amd64 (13.3.0-6ubuntu2~24.04.1) ...
Selecting previously unselected package gcc-13-x86-64-linux-gnu.
Preparing to unpack .../26-gcc-13-x86-64-linux-gnu_13.3.0-6ubuntu2~24.04.1_amd64.deb ...
Unpacking gcc-13-x86-64-linux-gnu (13.3.0-6ubuntu2~24.04.1) ...
Selecting previously unselected package gcc-13.
Preparing to unpack .../27-gcc-13_13.3.0-6ubuntu2~24.04.1_amd64.deb ...
Unpacking gcc-13 (13.3.0-6ubuntu2~24.04.1) ...
Selecting previously unselected package gcc-x86-64-linux-gnu.
Preparing to unpack .../28-gcc-x86-64-linux-gnu_4%3a13.2.0-7ubuntu1_amd64.deb ...
Unpacking gcc-x86-64-linux-gnu (4:13.2.0-7ubuntu1) ...
Selecting previously unselected package gcc.
Preparing to unpack .../29-gcc_4%3a13.2.0-7ubuntu1_amd64.deb ...
Unpacking gcc (4:13.2.0-7ubuntu1) ...
Selecting previously unselected package libstdc++-13-dev:amd64.
Preparing to unpack .../30-libstdc++-13-dev_13.3.0-6ubuntu2~24.04.1_amd64.deb ...
Unpacking libstdc++-13-dev:amd64 (13.3.0-6ubuntu2~24.04.1) ...
Selecting previously unselected package g++-13-x86-64-linux-gnu.
Preparing to unpack .../31-g++-13-x86-64-linux-gnu_13.3.0-6ubuntu2~24.04.1_amd64.deb ...
Unpacking g++-13-x86-64-linux-gnu (13.3.0-6ubuntu2~24.04.1) ...
Selecting previously unselected package g++-13.
Preparing to unpack .../32-g++-13_13.3.0-6ubuntu2~24.04.1_amd64.deb ...
Unpacking g++-13 (13.3.0-6ubuntu2~24.04.1) ...
Selecting previously unselected package g++-x86-64-linux-gnu.
Preparing to unpack .../33-g++-x86-64-linux-gnu_4%3a13.2.0-7ubuntu1_amd64.deb ...
Unpacking g++-x86-64-linux-gnu (4:13.2.0-7ubuntu1) ...
Selecting previously unselected package g++.
Preparing to unpack .../34-g++_4%3a13.2.0-7ubuntu1_amd64.deb ...
Unpacking g++ (4:13.2.0-7ubuntu1) ...
Selecting previously unselected package make.
Preparing to unpack .../35-make_4.3-4.1build2_amd64.deb ...
Unpacking make (4.3-4.1build2) ...
Selecting previously unselected package libdpkg-perl.
Preparing to unpack .../36-libdpkg-perl_1.22.6ubuntu6.6_all.deb ...
Unpacking libdpkg-perl (1.22.6ubuntu6.6) ...
Selecting previously unselected package bzip2.
Preparing to unpack .../37-bzip2_1.0.8-5.1build0.1_amd64.deb ...
Unpacking bzip2 (1.0.8-5.1build0.1) ...
Selecting previously unselected package lto-disabled-list.
Preparing to unpack .../38-lto-disabled-list_47_all.deb ...
Unpacking lto-disabled-list (47) ...
Selecting previously unselected package dpkg-dev.
Preparing to unpack .../39-dpkg-dev_1.22.6ubuntu6.6_all.deb ...
Unpacking dpkg-dev (1.22.6ubuntu6.6) ...
Selecting previously unselected package build-essential.
Preparing to unpack .../40-build-essential_12.10ubuntu1_amd64.deb ...
Unpacking build-essential (12.10ubuntu1) ...
Selecting previously unselected package libjsoncpp25:amd64.
Preparing to unpack .../41-libjsoncpp25_1.9.5-6build1_amd64.deb ...
Unpacking libjsoncpp25:amd64 (1.9.5-6build1) ...
Selecting previously unselected package librhash0:amd64.
Preparing to unpack .../42-librhash0_1.4.3-3build1_amd64.deb ...
Unpacking librhash0:amd64 (1.4.3-3build1) ...
Selecting previously unselected package cmake-data.
Preparing to unpack .../43-cmake-data_3.28.3-1build7_all.deb ...
Unpacking cmake-data (3.28.3-1build7) ...
Selecting previously unselected package cmake.
Preparing to unpack .../44-cmake_3.28.3-1build7_amd64.deb ...
Unpacking cmake (3.28.3-1build7) ...
Selecting previously unselected package libfakeroot:amd64.
Preparing to unpack .../45-libfakeroot_1.33-1_amd64.deb ...
Unpacking libfakeroot:amd64 (1.33-1) ...
Selecting previously unselected package fakeroot.
Preparing to unpack .../46-fakeroot_1.33-1_amd64.deb ...
Unpacking fakeroot (1.33-1) ...
Selecting previously unselected package git-lfs.
Preparing to unpack .../47-git-lfs_3.4.1-1ubuntu0.4_amd64.deb ...
Unpacking git-lfs (3.4.1-1ubuntu0.4) ...
Selecting previously unselected package javascript-common.
Preparing to unpack .../48-javascript-common_11+nmu1_all.deb ...
Unpacking javascript-common (11+nmu1) ...
Selecting previously unselected package libalgorithm-diff-perl.
Preparing to unpack .../49-libalgorithm-diff-perl_1.201-1_all.deb ...
Unpacking libalgorithm-diff-perl (1.201-1) ...
Selecting previously unselected package libalgorithm-diff-xs-perl:amd64.
Preparing to unpack .../50-libalgorithm-diff-xs-perl_0.04-8build3_amd64.deb ...
Unpacking libalgorithm-diff-xs-perl:amd64 (0.04-8build3) ...
Selecting previously unselected package libalgorithm-merge-perl.
Preparing to unpack .../51-libalgorithm-merge-perl_0.08-5_all.deb ...
Unpacking libalgorithm-merge-perl (0.08-5) ...
Selecting previously unselected package libboost1.83-dev:amd64.
Preparing to unpack .../52-libboost1.83-dev_1.83.0-2.1ubuntu3.2_amd64.deb ...
Unpacking libboost1.83-dev:amd64 (1.83.0-2.1ubuntu3.2) ...
Selecting previously unselected package libboost-dev:amd64.
Preparing to unpack .../53-libboost-dev_1.83.0.1ubuntu2_amd64.deb ...
Unpacking libboost-dev:amd64 (1.83.0.1ubuntu2) ...
Selecting previously unselected package libexpat1-dev:amd64.
Preparing to unpack .../54-libexpat1-dev_2.6.1-2ubuntu0.4_amd64.deb ...
Unpacking libexpat1-dev:amd64 (2.6.1-2ubuntu0.4) ...
Selecting previously unselected package libfile-fcntllock-perl.
Preparing to unpack .../55-libfile-fcntllock-perl_0.22-4ubuntu5_amd64.deb ...
Unpacking libfile-fcntllock-perl (0.22-4ubuntu5) ...
Selecting previously unselected package libjs-jquery.
Preparing to unpack .../56-libjs-jquery_3.6.1+dfsg+~3.5.14-1_all.deb ...
Unpacking libjs-jquery (3.6.1+dfsg+~3.5.14-1) ...
Selecting previously unselected package libjs-underscore.
Preparing to unpack .../57-libjs-underscore_1.13.4~dfsg+~1.11.4-3_all.deb ...
Unpacking libjs-underscore (1.13.4~dfsg+~1.11.4-3) ...
Selecting previously unselected package libjs-sphinxdoc.
Preparing to unpack .../58-libjs-sphinxdoc_7.2.6-6_all.deb ...
Unpacking libjs-sphinxdoc (7.2.6-6) ...
Selecting previously unselected package libmsgpack-cxx-dev:amd64.
Preparing to unpack .../59-libmsgpack-cxx-dev_6.1.0-1build1_amd64.deb ...
Unpacking libmsgpack-cxx-dev:amd64 (6.1.0-1build1) ...
Selecting previously unselected package zlib1g-dev:amd64.
Preparing to unpack .../60-zlib1g-dev_1%3a1.3.dfsg-3.1ubuntu2.1_amd64.deb ...
Unpacking zlib1g-dev:amd64 (1:1.3.dfsg-3.1ubuntu2.1) ...
Selecting previously unselected package libpython3.12-dev:amd64.
Preparing to unpack .../61-libpython3.12-dev_3.12.3-1ubuntu0.15_amd64.deb ...
Unpacking libpython3.12-dev:amd64 (3.12.3-1ubuntu0.15) ...
Selecting previously unselected package libpython3-dev:amd64.
Preparing to unpack .../62-libpython3-dev_3.12.3-0ubuntu2.1_amd64.deb ...
Unpacking libpython3-dev:amd64 (3.12.3-0ubuntu2.1) ...
Selecting previously unselected package ncdu.
Preparing to unpack .../63-ncdu_1.19-0.1_amd64.deb ...
Unpacking ncdu (1.19-0.1) ...
Selecting previously unselected package python3.12-dev.
Preparing to unpack .../64-python3.12-dev_3.12.3-1ubuntu0.15_amd64.deb ...
Unpacking python3.12-dev (3.12.3-1ubuntu0.15) ...
Selecting previously unselected package python3-dev.
Preparing to unpack .../65-python3-dev_3.12.3-0ubuntu2.1_amd64.deb ...
Unpacking python3-dev (3.12.3-0ubuntu2.1) ...
Selecting previously unselected package python3-wheel.
Preparing to unpack .../66-python3-wheel_0.42.0-2_all.deb ...
Unpacking python3-wheel (0.42.0-2) ...
Selecting previously unselected package python3-pip.
Preparing to unpack .../67-python3-pip_24.0+dfsg-1ubuntu1.3_all.deb ...
Unpacking python3-pip (24.0+dfsg-1ubuntu1.3) ...
Selecting previously unselected package freeipmi-common.
Preparing to unpack .../68-freeipmi-common_1.6.13-3ubuntu0.1_all.deb ...
Unpacking freeipmi-common (1.6.13-3ubuntu0.1) ...
Selecting previously unselected package libfreeipmi17.
Preparing to unpack .../69-libfreeipmi17_1.6.13-3ubuntu0.1_amd64.deb ...
Unpacking libfreeipmi17 (1.6.13-3ubuntu0.1) ...
Selecting previously unselected package libipmiconsole2.
Preparing to unpack .../70-libipmiconsole2_1.6.13-3ubuntu0.1_amd64.deb ...
Unpacking libipmiconsole2 (1.6.13-3ubuntu0.1) ...
Selecting previously unselected package libipmidetect0.
Preparing to unpack .../71-libipmidetect0_1.6.13-3ubuntu0.1_amd64.deb ...
Unpacking libipmidetect0 (1.6.13-3ubuntu0.1) ...
Selecting previously unselected package freeipmi-tools.
Preparing to unpack .../72-freeipmi-tools_1.6.13-3ubuntu0.1_amd64.deb ...
Unpacking freeipmi-tools (1.6.13-3ubuntu0.1) ...
Selecting previously unselected package libmsgpackc2:amd64.
Preparing to unpack .../73-libmsgpackc2_4.0.0-3build1_amd64.deb ...
Unpacking libmsgpackc2:amd64 (4.0.0-3build1) ...
Selecting previously unselected package libmsgpack-dev:amd64.
Preparing to unpack .../74-libmsgpack-dev_4.0.0-3build1_amd64.deb ...
Unpacking libmsgpack-dev:amd64 (4.0.0-3build1) ...
Selecting previously unselected package libnuma-dev:amd64.
Preparing to unpack .../75-libnuma-dev_2.0.18-1ubuntu0.24.04.1_amd64.deb ...
Unpacking libnuma-dev:amd64 (2.0.18-1ubuntu0.24.04.1) ...
Setting up ncdu (1.19-0.1) ...
Setting up javascript-common (11+nmu1) ...
Setting up lto-disabled-list (47) ...
Setting up libmsgpackc2:amd64 (4.0.0-3build1) ...
Setting up libfile-fcntllock-perl (0.22-4ubuntu5) ...
Setting up libalgorithm-diff-perl (1.201-1) ...
Setting up freeipmi-common (1.6.13-3ubuntu0.1) ...
Setting up binutils-common:amd64 (2.42-4ubuntu2.10) ...
Setting up libctf-nobfd0:amd64 (2.42-4ubuntu2.10) ...
Setting up libgomp1:amd64 (14.2.0-4ubuntu2~24.04.1) ...
Setting up bzip2 (1.0.8-5.1build0.1) ...
Setting up python3-wheel (0.42.0-2) ...
Setting up libsframe1:amd64 (2.42-4ubuntu2.10) ...
Setting up libfakeroot:amd64 (1.33-1) ...
Setting up libnuma-dev:amd64 (2.0.18-1ubuntu0.24.04.1) ...
Setting up fakeroot (1.33-1) ...
update-alternatives: using /usr/bin/fakeroot-sysv to provide /usr/bin/fakeroot (fakeroot) in auto mode
Setting up gcc-13-base:amd64 (13.3.0-6ubuntu2~24.04.1) ...
Setting up libexpat1-dev:amd64 (2.6.1-2ubuntu0.4) ...
Setting up make (4.3-4.1build2) ...
Setting up libquadmath0:amd64 (14.2.0-4ubuntu2~24.04.1) ...
Setting up libmpc3:amd64 (1.3.1-1build1.1) ...
Setting up libatomic1:amd64 (14.2.0-4ubuntu2~24.04.1) ...
Setting up libjsoncpp25:amd64 (1.9.5-6build1) ...
Setting up python3-pip (24.0+dfsg-1ubuntu1.3) ...
Setting up libdpkg-perl (1.22.6ubuntu6.6) ...
Setting up libfreeipmi17 (1.6.13-3ubuntu0.1) ...
Setting up libubsan1:amd64 (14.2.0-4ubuntu2~24.04.1) ...
Setting up zlib1g-dev:amd64 (1:1.3.dfsg-3.1ubuntu2.1) ...
Setting up libhwasan0:amd64 (14.2.0-4ubuntu2~24.04.1) ...
Setting up librhash0:amd64 (1.4.3-3build1) ...
Setting up libasan8:amd64 (14.2.0-4ubuntu2~24.04.1) ...
Setting up cmake-data (3.28.3-1build7) ...
Setting up libtsan2:amd64 (14.2.0-4ubuntu2~24.04.1) ...
Setting up libjs-jquery (3.6.1+dfsg+~3.5.14-1) ...
Setting up libbinutils:amd64 (2.42-4ubuntu2.10) ...
Setting up libisl23:amd64 (0.26-3build1.1) ...
Setting up git-lfs (3.4.1-1ubuntu0.4) ...
Setting up libalgorithm-diff-xs-perl:amd64 (0.04-8build3) ...
Setting up libcc1-0:amd64 (14.2.0-4ubuntu2~24.04.1) ...
Setting up liblsan0:amd64 (14.2.0-4ubuntu2~24.04.1) ...
Setting up libitm1:amd64 (14.2.0-4ubuntu2~24.04.1) ...
Setting up libjs-underscore (1.13.4~dfsg+~1.11.4-3) ...
Setting up libalgorithm-merge-perl (0.08-5) ...
Setting up libctf0:amd64 (2.42-4ubuntu2.10) ...
Setting up libipmidetect0 (1.6.13-3ubuntu0.1) ...
Setting up cpp-13-x86-64-linux-gnu (13.3.0-6ubuntu2~24.04.1) ...
Setting up libpython3.12-dev:amd64 (3.12.3-1ubuntu0.15) ...
Setting up libipmiconsole2 (1.6.13-3ubuntu0.1) ...
Setting up libgprofng0:amd64 (2.42-4ubuntu2.10) ...
Setting up python3.12-dev (3.12.3-1ubuntu0.15) ...
Setting up libjs-sphinxdoc (7.2.6-6) ...
Setting up libgcc-13-dev:amd64 (13.3.0-6ubuntu2~24.04.1) ...
Setting up cmake (3.28.3-1build7) ...
Setting up libstdc++-13-dev:amd64 (13.3.0-6ubuntu2~24.04.1) ...
Setting up binutils-x86-64-linux-gnu (2.42-4ubuntu2.10) ...
Setting up cpp-x86-64-linux-gnu (4:13.2.0-7ubuntu1) ...
Setting up libboost1.83-dev:amd64 (1.83.0-2.1ubuntu3.2) ...
Setting up libpython3-dev:amd64 (3.12.3-0ubuntu2.1) ...
Setting up freeipmi-tools (1.6.13-3ubuntu0.1) ...
Setting up cpp-13 (13.3.0-6ubuntu2~24.04.1) ...
Setting up gcc-13-x86-64-linux-gnu (13.3.0-6ubuntu2~24.04.1) ...
Setting up binutils (2.42-4ubuntu2.10) ...
Setting up dpkg-dev (1.22.6ubuntu6.6) ...
Setting up python3-dev (3.12.3-0ubuntu2.1) ...
Setting up gcc-13 (13.3.0-6ubuntu2~24.04.1) ...
Setting up cpp (4:13.2.0-7ubuntu1) ...
Setting up libboost-dev:amd64 (1.83.0.1ubuntu2) ...
Setting up libmsgpack-cxx-dev:amd64 (6.1.0-1build1) ...
Setting up libmsgpack-dev:amd64 (4.0.0-3build1) ...
Setting up g++-13-x86-64-linux-gnu (13.3.0-6ubuntu2~24.04.1) ...
Setting up gcc-x86-64-linux-gnu (4:13.2.0-7ubuntu1) ...
Setting up gcc (4:13.2.0-7ubuntu1) ...
Setting up g++-x86-64-linux-gnu (4:13.2.0-7ubuntu1) ...
Setting up g++-13 (13.3.0-6ubuntu2~24.04.1) ...
Setting up g++ (4:13.2.0-7ubuntu1) ...
update-alternatives: using /usr/bin/g++ to provide /usr/bin/c++ (c++) in auto mode
Setting up build-essential (12.10ubuntu1) ...
Processing triggers for libc-bin (2.39-0ubuntu8.8) ...
Processing triggers for man-db (2.12.0-4build2) ...
Processing triggers for install-info (7.1-3build2) ...

Pending kernel upgrade!
Running kernel version:
  6.8.0-136-generic
Diagnostics:
  The currently running kernel version is not the expected kernel version 6.17.0-1028-oem.

Restarting the system to load the new kernel will not be handled automatically, so you should consider rebooting.

The processor microcode seems to be up-to-date.

Restarting services...

Service restarts being deferred:
 /etc/needrestart/restart.d/dbus.service

No containers need to be restarted.

User sessions running outdated binaries:
 ai1 @ session #4: bash[7506]
 ai1 @ user manager service: systemd[3455]

No VM guests are running outdated hypervisor (qemu) binaries on this host.
[1;32m	
 📦 Installing AMD GPU (amdgpu-dkms) kernel driver verion 31.40.0 ...
[1;35m
--2026-07-29 12:38:05--  https://repo.radeon.com/rocm/rocm.gpg.key
Resolving repo.radeon.com (repo.radeon.com)... 2a02:26f0:f500:8::5c7b:8564, 2a02:26f0:f500:8::5c7b:8558, 92.123.133.100, ...
Connecting to repo.radeon.com (repo.radeon.com)|2a02:26f0:f500:8::5c7b:8564|:443... connected.
HTTP request sent, awaiting response... 200 OK
Length: 3126 (3.1K) [application/octet-stream]
Saving to: ‘STDOUT’

     0K ...                                                   100% 3.35G=0s

2026-07-29 12:38:05 (3.35 GB/s) - written to stdout [3126/3126]

    deb [arch=amd64 signed-by=/etc/apt/keyrings/rocm.gpg] https://repo.radeon.com/amdgpu/31.40/ubuntu noble main

WARNING: apt does not have a stable CLI interface. Use with caution in scripts.

Hit:1 http://security.ubuntu.com/ubuntu noble-security InRelease
Hit:2 http://de.archive.ubuntu.com/ubuntu noble InRelease
Get:3 https://repo.radeon.com/amdgpu/31.40/ubuntu noble InRelease [3,185 B]
Hit:4 http://de.archive.ubuntu.com/ubuntu noble-updates InRelease
Hit:5 http://de.archive.ubuntu.com/ubuntu noble-backports InRelease
Get:6 https://repo.radeon.com/amdgpu/31.40/ubuntu noble/main amd64 Packages [1,151 B]
Fetched 4,336 B in 0s (13.3 kB/s)
Reading package lists...
Building dependency tree...
Reading state information...
1 package can be upgraded. Run 'apt list --upgradable' to see it.

WARNING: apt does not have a stable CLI interface. Use with caution in scripts.

Reading package lists...
Building dependency tree...
Reading state information...
The following additional packages will be installed:
  amdgpu-dkms-firmware autoconf automake autotools-dev dkms dwarves m4 pahole
Suggested packages:
  autoconf-archive gnu-standards autoconf-doc libtool gettext menu m4-doc
The following NEW packages will be installed:
  amdgpu-dkms amdgpu-dkms-firmware autoconf automake autotools-dev dkms
  dwarves m4 pahole
0 upgraded, 9 newly installed, 0 to remove and 1 not upgraded.
Need to get 31.2 MB of archives.
After this operation, 676 MB of additional disk space will be used.
Get:1 http://de.archive.ubuntu.com/ubuntu noble/main amd64 dkms all 3.0.11-1ubuntu13 [51.5 kB]
Get:2 https://repo.radeon.com/amdgpu/31.40/ubuntu noble/main amd64 amdgpu-dkms-firmware all 1:31.40.0.0.31400000-2364437.24.04 [16.6 MB]
Get:3 http://de.archive.ubuntu.com/ubuntu noble/main amd64 m4 amd64 1.4.19-4build1 [244 kB]
Get:4 http://de.archive.ubuntu.com/ubuntu noble/main amd64 autoconf all 2.71-3 [339 kB]
Get:5 http://de.archive.ubuntu.com/ubuntu noble/main amd64 autotools-dev all 20220109.1 [44.9 kB]
Get:6 http://de.archive.ubuntu.com/ubuntu noble/main amd64 automake all 1:1.16.5-1.3ubuntu1 [558 kB]
Get:7 http://de.archive.ubuntu.com/ubuntu noble/universe amd64 pahole amd64 1.25-0ubuntu3 [277 kB]
Get:8 http://de.archive.ubuntu.com/ubuntu noble/universe amd64 dwarves all 1.25-0ubuntu3 [2,186 B]
Get:9 https://repo.radeon.com/amdgpu/31.40/ubuntu noble/main amd64 amdgpu-dkms all 1:6.19.14.31400000-2364437.24.04 [13.1 MB]
Fetched 31.2 MB in 1s (28.8 MB/s)
Selecting previously unselected package dkms.
(Reading database ... 
(Reading database ... 5%
(Reading database ... 10%
(Reading database ... 15%
(Reading database ... 20%
(Reading database ... 25%
(Reading database ... 30%
(Reading database ... 35%
(Reading database ... 40%
(Reading database ... 45%
(Reading database ... 50%
(Reading database ... 55%
(Reading database ... 60%
(Reading database ... 65%
(Reading database ... 70%
(Reading database ... 75%
(Reading database ... 80%
(Reading database ... 85%
(Reading database ... 90%
(Reading database ... 95%
(Reading database ... 100%
(Reading database ... 153287 files and directories currently installed.)
Preparing to unpack .../0-dkms_3.0.11-1ubuntu13_all.deb ...
Unpacking dkms (3.0.11-1ubuntu13) ...
Selecting previously unselected package m4.
Preparing to unpack .../1-m4_1.4.19-4build1_amd64.deb ...
Unpacking m4 (1.4.19-4build1) ...
Selecting previously unselected package autoconf.
Preparing to unpack .../2-autoconf_2.71-3_all.deb ...
Unpacking autoconf (2.71-3) ...
Selecting previously unselected package autotools-dev.
Preparing to unpack .../3-autotools-dev_20220109.1_all.deb ...
Unpacking autotools-dev (20220109.1) ...
Selecting previously unselected package automake.
Preparing to unpack .../4-automake_1%3a1.16.5-1.3ubuntu1_all.deb ...
Unpacking automake (1:1.16.5-1.3ubuntu1) ...
Selecting previously unselected package amdgpu-dkms-firmware.
Preparing to unpack .../5-amdgpu-dkms-firmware_1%3a31.40.0.0.31400000-2364437.24.04_all.deb ...
Unpacking amdgpu-dkms-firmware (1:31.40.0.0.31400000-2364437.24.04) ...
Selecting previously unselected package amdgpu-dkms.
Preparing to unpack .../6-amdgpu-dkms_1%3a6.19.14.31400000-2364437.24.04_all.deb ...
Unpacking amdgpu-dkms (1:6.19.14.31400000-2364437.24.04) ...
Selecting previously unselected package pahole.
Preparing to unpack .../7-pahole_1.25-0ubuntu3_amd64.deb ...
Unpacking pahole (1.25-0ubuntu3) ...
Selecting previously unselected package dwarves.
Preparing to unpack .../8-dwarves_1.25-0ubuntu3_all.deb ...
Unpacking dwarves (1.25-0ubuntu3) ...
Setting up m4 (1.4.19-4build1) ...
Setting up dkms (3.0.11-1ubuntu13) ...
Setting up autotools-dev (20220109.1) ...
Setting up pahole (1.25-0ubuntu3) ...
Setting up autoconf (2.71-3) ...
Setting up amdgpu-dkms-firmware (1:31.40.0.0.31400000-2364437.24.04) ...
Setting up automake (1:1.16.5-1.3ubuntu1) ...
update-alternatives: using /usr/bin/automake-1.16 to provide /usr/bin/automake (automake) in auto mode
Setting up amdgpu-dkms (1:6.19.14.31400000-2364437.24.04) ...
Loading new amdgpu-6.19.14-2364437.24.04 DKMS files...
Building for 6.8.0-136-generic 6.17.0-1028-oem
Building for architecture x86_64
Building initial module for 6.8.0-136-generic
Secure Boot not enabled on this system.
Done.
Forcing installation of amdgpu

amdgpu.ko.zst:
Running module version sanity check.
 - Original module
 - Installation
   - Installing to /lib/modules/6.8.0-136-generic/updates/dkms/

amdttm.ko.zst:
Running module version sanity check.
 - Original module
 - Installation
   - Installing to /lib/modules/6.8.0-136-generic/updates/dkms/

amdkcl.ko.zst:
Running module version sanity check.
 - Original module
 - Installation
   - Installing to /lib/modules/6.8.0-136-generic/updates/dkms/

amd-sched.ko.zst:
Running module version sanity check.
 - Original module
 - Installation
   - Installing to /lib/modules/6.8.0-136-generic/updates/dkms/

amddrm_ttm_helper.ko.zst:
Running module version sanity check.
 - Original module
 - Installation
   - Installing to /lib/modules/6.8.0-136-generic/updates/dkms/

amddrm_buddy.ko.zst:
Running module version sanity check.
 - Original module
 - Installation
   - Installing to /lib/modules/6.8.0-136-generic/updates/dkms/

amddrm_exec.ko.zst:
Running module version sanity check.
 - Original module
 - Installation
   - Installing to /lib/modules/6.8.0-136-generic/updates/dkms/

amdxcp.ko.zst:
Running module version sanity check.
 - Original module
 - Installation
   - Installing to /lib/modules/6.8.0-136-generic/updates/dkms/

amddrm_suballoc_helper.ko.zst:
Running module version sanity check.
 - Original module
 - Installation
   - Installing to /lib/modules/6.8.0-136-generic/updates/dkms/
depmod...
Building initial module for 6.17.0-1028-oem
Done.
Forcing installation of amdgpu

amdgpu.ko.zst:
Running module version sanity check.
 - Original module
 - Installation
   - Installing to /lib/modules/6.17.0-1028-oem/updates/dkms/

amdttm.ko.zst:
Running module version sanity check.
 - Original module
 - Installation
   - Installing to /lib/modules/6.17.0-1028-oem/updates/dkms/

amdkcl.ko.zst:
Running module version sanity check.
 - Original module
 - Installation
   - Installing to /lib/modules/6.17.0-1028-oem/updates/dkms/

amd-sched.ko.zst:
Running module version sanity check.
 - Original module
 - Installation
   - Installing to /lib/modules/6.17.0-1028-oem/updates/dkms/

amddrm_ttm_helper.ko.zst:
Running module version sanity check.
 - Original module
 - Installation
   - Installing to /lib/modules/6.17.0-1028-oem/updates/dkms/

amddrm_buddy.ko.zst:
Running module version sanity check.
 - Original module
 - Installation
   - Installing to /lib/modules/6.17.0-1028-oem/updates/dkms/

amddrm_exec.ko.zst:
Running module version sanity check.
 - Original module
 - Installation
   - Installing to /lib/modules/6.17.0-1028-oem/updates/dkms/

amdxcp.ko.zst:
Running module version sanity check.
 - Original module
 - Installation
   - Installing to /lib/modules/6.17.0-1028-oem/updates/dkms/

amddrm_suballoc_helper.ko.zst:
Running module version sanity check.
 - Original module
 - Installation
   - Installing to /lib/modules/6.17.0-1028-oem/updates/dkms/
depmod...
update-initramfs: Generating /boot/initrd.img-6.17.0-1028-oem
update-initramfs: Generating /boot/initrd.img-6.8.0-136-generic
Setting up dwarves (1.25-0ubuntu3) ...
Processing triggers for man-db (2.12.0-4build2) ...
Processing triggers for install-info (7.1-3build2) ...

Pending kernel upgrade!
Running kernel version:
  6.8.0-136-generic
Diagnostics:
  The currently running kernel version is not the expected kernel version 6.17.0-1028-oem.

Restarting the system to load the new kernel will not be handled automatically, so you should consider rebooting.

The processor microcode seems to be up-to-date.

Restarting services...

Service restarts being deferred:
 /etc/needrestart/restart.d/dbus.service

No containers need to be restarted.

User sessions running outdated binaries:
 ai1 @ session #4: bash[7506]
 ai1 @ user manager service: systemd[3455]

No VM guests are running outdated hypervisor (qemu) binaries on this host.
[1;32m	
 📦 Installing TheRock 7.14 complete Core SDK including runtimes, compilers, development tools, and dependencies for GFX ID 120x ...
[1;35m
--2026-07-29 12:40:14--  https://repo.amd.com/rocm/packages-multi-arch/gpg/rocm.gpg
Resolving repo.amd.com (repo.amd.com)... 2600:9000:26da:9c00:1e:e606:b200:93a1, 2600:9000:26da:1a00:1e:e606:b200:93a1, 2600:9000:26da:c800:1e:e606:b200:93a1, ...
Connecting to repo.amd.com (repo.amd.com)|2600:9000:26da:9c00:1e:e606:b200:93a1|:443... connected.
HTTP request sent, awaiting response... 200 OK
Length: 3923 (3.8K) [binary/octet-stream]
Saving to: ‘STDOUT’

     0K ...                                                   100%  668M=0s

2026-07-29 12:40:14 (668 MB/s) - written to stdout [3923/3923]

    deb [arch=amd64 signed-by=/etc/apt/keyrings/amdrocm.gpg] https://repo.amd.com/rocm/packages-multi-arch/ubuntu2404 stable main

WARNING: apt does not have a stable CLI interface. Use with caution in scripts.

Hit:1 https://repo.radeon.com/amdgpu/31.40/ubuntu noble InRelease
Hit:2 http://de.archive.ubuntu.com/ubuntu noble InRelease
Hit:3 http://de.archive.ubuntu.com/ubuntu noble-updates InRelease
Hit:4 http://de.archive.ubuntu.com/ubuntu noble-backports InRelease
Hit:5 http://security.ubuntu.com/ubuntu noble-security InRelease
Get:6 https://repo.amd.com/rocm/packages-multi-arch/ubuntu2404 stable InRelease [2,332 B]
Get:7 https://repo.amd.com/rocm/packages-multi-arch/ubuntu2404 stable/main amd64 Packages [151 kB]
Fetched 154 kB in 1s (135 kB/s)
Reading package lists...
Building dependency tree...
Reading state information...
1 package can be upgraded. Run 'apt list --upgradable' to see it.

WARNING: apt does not have a stable CLI interface. Use with caution in scripts.

Reading package lists...
Building dependency tree...
Reading state information...
The following additional packages will be installed:
  amdrocm-amdsmi7.14 amdrocm-base7.14 amdrocm-blas-dev7.14
  amdrocm-blas-host7.14 amdrocm-blas7.14-gfx1010 amdrocm-blas7.14-gfx1011
  amdrocm-blas7.14-gfx1012 amdrocm-blas7.14-gfx1030 amdrocm-blas7.14-gfx1031
  amdrocm-blas7.14-gfx1032 amdrocm-blas7.14-gfx1033 amdrocm-blas7.14-gfx1034
  amdrocm-blas7.14-gfx1035 amdrocm-blas7.14-gfx1036 amdrocm-blas7.14-gfx1100
  amdrocm-blas7.14-gfx1101 amdrocm-blas7.14-gfx1102 amdrocm-blas7.14-gfx1103
  amdrocm-blas7.14-gfx1150 amdrocm-blas7.14-gfx1151 amdrocm-blas7.14-gfx1152
  amdrocm-blas7.14-gfx1153 amdrocm-blas7.14-gfx1200 amdrocm-blas7.14-gfx1201
  amdrocm-blas7.14-gfx1250 amdrocm-blas7.14-gfx908 amdrocm-blas7.14-gfx90a
  amdrocm-blas7.14-gfx942 amdrocm-blas7.14-gfx950 amdrocm-ccl-dev7.14
  amdrocm-ck7.14 amdrocm-core-dev7.14-gfx1010 amdrocm-core-dev7.14-gfx1011
  amdrocm-core-dev7.14-gfx1012 amdrocm-core-dev7.14-gfx1030
  amdrocm-core-dev7.14-gfx1031 amdrocm-core-dev7.14-gfx1032
  amdrocm-core-dev7.14-gfx1033 amdrocm-core-dev7.14-gfx1034
  amdrocm-core-dev7.14-gfx1035 amdrocm-core-dev7.14-gfx1036
  amdrocm-core-dev7.14-gfx1100 amdrocm-core-dev7.14-gfx1101
  amdrocm-core-dev7.14-gfx1102 amdrocm-core-dev7.14-gfx1103
  amdrocm-core-dev7.14-gfx1150 amdrocm-core-dev7.14-gfx1151
  amdrocm-core-dev7.14-gfx1152 amdrocm-core-dev7.14-gfx1153
  amdrocm-core-dev7.14-gfx1200 amdrocm-core-dev7.14-gfx1201
  amdrocm-core-dev7.14-gfx1250 amdrocm-core-dev7.14-gfx908
  amdrocm-core-dev7.14-gfx90a amdrocm-core-dev7.14-gfx942
  amdrocm-core-dev7.14-gfx950 amdrocm-core-sdk7.14-gfx1010
  amdrocm-core-sdk7.14-gfx1011 amdrocm-core-sdk7.14-gfx1012
  amdrocm-core-sdk7.14-gfx1030 amdrocm-core-sdk7.14-gfx1031
  amdrocm-core-sdk7.14-gfx1032 amdrocm-core-sdk7.14-gfx1033
  amdrocm-core-sdk7.14-gfx1034 amdrocm-core-sdk7.14-gfx1035
  amdrocm-core-sdk7.14-gfx1036 amdrocm-core-sdk7.14-gfx1100
  amdrocm-core-sdk7.14-gfx1101 amdrocm-core-sdk7.14-gfx1102
  amdrocm-core-sdk7.14-gfx1103 amdrocm-core-sdk7.14-gfx1150
  amdrocm-core-sdk7.14-gfx1151 amdrocm-core-sdk7.14-gfx1152
  amdrocm-core-sdk7.14-gfx1153 amdrocm-core-sdk7.14-gfx1200
  amdrocm-core-sdk7.14-gfx1201 amdrocm-core-sdk7.14-gfx1250
  amdrocm-core-sdk7.14-gfx908 amdrocm-core-sdk7.14-gfx90a
  amdrocm-core-sdk7.14-gfx942 amdrocm-core-sdk7.14-gfx950
  amdrocm-core7.14-gfx1010 amdrocm-core7.14-gfx1011 amdrocm-core7.14-gfx1012
  amdrocm-core7.14-gfx1030 amdrocm-core7.14-gfx1031 amdrocm-core7.14-gfx1032
  amdrocm-core7.14-gfx1033 amdrocm-core7.14-gfx1034 amdrocm-core7.14-gfx1035
  amdrocm-core7.14-gfx1036 amdrocm-core7.14-gfx1100 amdrocm-core7.14-gfx1101
  amdrocm-core7.14-gfx1102 amdrocm-core7.14-gfx1103 amdrocm-core7.14-gfx1150
  amdrocm-core7.14-gfx1151 amdrocm-core7.14-gfx1152 amdrocm-core7.14-gfx1153
  amdrocm-core7.14-gfx1200 amdrocm-core7.14-gfx1201 amdrocm-core7.14-gfx1250
  amdrocm-core7.14-gfx908 amdrocm-core7.14-gfx90a amdrocm-core7.14-gfx942
  amdrocm-core7.14-gfx950 amdrocm-debugger7.14 amdrocm-decode-dev7.14
  amdrocm-decode7.14 amdrocm-developer-tools7.14 amdrocm-dnn-dev7.14
  amdrocm-dnn-host7.14 amdrocm-dnn7.14-gfx1030 amdrocm-dnn7.14-gfx1100
  amdrocm-dnn7.14-gfx1101 amdrocm-dnn7.14-gfx1102 amdrocm-dnn7.14-gfx1150
  amdrocm-dnn7.14-gfx1151 amdrocm-dnn7.14-gfx1152 amdrocm-dnn7.14-gfx1153
  amdrocm-dnn7.14-gfx1200 amdrocm-dnn7.14-gfx1201 amdrocm-dnn7.14-gfx908
  amdrocm-dnn7.14-gfx90a amdrocm-dnn7.14-gfx942 amdrocm-dnn7.14-gfx950
  amdrocm-emulation7.14 amdrocm-fft-dev7.14 amdrocm-fft-host7.14
  amdrocm-fft7.14-gfx1010 amdrocm-fft7.14-gfx1011 amdrocm-fft7.14-gfx1012
  amdrocm-fft7.14-gfx1030 amdrocm-fft7.14-gfx1031 amdrocm-fft7.14-gfx1032
  amdrocm-fft7.14-gfx1033 amdrocm-fft7.14-gfx1034 amdrocm-fft7.14-gfx1035
  amdrocm-fft7.14-gfx1036 amdrocm-fft7.14-gfx1100 amdrocm-fft7.14-gfx1101
  amdrocm-fft7.14-gfx1102 amdrocm-fft7.14-gfx1103 amdrocm-fft7.14-gfx1150
  amdrocm-fft7.14-gfx1151 amdrocm-fft7.14-gfx1152 amdrocm-fft7.14-gfx1153
  amdrocm-fft7.14-gfx1200 amdrocm-fft7.14-gfx1201 amdrocm-fft7.14-gfx1250
  amdrocm-fft7.14-gfx908 amdrocm-fft7.14-gfx90a amdrocm-fft7.14-gfx942
  amdrocm-fft7.14-gfx950 amdrocm-hipblas-common-dev7.14
  amdrocm-hipfile-dev7.14 amdrocm-hipfile7.14 amdrocm-hipify7.14
  amdrocm-jpeg-dev7.14 amdrocm-jpeg7.14 amdrocm-llvm-dev7.14 amdrocm-llvm7.14
  amdrocm-math-common7.14 amdrocm-opencl-dev7.14 amdrocm-opencl7.14
  amdrocm-profiler-base7.14 amdrocm-profiler7.14 amdrocm-rand-dev7.14
  amdrocm-rand-host7.14 amdrocm-rand7.14-gfx1010 amdrocm-rand7.14-gfx1011
  amdrocm-rand7.14-gfx1012 amdrocm-rand7.14-gfx1030 amdrocm-rand7.14-gfx1031
  amdrocm-rand7.14-gfx1032 amdrocm-rand7.14-gfx1033 amdrocm-rand7.14-gfx1034
  amdrocm-rand7.14-gfx1035 amdrocm-rand7.14-gfx1036 amdrocm-rand7.14-gfx1100
  amdrocm-rand7.14-gfx1101 amdrocm-rand7.14-gfx1102 amdrocm-rand7.14-gfx1103
  amdrocm-rand7.14-gfx1150 amdrocm-rand7.14-gfx1151 amdrocm-rand7.14-gfx1152
  amdrocm-rand7.14-gfx1153 amdrocm-rand7.14-gfx1200 amdrocm-rand7.14-gfx1201
  amdrocm-rand7.14-gfx1250 amdrocm-rand7.14-gfx908 amdrocm-rand7.14-gfx90a
  amdrocm-rand7.14-gfx942 amdrocm-rand7.14-gfx950 amdrocm-rccl-dev7.14
  amdrocm-rccl-host7.14 amdrocm-rccl7.14-gfx1010 amdrocm-rccl7.14-gfx1011
  amdrocm-rccl7.14-gfx1012 amdrocm-rccl7.14-gfx1030 amdrocm-rccl7.14-gfx1031
  amdrocm-rccl7.14-gfx1032 amdrocm-rccl7.14-gfx1033 amdrocm-rccl7.14-gfx1034
  amdrocm-rccl7.14-gfx1035 amdrocm-rccl7.14-gfx1036 amdrocm-rccl7.14-gfx1100
  amdrocm-rccl7.14-gfx1101 amdrocm-rccl7.14-gfx1102 amdrocm-rccl7.14-gfx1151
  amdrocm-rccl7.14-gfx1200 amdrocm-rccl7.14-gfx1201 amdrocm-rccl7.14-gfx1250
  amdrocm-rccl7.14-gfx908 amdrocm-rccl7.14-gfx90a amdrocm-rccl7.14-gfx942
  amdrocm-rccl7.14-gfx950 amdrocm-rdc7.14 amdrocm-rocshmem-dev7.14
  amdrocm-rocshmem7.14 amdrocm-runtime-dev7.14 amdrocm-runtime7.14
  amdrocm-solver-dev7.14 amdrocm-solver-host7.14 amdrocm-solver7.14-gfx1010
  amdrocm-solver7.14-gfx1011 amdrocm-solver7.14-gfx1012
  amdrocm-solver7.14-gfx1030 amdrocm-solver7.14-gfx1031
  amdrocm-solver7.14-gfx1032 amdrocm-solver7.14-gfx1033
  amdrocm-solver7.14-gfx1034 amdrocm-solver7.14-gfx1035
  amdrocm-solver7.14-gfx1036 amdrocm-solver7.14-gfx1100
  amdrocm-solver7.14-gfx1101 amdrocm-solver7.14-gfx1102
  amdrocm-solver7.14-gfx1103 amdrocm-solver7.14-gfx1150
  amdrocm-solver7.14-gfx1151 amdrocm-solver7.14-gfx1152
  amdrocm-solver7.14-gfx1153 amdrocm-solver7.14-gfx1200
  amdrocm-solver7.14-gfx1201 amdrocm-solver7.14-gfx1250
  amdrocm-solver7.14-gfx908 amdrocm-solver7.14-gfx90a
  amdrocm-solver7.14-gfx942 amdrocm-solver7.14-gfx950 amdrocm-sparse-dev7.14
  amdrocm-sparse-host7.14 amdrocm-sparse7.14-gfx1010
  amdrocm-sparse7.14-gfx1011 amdrocm-sparse7.14-gfx1012
  amdrocm-sparse7.14-gfx1030 amdrocm-sparse7.14-gfx1031
  amdrocm-sparse7.14-gfx1032 amdrocm-sparse7.14-gfx1033
  amdrocm-sparse7.14-gfx1034 amdrocm-sparse7.14-gfx1035
  amdrocm-sparse7.14-gfx1036 amdrocm-sparse7.14-gfx1100
  amdrocm-sparse7.14-gfx1101 amdrocm-sparse7.14-gfx1102
  amdrocm-sparse7.14-gfx1103 amdrocm-sparse7.14-gfx1150
  amdrocm-sparse7.14-gfx1151 amdrocm-sparse7.14-gfx1152
  amdrocm-sparse7.14-gfx1153 amdrocm-sparse7.14-gfx1200
  amdrocm-sparse7.14-gfx1201 amdrocm-sparse7.14-gfx1250
  amdrocm-sparse7.14-gfx908 amdrocm-sparse7.14-gfx90a
  amdrocm-sparse7.14-gfx942 amdrocm-sparse7.14-gfx950 amdrocm-sysdeps7.14
  g++-13-multilib g++-multilib gcc-13-multilib gcc-multilib lib32asan8
  lib32atomic1 lib32gcc-13-dev lib32gcc-s1 lib32gomp1 lib32itm1 lib32quadmath0
  lib32stdc++-13-dev lib32stdc++6 lib32ubsan1 libc6-dev-i386 libc6-dev-x32
  libc6-i386 libc6-x32 libx32asan8 libx32atomic1 libx32gcc-13-dev libx32gcc-s1
  libx32gomp1 libx32itm1 libx32quadmath0 libx32stdc++-13-dev libx32stdc++6
  libx32ubsan1
Suggested packages:
  lib32stdc++6-13-dbg libx32stdc++6-13-dbg
The following NEW packages will be installed:
  amdrocm-amdsmi7.14 amdrocm-base7.14 amdrocm-blas-dev7.14
  amdrocm-blas-host7.14 amdrocm-blas7.14-gfx1010 amdrocm-blas7.14-gfx1011
  amdrocm-blas7.14-gfx1012 amdrocm-blas7.14-gfx1030 amdrocm-blas7.14-gfx1031
  amdrocm-blas7.14-gfx1032 amdrocm-blas7.14-gfx1033 amdrocm-blas7.14-gfx1034
  amdrocm-blas7.14-gfx1035 amdrocm-blas7.14-gfx1036 amdrocm-blas7.14-gfx1100
  amdrocm-blas7.14-gfx1101 amdrocm-blas7.14-gfx1102 amdrocm-blas7.14-gfx1103
  amdrocm-blas7.14-gfx1150 amdrocm-blas7.14-gfx1151 amdrocm-blas7.14-gfx1152
  amdrocm-blas7.14-gfx1153 amdrocm-blas7.14-gfx1200 amdrocm-blas7.14-gfx1201
  amdrocm-blas7.14-gfx1250 amdrocm-blas7.14-gfx908 amdrocm-blas7.14-gfx90a
  amdrocm-blas7.14-gfx942 amdrocm-blas7.14-gfx950 amdrocm-ccl-dev7.14
  amdrocm-ck7.14 amdrocm-core-dev7.14-gfx1010 amdrocm-core-dev7.14-gfx1011
  amdrocm-core-dev7.14-gfx1012 amdrocm-core-dev7.14-gfx1030
  amdrocm-core-dev7.14-gfx1031 amdrocm-core-dev7.14-gfx1032
  amdrocm-core-dev7.14-gfx1033 amdrocm-core-dev7.14-gfx1034
  amdrocm-core-dev7.14-gfx1035 amdrocm-core-dev7.14-gfx1036
  amdrocm-core-dev7.14-gfx1100 amdrocm-core-dev7.14-gfx1101
  amdrocm-core-dev7.14-gfx1102 amdrocm-core-dev7.14-gfx1103
  amdrocm-core-dev7.14-gfx1150 amdrocm-core-dev7.14-gfx1151
  amdrocm-core-dev7.14-gfx1152 amdrocm-core-dev7.14-gfx1153
  amdrocm-core-dev7.14-gfx1200 amdrocm-core-dev7.14-gfx1201
  amdrocm-core-dev7.14-gfx1250 amdrocm-core-dev7.14-gfx908
  amdrocm-core-dev7.14-gfx90a amdrocm-core-dev7.14-gfx942
  amdrocm-core-dev7.14-gfx950 amdrocm-core-sdk7.14
  amdrocm-core-sdk7.14-gfx1010 amdrocm-core-sdk7.14-gfx1011
  amdrocm-core-sdk7.14-gfx1012 amdrocm-core-sdk7.14-gfx1030
  amdrocm-core-sdk7.14-gfx1031 amdrocm-core-sdk7.14-gfx1032
  amdrocm-core-sdk7.14-gfx1033 amdrocm-core-sdk7.14-gfx1034
  amdrocm-core-sdk7.14-gfx1035 amdrocm-core-sdk7.14-gfx1036
  amdrocm-core-sdk7.14-gfx1100 amdrocm-core-sdk7.14-gfx1101
  amdrocm-core-sdk7.14-gfx1102 amdrocm-core-sdk7.14-gfx1103
  amdrocm-core-sdk7.14-gfx1150 amdrocm-core-sdk7.14-gfx1151
  amdrocm-core-sdk7.14-gfx1152 amdrocm-core-sdk7.14-gfx1153
  amdrocm-core-sdk7.14-gfx1200 amdrocm-core-sdk7.14-gfx1201
  amdrocm-core-sdk7.14-gfx1250 amdrocm-core-sdk7.14-gfx908
  amdrocm-core-sdk7.14-gfx90a amdrocm-core-sdk7.14-gfx942
  amdrocm-core-sdk7.14-gfx950 amdrocm-core7.14-gfx1010
  amdrocm-core7.14-gfx1011 amdrocm-core7.14-gfx1012 amdrocm-core7.14-gfx1030
  amdrocm-core7.14-gfx1031 amdrocm-core7.14-gfx1032 amdrocm-core7.14-gfx1033
  amdrocm-core7.14-gfx1034 amdrocm-core7.14-gfx1035 amdrocm-core7.14-gfx1036
  amdrocm-core7.14-gfx1100 amdrocm-core7.14-gfx1101 amdrocm-core7.14-gfx1102
  amdrocm-core7.14-gfx1103 amdrocm-core7.14-gfx1150 amdrocm-core7.14-gfx1151
  amdrocm-core7.14-gfx1152 amdrocm-core7.14-gfx1153 amdrocm-core7.14-gfx1200
  amdrocm-core7.14-gfx1201 amdrocm-core7.14-gfx1250 amdrocm-core7.14-gfx908
  amdrocm-core7.14-gfx90a amdrocm-core7.14-gfx942 amdrocm-core7.14-gfx950
  amdrocm-debugger7.14 amdrocm-decode-dev7.14 amdrocm-decode7.14
  amdrocm-developer-tools7.14 amdrocm-dnn-dev7.14 amdrocm-dnn-host7.14
  amdrocm-dnn7.14-gfx1030 amdrocm-dnn7.14-gfx1100 amdrocm-dnn7.14-gfx1101
  amdrocm-dnn7.14-gfx1102 amdrocm-dnn7.14-gfx1150 amdrocm-dnn7.14-gfx1151
  amdrocm-dnn7.14-gfx1152 amdrocm-dnn7.14-gfx1153 amdrocm-dnn7.14-gfx1200
  amdrocm-dnn7.14-gfx1201 amdrocm-dnn7.14-gfx908 amdrocm-dnn7.14-gfx90a
  amdrocm-dnn7.14-gfx942 amdrocm-dnn7.14-gfx950 amdrocm-emulation7.14
  amdrocm-fft-dev7.14 amdrocm-fft-host7.14 amdrocm-fft7.14-gfx1010
  amdrocm-fft7.14-gfx1011 amdrocm-fft7.14-gfx1012 amdrocm-fft7.14-gfx1030
  amdrocm-fft7.14-gfx1031 amdrocm-fft7.14-gfx1032 amdrocm-fft7.14-gfx1033
  amdrocm-fft7.14-gfx1034 amdrocm-fft7.14-gfx1035 amdrocm-fft7.14-gfx1036
  amdrocm-fft7.14-gfx1100 amdrocm-fft7.14-gfx1101 amdrocm-fft7.14-gfx1102
  amdrocm-fft7.14-gfx1103 amdrocm-fft7.14-gfx1150 amdrocm-fft7.14-gfx1151
  amdrocm-fft7.14-gfx1152 amdrocm-fft7.14-gfx1153 amdrocm-fft7.14-gfx1200
  amdrocm-fft7.14-gfx1201 amdrocm-fft7.14-gfx1250 amdrocm-fft7.14-gfx908
  amdrocm-fft7.14-gfx90a amdrocm-fft7.14-gfx942 amdrocm-fft7.14-gfx950
  amdrocm-hipblas-common-dev7.14 amdrocm-hipfile-dev7.14 amdrocm-hipfile7.14
  amdrocm-hipify7.14 amdrocm-jpeg-dev7.14 amdrocm-jpeg7.14
  amdrocm-llvm-dev7.14 amdrocm-llvm7.14 amdrocm-math-common7.14
  amdrocm-opencl-dev7.14 amdrocm-opencl7.14 amdrocm-profiler-base7.14
  amdrocm-profiler7.14 amdrocm-rand-dev7.14 amdrocm-rand-host7.14
  amdrocm-rand7.14-gfx1010 amdrocm-rand7.14-gfx1011 amdrocm-rand7.14-gfx1012
  amdrocm-rand7.14-gfx1030 amdrocm-rand7.14-gfx1031 amdrocm-rand7.14-gfx1032
  amdrocm-rand7.14-gfx1033 amdrocm-rand7.14-gfx1034 amdrocm-rand7.14-gfx1035
  amdrocm-rand7.14-gfx1036 amdrocm-rand7.14-gfx1100 amdrocm-rand7.14-gfx1101
  amdrocm-rand7.14-gfx1102 amdrocm-rand7.14-gfx1103 amdrocm-rand7.14-gfx1150
  amdrocm-rand7.14-gfx1151 amdrocm-rand7.14-gfx1152 amdrocm-rand7.14-gfx1153
  amdrocm-rand7.14-gfx1200 amdrocm-rand7.14-gfx1201 amdrocm-rand7.14-gfx1250
  amdrocm-rand7.14-gfx908 amdrocm-rand7.14-gfx90a amdrocm-rand7.14-gfx942
  amdrocm-rand7.14-gfx950 amdrocm-rccl-dev7.14 amdrocm-rccl-host7.14
  amdrocm-rccl7.14-gfx1010 amdrocm-rccl7.14-gfx1011 amdrocm-rccl7.14-gfx1012
  amdrocm-rccl7.14-gfx1030 amdrocm-rccl7.14-gfx1031 amdrocm-rccl7.14-gfx1032
  amdrocm-rccl7.14-gfx1033 amdrocm-rccl7.14-gfx1034 amdrocm-rccl7.14-gfx1035
  amdrocm-rccl7.14-gfx1036 amdrocm-rccl7.14-gfx1100 amdrocm-rccl7.14-gfx1101
  amdrocm-rccl7.14-gfx1102 amdrocm-rccl7.14-gfx1151 amdrocm-rccl7.14-gfx1200
  amdrocm-rccl7.14-gfx1201 amdrocm-rccl7.14-gfx1250 amdrocm-rccl7.14-gfx908
  amdrocm-rccl7.14-gfx90a amdrocm-rccl7.14-gfx942 amdrocm-rccl7.14-gfx950
  amdrocm-rdc7.14 amdrocm-rocshmem-dev7.14 amdrocm-rocshmem7.14
  amdrocm-runtime-dev7.14 amdrocm-runtime7.14 amdrocm-solver-dev7.14
  amdrocm-solver-host7.14 amdrocm-solver7.14-gfx1010
  amdrocm-solver7.14-gfx1011 amdrocm-solver7.14-gfx1012
  amdrocm-solver7.14-gfx1030 amdrocm-solver7.14-gfx1031
  amdrocm-solver7.14-gfx1032 amdrocm-solver7.14-gfx1033
  amdrocm-solver7.14-gfx1034 amdrocm-solver7.14-gfx1035
  amdrocm-solver7.14-gfx1036 amdrocm-solver7.14-gfx1100
  amdrocm-solver7.14-gfx1101 amdrocm-solver7.14-gfx1102
  amdrocm-solver7.14-gfx1103 amdrocm-solver7.14-gfx1150
  amdrocm-solver7.14-gfx1151 amdrocm-solver7.14-gfx1152
  amdrocm-solver7.14-gfx1153 amdrocm-solver7.14-gfx1200
  amdrocm-solver7.14-gfx1201 amdrocm-solver7.14-gfx1250
  amdrocm-solver7.14-gfx908 amdrocm-solver7.14-gfx90a
  amdrocm-solver7.14-gfx942 amdrocm-solver7.14-gfx950 amdrocm-sparse-dev7.14
  amdrocm-sparse-host7.14 amdrocm-sparse7.14-gfx1010
  amdrocm-sparse7.14-gfx1011 amdrocm-sparse7.14-gfx1012
  amdrocm-sparse7.14-gfx1030 amdrocm-sparse7.14-gfx1031
  amdrocm-sparse7.14-gfx1032 amdrocm-sparse7.14-gfx1033
  amdrocm-sparse7.14-gfx1034 amdrocm-sparse7.14-gfx1035
  amdrocm-sparse7.14-gfx1036 amdrocm-sparse7.14-gfx1100
  amdrocm-sparse7.14-gfx1101 amdrocm-sparse7.14-gfx1102
  amdrocm-sparse7.14-gfx1103 amdrocm-sparse7.14-gfx1150
  amdrocm-sparse7.14-gfx1151 amdrocm-sparse7.14-gfx1152
  amdrocm-sparse7.14-gfx1153 amdrocm-sparse7.14-gfx1200
  amdrocm-sparse7.14-gfx1201 amdrocm-sparse7.14-gfx1250
  amdrocm-sparse7.14-gfx908 amdrocm-sparse7.14-gfx90a
  amdrocm-sparse7.14-gfx942 amdrocm-sparse7.14-gfx950 amdrocm-sysdeps7.14
  g++-13-multilib g++-multilib gcc-13-multilib gcc-multilib lib32asan8
  lib32atomic1 lib32gcc-13-dev lib32gcc-s1 lib32gomp1 lib32itm1 lib32quadmath0
  lib32stdc++-13-dev lib32stdc++6 lib32ubsan1 libc6-dev-i386 libc6-dev-x32
  libc6-i386 libc6-x32 libx32asan8 libx32atomic1 libx32gcc-13-dev libx32gcc-s1
  libx32gomp1 libx32itm1 libx32quadmath0 libx32stdc++-13-dev libx32stdc++6
  libx32ubsan1
0 upgraded, 306 newly installed, 0 to remove and 1 not upgraded.
Need to get 6,451 MB of archives.
After this operation, 19.7 GB of additional disk space will be used.
Get:1 http://de.archive.ubuntu.com/ubuntu noble-updates/main amd64 libc6-i386 amd64 2.39-0ubuntu8.8 [2,787 kB]
Get:2 https://repo.amd.com/rocm/packages-multi-arch/ubuntu2404 stable/main amd64 amdrocm-sysdeps7.14 amd64 7.14.0-3 [13.9 MB]
Get:3 http://de.archive.ubuntu.com/ubuntu noble-updates/main amd64 libc6-dev-i386 amd64 2.39-0ubuntu8.8 [1,446 kB]
Get:4 http://de.archive.ubuntu.com/ubuntu noble-updates/main amd64 libc6-x32 amd64 2.39-0ubuntu8.8 [2,919 kB]
Get:5 http://de.archive.ubuntu.com/ubuntu noble-updates/main amd64 libc6-dev-x32 amd64 2.39-0ubuntu8.8 [1,637 kB]
Get:6 http://de.archive.ubuntu.com/ubuntu noble-updates/main amd64 lib32gcc-s1 amd64 14.2.0-4ubuntu2~24.04.1 [92.3 kB]
Get:7 http://de.archive.ubuntu.com/ubuntu noble-updates/main amd64 libx32gcc-s1 amd64 14.2.0-4ubuntu2~24.04.1 [78.5 kB]
Get:8 http://de.archive.ubuntu.com/ubuntu noble-updates/main amd64 lib32gomp1 amd64 14.2.0-4ubuntu2~24.04.1 [141 kB]
Get:9 http://de.archive.ubuntu.com/ubuntu noble-updates/main amd64 libx32gomp1 amd64 14.2.0-4ubuntu2~24.04.1 [144 kB]
Get:10 http://de.archive.ubuntu.com/ubuntu noble-updates/main amd64 lib32itm1 amd64 14.2.0-4ubuntu2~24.04.1 [29.5 kB]
Get:11 http://de.archive.ubuntu.com/ubuntu noble-updates/main amd64 libx32itm1 amd64 14.2.0-4ubuntu2~24.04.1 [29.8 kB]
Get:12 http://de.archive.ubuntu.com/ubuntu noble-updates/main amd64 lib32atomic1 amd64 14.2.0-4ubuntu2~24.04.1 [8,594 B]
Get:13 http://de.archive.ubuntu.com/ubuntu noble-updates/main amd64 libx32atomic1 amd64 14.2.0-4ubuntu2~24.04.1 [10.3 kB]
Get:14 http://de.archive.ubuntu.com/ubuntu noble-updates/main amd64 lib32asan8 amd64 14.2.0-4ubuntu2~24.04.1 [2,880 kB]
Get:15 http://de.archive.ubuntu.com/ubuntu noble-updates/main amd64 libx32asan8 amd64 14.2.0-4ubuntu2~24.04.1 [2,893 kB]
Get:16 http://de.archive.ubuntu.com/ubuntu noble-updates/main amd64 lib32stdc++6 amd64 14.2.0-4ubuntu2~24.04.1 [814 kB]
Get:17 http://de.archive.ubuntu.com/ubuntu noble-updates/main amd64 lib32ubsan1 amd64 14.2.0-4ubuntu2~24.04.1 [1,150 kB]
Get:18 http://de.archive.ubuntu.com/ubuntu noble-updates/main amd64 libx32stdc++6 amd64 14.2.0-4ubuntu2~24.04.1 [778 kB]
Get:19 http://de.archive.ubuntu.com/ubuntu noble-updates/main amd64 libx32ubsan1 amd64 14.2.0-4ubuntu2~24.04.1 [1,169 kB]
Get:20 http://de.archive.ubuntu.com/ubuntu noble-updates/main amd64 lib32quadmath0 amd64 14.2.0-4ubuntu2~24.04.1 [227 kB]
Get:21 http://de.archive.ubuntu.com/ubuntu noble-updates/main amd64 libx32quadmath0 amd64 14.2.0-4ubuntu2~24.04.1 [157 kB]
Get:22 http://de.archive.ubuntu.com/ubuntu noble-updates/main amd64 lib32gcc-13-dev amd64 13.3.0-6ubuntu2~24.04.1 [2,380 kB]
Get:23 http://de.archive.ubuntu.com/ubuntu noble-updates/main amd64 libx32gcc-13-dev amd64 13.3.0-6ubuntu2~24.04.1 [2,190 kB]
Get:24 http://de.archive.ubuntu.com/ubuntu noble-updates/main amd64 gcc-13-multilib amd64 13.3.0-6ubuntu2~24.04.1 [880 B]
Get:25 http://de.archive.ubuntu.com/ubuntu noble-updates/main amd64 lib32stdc++-13-dev amd64 13.3.0-6ubuntu2~24.04.1 [1,150 kB]
Get:26 http://de.archive.ubuntu.com/ubuntu noble-updates/main amd64 libx32stdc++-13-dev amd64 13.3.0-6ubuntu2~24.04.1 [1,086 kB]
Get:27 http://de.archive.ubuntu.com/ubuntu noble-updates/main amd64 g++-13-multilib amd64 13.3.0-6ubuntu2~24.04.1 [892 B]
Get:28 http://de.archive.ubuntu.com/ubuntu noble/main amd64 gcc-multilib amd64 4:13.2.0-7ubuntu1 [1,474 B]
Get:29 http://de.archive.ubuntu.com/ubuntu noble/main amd64 g++-multilib amd64 4:13.2.0-7ubuntu1 [884 B]
Get:30 https://repo.amd.com/rocm/packages-multi-arch/ubuntu2404 stable/main amd64 amdrocm-amdsmi7.14 amd64 7.14.0-3 [4,306 kB]
Get:31 https://repo.amd.com/rocm/packages-multi-arch/ubuntu2404 stable/main amd64 amdrocm-llvm7.14 amd64 7.14.0-3 [146 MB]
Get:32 https://repo.amd.com/rocm/packages-multi-arch/ubuntu2404 stable/main amd64 amdrocm-runtime7.14 amd64 7.14.0-3 [13.8 MB]
Get:33 https://repo.amd.com/rocm/packages-multi-arch/ubuntu2404 stable/main amd64 amdrocm-base7.14 amd64 7.14.0-3 [984 kB]
Get:34 https://repo.amd.com/rocm/packages-multi-arch/ubuntu2404 stable/main amd64 amdrocm-blas-dev7.14 amd64 7.14.0-3 [256 kB]
Get:35 https://repo.amd.com/rocm/packages-multi-arch/ubuntu2404 stable/main amd64 amdrocm-profiler-base7.14 amd64 7.14.0-3 [20.0 MB]
Get:36 https://repo.amd.com/rocm/packages-multi-arch/ubuntu2404 stable/main amd64 amdrocm-blas-host7.14 amd64 7.14.0-3 [17.8 MB]
Get:37 https://repo.amd.com/rocm/packages-multi-arch/ubuntu2404 stable/main amd64 amdrocm-math-common7.14 amd64 7.14.0-3 [15.0 MB]
Get:38 https://repo.amd.com/rocm/packages-multi-arch/ubuntu2404 stable/main amd64 amdrocm-solver-host7.14 amd64 7.14.0-3 [2,889 kB]
Get:39 https://repo.amd.com/rocm/packages-multi-arch/ubuntu2404 stable/main amd64 amdrocm-sparse-host7.14 amd64 7.14.0-3 [8,149 kB]
Get:40 https://repo.amd.com/rocm/packages-multi-arch/ubuntu2404 stable/main amd64 amdrocm-sparse7.14-gfx1010 amd64 7.14.0-3 [1,244 B]
Get:41 https://repo.amd.com/rocm/packages-multi-arch/ubuntu2404 stable/main amd64 amdrocm-solver7.14-gfx1010 amd64 7.14.0-3 [1,248 B]
Get:42 https://repo.amd.com/rocm/packages-multi-arch/ubuntu2404 stable/main amd64 amdrocm-blas7.14-gfx1010 amd64 7.14.0-3 [40.7 MB]
Get:43 https://repo.amd.com/rocm/packages-multi-arch/ubuntu2404 stable/main amd64 amdrocm-sparse7.14-gfx1011 amd64 7.14.0-3 [1,252 B]
Get:44 https://repo.amd.com/rocm/packages-multi-arch/ubuntu2404 stable/main amd64 amdrocm-solver7.14-gfx1011 amd64 7.14.0-3 [1,248 B]
Get:45 https://repo.amd.com/rocm/packages-multi-arch/ubuntu2404 stable/main amd64 amdrocm-blas7.14-gfx1011 amd64 7.14.0-3 [40.6 MB]
Get:46 https://repo.amd.com/rocm/packages-multi-arch/ubuntu2404 stable/main amd64 amdrocm-sparse7.14-gfx1012 amd64 7.14.0-3 [1,244 B]
Get:47 https://repo.amd.com/rocm/packages-multi-arch/ubuntu2404 stable/main amd64 amdrocm-solver7.14-gfx1012 amd64 7.14.0-3 [1,252 B]
Get:48 https://repo.amd.com/rocm/packages-multi-arch/ubuntu2404 stable/main amd64 amdrocm-blas7.14-gfx1012 amd64 7.14.0-3 [40.6 MB]
Get:49 https://repo.amd.com/rocm/packages-multi-arch/ubuntu2404 stable/main amd64 amdrocm-sparse7.14-gfx1030 amd64 7.14.0-3 [1,244 B]
Get:50 https://repo.amd.com/rocm/packages-multi-arch/ubuntu2404 stable/main amd64 amdrocm-solver7.14-gfx1030 amd64 7.14.0-3 [1,252 B]
Get:51 https://repo.amd.com/rocm/packages-multi-arch/ubuntu2404 stable/main amd64 amdrocm-blas7.14-gfx1030 amd64 7.14.0-3 [45.1 MB]
Get:52 https://repo.amd.com/rocm/packages-multi-arch/ubuntu2404 stable/main amd64 amdrocm-sparse7.14-gfx1031 amd64 7.14.0-3 [1,244 B]
Get:53 https://repo.amd.com/rocm/packages-multi-arch/ubuntu2404 stable/main amd64 amdrocm-solver7.14-gfx1031 amd64 7.14.0-3 [1,256 B]
Get:54 https://repo.amd.com/rocm/packages-multi-arch/ubuntu2404 stable/main amd64 amdrocm-blas7.14-gfx1031 amd64 7.14.0-3 [45.1 MB]
Get:55 https://repo.amd.com/rocm/packages-multi-arch/ubuntu2404 stable/main amd64 amdrocm-sparse7.14-gfx1032 amd64 7.14.0-3 [1,244 B]
Get:56 https://repo.amd.com/rocm/packages-multi-arch/ubuntu2404 stable/main amd64 amdrocm-solver7.14-gfx1032 amd64 7.14.0-3 [1,252 B]
Get:57 https://repo.amd.com/rocm/packages-multi-arch/ubuntu2404 stable/main amd64 amdrocm-blas7.14-gfx1032 amd64 7.14.0-3 [45.1 MB]
Get:58 https://repo.amd.com/rocm/packages-multi-arch/ubuntu2404 stable/main amd64 amdrocm-sparse7.14-gfx1033 amd64 7.14.0-3 [1,244 B]
Get:59 https://repo.amd.com/rocm/packages-multi-arch/ubuntu2404 stable/main amd64 amdrocm-solver7.14-gfx1033 amd64 7.14.0-3 [1,248 B]
Get:60 https://repo.amd.com/rocm/packages-multi-arch/ubuntu2404 stable/main amd64 amdrocm-blas7.14-gfx1033 amd64 7.14.0-3 [45.1 MB]
Get:61 https://repo.amd.com/rocm/packages-multi-arch/ubuntu2404 stable/main amd64 amdrocm-sparse7.14-gfx1034 amd64 7.14.0-3 [1,248 B]
Get:62 https://repo.amd.com/rocm/packages-multi-arch/ubuntu2404 stable/main amd64 amdrocm-solver7.14-gfx1034 amd64 7.14.0-3 [1,252 B]
Get:63 https://repo.amd.com/rocm/packages-multi-arch/ubuntu2404 stable/main amd64 amdrocm-blas7.14-gfx1034 amd64 7.14.0-3 [45.1 MB]
Get:64 https://repo.amd.com/rocm/packages-multi-arch/ubuntu2404 stable/main amd64 amdrocm-sparse7.14-gfx1035 amd64 7.14.0-3 [1,244 B]
Get:65 https://repo.amd.com/rocm/packages-multi-arch/ubuntu2404 stable/main amd64 amdrocm-solver7.14-gfx1035 amd64 7.14.0-3 [1,244 B]
Get:66 https://repo.amd.com/rocm/packages-multi-arch/ubuntu2404 stable/main amd64 amdrocm-blas7.14-gfx1035 amd64 7.14.0-3 [45.1 MB]
Get:67 https://repo.amd.com/rocm/packages-multi-arch/ubuntu2404 stable/main amd64 amdrocm-sparse7.14-gfx1036 amd64 7.14.0-3 [1,248 B]
Get:68 https://repo.amd.com/rocm/packages-multi-arch/ubuntu2404 stable/main amd64 amdrocm-solver7.14-gfx1036 amd64 7.14.0-3 [1,244 B]
Get:69 https://repo.amd.com/rocm/packages-multi-arch/ubuntu2404 stable/main amd64 amdrocm-blas7.14-gfx1036 amd64 7.14.0-3 [45.1 MB]
Get:70 https://repo.amd.com/rocm/packages-multi-arch/ubuntu2404 stable/main amd64 amdrocm-sparse7.14-gfx1100 amd64 7.14.0-3 [1,244 B]
Get:71 https://repo.amd.com/rocm/packages-multi-arch/ubuntu2404 stable/main amd64 amdrocm-solver7.14-gfx1100 amd64 7.14.0-3 [1,248 B]
Get:72 https://repo.amd.com/rocm/packages-multi-arch/ubuntu2404 stable/main amd64 amdrocm-blas7.14-gfx1100 amd64 7.14.0-3 [53.1 MB]
Get:73 https://repo.amd.com/rocm/packages-multi-arch/ubuntu2404 stable/main amd64 amdrocm-sparse7.14-gfx1101 amd64 7.14.0-3 [1,244 B]
Get:74 https://repo.amd.com/rocm/packages-multi-arch/ubuntu2404 stable/main amd64 amdrocm-solver7.14-gfx1101 amd64 7.14.0-3 [1,252 B]
Get:75 https://repo.amd.com/rocm/packages-multi-arch/ubuntu2404 stable/main amd64 amdrocm-blas7.14-gfx1101 amd64 7.14.0-3 [50.0 MB]
Get:76 https://repo.amd.com/rocm/packages-multi-arch/ubuntu2404 stable/main amd64 amdrocm-sparse7.14-gfx1102 amd64 7.14.0-3 [1,244 B]
Get:77 https://repo.amd.com/rocm/packages-multi-arch/ubuntu2404 stable/main amd64 amdrocm-solver7.14-gfx1102 amd64 7.14.0-3 [1,248 B]
Get:78 https://repo.amd.com/rocm/packages-multi-arch/ubuntu2404 stable/main amd64 amdrocm-blas7.14-gfx1102 amd64 7.14.0-3 [48.3 MB]
Get:79 https://repo.amd.com/rocm/packages-multi-arch/ubuntu2404 stable/main amd64 amdrocm-sparse7.14-gfx1103 amd64 7.14.0-3 [1,244 B]
Get:80 https://repo.amd.com/rocm/packages-multi-arch/ubuntu2404 stable/main amd64 amdrocm-solver7.14-gfx1103 amd64 7.14.0-3 [1,248 B]
Get:81 https://repo.amd.com/rocm/packages-multi-arch/ubuntu2404 stable/main amd64 amdrocm-blas7.14-gfx1103 amd64 7.14.0-3 [48.1 MB]
Get:82 https://repo.amd.com/rocm/packages-multi-arch/ubuntu2404 stable/main amd64 amdrocm-sparse7.14-gfx1150 amd64 7.14.0-3 [1,244 B]
Get:83 https://repo.amd.com/rocm/packages-multi-arch/ubuntu2404 stable/main amd64 amdrocm-solver7.14-gfx1150 amd64 7.14.0-3 [1,248 B]
Get:84 https://repo.amd.com/rocm/packages-multi-arch/ubuntu2404 stable/main amd64 amdrocm-blas7.14-gfx1150 amd64 7.14.0-3 [48.2 MB]
Get:85 https://repo.amd.com/rocm/packages-multi-arch/ubuntu2404 stable/main amd64 amdrocm-sparse7.14-gfx1151 amd64 7.14.0-3 [1,248 B]
Get:86 https://repo.amd.com/rocm/packages-multi-arch/ubuntu2404 stable/main amd64 amdrocm-solver7.14-gfx1151 amd64 7.14.0-3 [1,252 B]
Get:87 https://repo.amd.com/rocm/packages-multi-arch/ubuntu2404 stable/main amd64 amdrocm-blas7.14-gfx1151 amd64 7.14.0-3 [53.1 MB]
Get:88 https://repo.amd.com/rocm/packages-multi-arch/ubuntu2404 stable/main amd64 amdrocm-sparse7.14-gfx1152 amd64 7.14.0-3 [1,248 B]
Get:89 https://repo.amd.com/rocm/packages-multi-arch/ubuntu2404 stable/main amd64 amdrocm-solver7.14-gfx1152 amd64 7.14.0-3 [1,248 B]
Get:90 https://repo.amd.com/rocm/packages-multi-arch/ubuntu2404 stable/main amd64 amdrocm-blas7.14-gfx1152 amd64 7.14.0-3 [48.0 MB]
Get:91 https://repo.amd.com/rocm/packages-multi-arch/ubuntu2404 stable/main amd64 amdrocm-sparse7.14-gfx1153 amd64 7.14.0-3 [1,244 B]
Get:92 https://repo.amd.com/rocm/packages-multi-arch/ubuntu2404 stable/main amd64 amdrocm-solver7.14-gfx1153 amd64 7.14.0-3 [1,248 B]
Get:93 https://repo.amd.com/rocm/packages-multi-arch/ubuntu2404 stable/main amd64 amdrocm-blas7.14-gfx1153 amd64 7.14.0-3 [48.2 MB]
Get:94 https://repo.amd.com/rocm/packages-multi-arch/ubuntu2404 stable/main amd64 amdrocm-sparse7.14-gfx1200 amd64 7.14.0-3 [1,252 B]
Get:95 https://repo.amd.com/rocm/packages-multi-arch/ubuntu2404 stable/main amd64 amdrocm-solver7.14-gfx1200 amd64 7.14.0-3 [1,252 B]
Get:96 https://repo.amd.com/rocm/packages-multi-arch/ubuntu2404 stable/main amd64 amdrocm-blas7.14-gfx1200 amd64 7.14.0-3 [268 MB]
Get:97 https://repo.amd.com/rocm/packages-multi-arch/ubuntu2404 stable/main amd64 amdrocm-sparse7.14-gfx1201 amd64 7.14.0-3 [1,240 B]
Get:98 https://repo.amd.com/rocm/packages-multi-arch/ubuntu2404 stable/main amd64 amdrocm-solver7.14-gfx1201 amd64 7.14.0-3 [1,252 B]
Get:99 https://repo.amd.com/rocm/packages-multi-arch/ubuntu2404 stable/main amd64 amdrocm-blas7.14-gfx1201 amd64 7.14.0-3 [205 MB]
Get:100 https://repo.amd.com/rocm/packages-multi-arch/ubuntu2404 stable/main amd64 amdrocm-sparse7.14-gfx1250 amd64 7.14.0-3 [1,248 B]
Get:101 https://repo.amd.com/rocm/packages-multi-arch/ubuntu2404 stable/main amd64 amdrocm-solver7.14-gfx1250 amd64 7.14.0-3 [1,248 B]
Get:102 https://repo.amd.com/rocm/packages-multi-arch/ubuntu2404 stable/main amd64 amdrocm-blas7.14-gfx1250 amd64 7.14.0-3 [44.4 MB]
Get:103 https://repo.amd.com/rocm/packages-multi-arch/ubuntu2404 stable/main amd64 amdrocm-sparse7.14-gfx908 amd64 7.14.0-3 [1,244 B]
Get:104 https://repo.amd.com/rocm/packages-multi-arch/ubuntu2404 stable/main amd64 amdrocm-solver7.14-gfx908 amd64 7.14.0-3 [1,248 B]
Get:105 https://repo.amd.com/rocm/packages-multi-arch/ubuntu2404 stable/main amd64 amdrocm-blas7.14-gfx908 amd64 7.14.0-3 [50.6 MB]
Get:106 https://repo.amd.com/rocm/packages-multi-arch/ubuntu2404 stable/main amd64 amdrocm-sparse7.14-gfx90a amd64 7.14.0-3 [1,248 B]
Get:107 https://repo.amd.com/rocm/packages-multi-arch/ubuntu2404 stable/main amd64 amdrocm-solver7.14-gfx90a amd64 7.14.0-3 [1,244 B]
Get:108 https://repo.amd.com/rocm/packages-multi-arch/ubuntu2404 stable/main amd64 amdrocm-blas7.14-gfx90a amd64 7.14.0-3 [139 MB]
Get:109 https://repo.amd.com/rocm/packages-multi-arch/ubuntu2404 stable/main amd64 amdrocm-sparse7.14-gfx942 amd64 7.14.0-3 [1,244 B]
Get:110 https://repo.amd.com/rocm/packages-multi-arch/ubuntu2404 stable/main amd64 amdrocm-solver7.14-gfx942 amd64 7.14.0-3 [1,248 B]
Get:111 https://repo.amd.com/rocm/packages-multi-arch/ubuntu2404 stable/main amd64 amdrocm-blas7.14-gfx942 amd64 7.14.0-3 [1,368 MB]
Get:112 https://repo.amd.com/rocm/packages-multi-arch/ubuntu2404 stable/main amd64 amdrocm-sparse7.14-gfx950 amd64 7.14.0-3 [1,244 B]
Get:113 https://repo.amd.com/rocm/packages-multi-arch/ubuntu2404 stable/main amd64 amdrocm-solver7.14-gfx950 amd64 7.14.0-3 [1,248 B]
Get:114 https://repo.amd.com/rocm/packages-multi-arch/ubuntu2404 stable/main amd64 amdrocm-blas7.14-gfx950 amd64 7.14.0-3 [503 MB]
Get:115 https://repo.amd.com/rocm/packages-multi-arch/ubuntu2404 stable/main amd64 amdrocm-ccl-dev7.14 amd64 7.14.0-3 [1,699 kB]
Get:116 https://repo.amd.com/rocm/packages-multi-arch/ubuntu2404 stable/main amd64 amdrocm-ck7.14 amd64 7.14.0-3 [183 MB]
Get:117 https://repo.amd.com/rocm/packages-multi-arch/ubuntu2404 stable/main amd64 amdrocm-debugger7.14 amd64 7.14.0-3 [25.0 MB]
Get:118 https://repo.amd.com/rocm/packages-multi-arch/ubuntu2404 stable/main amd64 amdrocm-rand-host7.14 amd64 7.14.0-3 [17.5 MB]
Get:119 https://repo.amd.com/rocm/packages-multi-arch/ubuntu2404 stable/main amd64 amdrocm-rand7.14-gfx1010 amd64 7.14.0-3 [1,317 kB]
Get:120 https://repo.amd.com/rocm/packages-multi-arch/ubuntu2404 stable/main amd64 amdrocm-fft-host7.14 amd64 7.14.0-3 [2,776 kB]
Get:121 https://repo.amd.com/rocm/packages-multi-arch/ubuntu2404 stable/main amd64 amdrocm-fft7.14-gfx1010 amd64 7.14.0-3 [3,992 B]
Get:122 https://repo.amd.com/rocm/packages-multi-arch/ubuntu2404 stable/main amd64 amdrocm-rccl-host7.14 amd64 7.14.0-3 [1,073 kB]
Get:123 https://repo.amd.com/rocm/packages-multi-arch/ubuntu2404 stable/main amd64 amdrocm-rccl7.14-gfx1010 amd64 7.14.0-3 [16.5 MB]
Get:124 https://repo.amd.com/rocm/packages-multi-arch/ubuntu2404 stable/main amd64 amdrocm-rocshmem7.14 amd64 7.14.0-3 [36.4 MB]
Get:125 https://repo.amd.com/rocm/packages-multi-arch/ubuntu2404 stable/main amd64 amdrocm-hipify7.14 amd64 7.14.0-3 [13.3 MB]
Get:126 https://repo.amd.com/rocm/packages-multi-arch/ubuntu2404 stable/main amd64 amdrocm-hipfile7.14 amd64 7.14.0-3 [182 kB]
Get:127 https://repo.amd.com/rocm/packages-multi-arch/ubuntu2404 stable/main amd64 amdrocm-decode7.14 amd64 7.14.0-3 [755 kB]
Get:128 https://repo.amd.com/rocm/packages-multi-arch/ubuntu2404 stable/main amd64 amdrocm-jpeg7.14 amd64 7.14.0-3 [254 kB]
Get:129 https://repo.amd.com/rocm/packages-multi-arch/ubuntu2404 stable/main amd64 amdrocm-core7.14-gfx1010 amd64 7.14.0-3 [2,928 B]
Get:130 https://repo.amd.com/rocm/packages-multi-arch/ubuntu2404 stable/main amd64 amdrocm-llvm-dev7.14 amd64 7.14.0-3 [148 MB]
Get:131 https://repo.amd.com/rocm/packages-multi-arch/ubuntu2404 stable/main amd64 amdrocm-runtime-dev7.14 amd64 7.14.0-3 [506 kB]
Get:132 https://repo.amd.com/rocm/packages-multi-arch/ubuntu2404 stable/main amd64 amdrocm-fft-dev7.14 amd64 7.14.0-3 [22.2 kB]
Get:133 https://repo.amd.com/rocm/packages-multi-arch/ubuntu2404 stable/main amd64 amdrocm-sparse-dev7.14 amd64 7.14.0-3 [159 kB]
Get:134 https://repo.amd.com/rocm/packages-multi-arch/ubuntu2404 stable/main amd64 amdrocm-solver-dev7.14 amd64 7.14.0-3 [71.9 kB]
Get:135 https://repo.amd.com/rocm/packages-multi-arch/ubuntu2404 stable/main amd64 amdrocm-rand-dev7.14 amd64 7.14.0-3 [555 kB]
Get:136 https://repo.amd.com/rocm/packages-multi-arch/ubuntu2404 stable/main amd64 amdrocm-opencl7.14 amd64 7.14.0-3 [809 kB]
Get:137 https://repo.amd.com/rocm/packages-multi-arch/ubuntu2404 stable/main amd64 amdrocm-opencl-dev7.14 amd64 7.14.0-3 [73.8 kB]
Get:138 https://repo.amd.com/rocm/packages-multi-arch/ubuntu2404 stable/main amd64 amdrocm-hipblas-common-dev7.14 amd64 7.14.0-3 [6,104 B]
Get:139 https://repo.amd.com/rocm/packages-multi-arch/ubuntu2404 stable/main amd64 amdrocm-rccl-dev7.14 amd64 7.14.0-3 [70.8 kB]
Get:140 https://repo.amd.com/rocm/packages-multi-arch/ubuntu2404 stable/main amd64 amdrocm-rocshmem-dev7.14 amd64 7.14.0-3 [2,912 kB]
Get:141 https://repo.amd.com/rocm/packages-multi-arch/ubuntu2404 stable/main amd64 amdrocm-dnn-dev7.14 amd64 7.14.0-3 [1,164 kB]
Get:142 https://repo.amd.com/rocm/packages-multi-arch/ubuntu2404 stable/main amd64 amdrocm-hipfile-dev7.14 amd64 7.14.0-3 [13.3 kB]
Get:143 https://repo.amd.com/rocm/packages-multi-arch/ubuntu2404 stable/main amd64 amdrocm-decode-dev7.14 amd64 7.14.0-3 [25.8 kB]
Get:144 https://repo.amd.com/rocm/packages-multi-arch/ubuntu2404 stable/main amd64 amdrocm-jpeg-dev7.14 amd64 7.14.0-3 [9,528 B]
Get:145 https://repo.amd.com/rocm/packages-multi-arch/ubuntu2404 stable/main amd64 amdrocm-core-dev7.14-gfx1010 amd64 7.14.0-3 [2,588 B]
Get:146 https://repo.amd.com/rocm/packages-multi-arch/ubuntu2404 stable/main amd64 amdrocm-rand7.14-gfx1011 amd64 7.14.0-3 [1,317 kB]
Get:147 https://repo.amd.com/rocm/packages-multi-arch/ubuntu2404 stable/main amd64 amdrocm-fft7.14-gfx1011 amd64 7.14.0-3 [4,000 B]
Get:148 https://repo.amd.com/rocm/packages-multi-arch/ubuntu2404 stable/main amd64 amdrocm-rccl7.14-gfx1011 amd64 7.14.0-3 [16.5 MB]
Get:149 https://repo.amd.com/rocm/packages-multi-arch/ubuntu2404 stable/main amd64 amdrocm-core7.14-gfx1011 amd64 7.14.0-3 [2,928 B]
Get:150 https://repo.amd.com/rocm/packages-multi-arch/ubuntu2404 stable/main amd64 amdrocm-core-dev7.14-gfx1011 amd64 7.14.0-3 [2,584 B]
Get:151 https://repo.amd.com/rocm/packages-multi-arch/ubuntu2404 stable/main amd64 amdrocm-rand7.14-gfx1012 amd64 7.14.0-3 [1,316 kB]
Get:152 https://repo.amd.com/rocm/packages-multi-arch/ubuntu2404 stable/main amd64 amdrocm-fft7.14-gfx1012 amd64 7.14.0-3 [3,996 B]
Get:153 https://repo.amd.com/rocm/packages-multi-arch/ubuntu2404 stable/main amd64 amdrocm-rccl7.14-gfx1012 amd64 7.14.0-3 [16.5 MB]
Get:154 https://repo.amd.com/rocm/packages-multi-arch/ubuntu2404 stable/main amd64 amdrocm-core7.14-gfx1012 amd64 7.14.0-3 [2,924 B]
Get:155 https://repo.amd.com/rocm/packages-multi-arch/ubuntu2404 stable/main amd64 amdrocm-core-dev7.14-gfx1012 amd64 7.14.0-3 [2,580 B]
Get:156 https://repo.amd.com/rocm/packages-multi-arch/ubuntu2404 stable/main amd64 amdrocm-rand7.14-gfx1030 amd64 7.14.0-3 [1,321 kB]
Get:157 https://repo.amd.com/rocm/packages-multi-arch/ubuntu2404 stable/main amd64 amdrocm-fft7.14-gfx1030 amd64 7.14.0-3 [3,960 B]
Get:158 https://repo.amd.com/rocm/packages-multi-arch/ubuntu2404 stable/main amd64 amdrocm-dnn-host7.14 amd64 7.14.0-3 [10.9 MB]
Get:159 https://repo.amd.com/rocm/packages-multi-arch/ubuntu2404 stable/main amd64 amdrocm-dnn7.14-gfx1030 amd64 7.14.0-3 [393 MB]
Get:160 https://repo.amd.com/rocm/packages-multi-arch/ubuntu2404 stable/main amd64 amdrocm-rccl7.14-gfx1030 amd64 7.14.0-3 [16.6 MB]
Get:161 https://repo.amd.com/rocm/packages-multi-arch/ubuntu2404 stable/main amd64 amdrocm-core7.14-gfx1030 amd64 7.14.0-3 [2,928 B]
Get:162 https://repo.amd.com/rocm/packages-multi-arch/ubuntu2404 stable/main amd64 amdrocm-core-dev7.14-gfx1030 amd64 7.14.0-3 [2,584 B]
Get:163 https://repo.amd.com/rocm/packages-multi-arch/ubuntu2404 stable/main amd64 amdrocm-rand7.14-gfx1031 amd64 7.14.0-3 [1,303 kB]
Get:164 https://repo.amd.com/rocm/packages-multi-arch/ubuntu2404 stable/main amd64 amdrocm-fft7.14-gfx1031 amd64 7.14.0-3 [3,960 B]
Get:165 https://repo.amd.com/rocm/packages-multi-arch/ubuntu2404 stable/main amd64 amdrocm-rccl7.14-gfx1031 amd64 7.14.0-3 [16.6 MB]
Get:166 https://repo.amd.com/rocm/packages-multi-arch/ubuntu2404 stable/main amd64 amdrocm-core7.14-gfx1031 amd64 7.14.0-3 [2,928 B]
Get:167 https://repo.amd.com/rocm/packages-multi-arch/ubuntu2404 stable/main amd64 amdrocm-core-dev7.14-gfx1031 amd64 7.14.0-3 [2,584 B]
Get:168 https://repo.amd.com/rocm/packages-multi-arch/ubuntu2404 stable/main amd64 amdrocm-rand7.14-gfx1032 amd64 7.14.0-3 [1,303 kB]
Get:169 https://repo.amd.com/rocm/packages-multi-arch/ubuntu2404 stable/main amd64 amdrocm-fft7.14-gfx1032 amd64 7.14.0-3 [3,960 B]
Get:170 https://repo.amd.com/rocm/packages-multi-arch/ubuntu2404 stable/main amd64 amdrocm-rccl7.14-gfx1032 amd64 7.14.0-3 [16.6 MB]
Get:171 https://repo.amd.com/rocm/packages-multi-arch/ubuntu2404 stable/main amd64 amdrocm-core7.14-gfx1032 amd64 7.14.0-3 [2,928 B]
Get:172 https://repo.amd.com/rocm/packages-multi-arch/ubuntu2404 stable/main amd64 amdrocm-core-dev7.14-gfx1032 amd64 7.14.0-3 [2,584 B]
Get:173 https://repo.amd.com/rocm/packages-multi-arch/ubuntu2404 stable/main amd64 amdrocm-rand7.14-gfx1033 amd64 7.14.0-3 [1,303 kB]
Get:174 https://repo.amd.com/rocm/packages-multi-arch/ubuntu2404 stable/main amd64 amdrocm-fft7.14-gfx1033 amd64 7.14.0-3 [3,968 B]
Get:175 https://repo.amd.com/rocm/packages-multi-arch/ubuntu2404 stable/main amd64 amdrocm-rccl7.14-gfx1033 amd64 7.14.0-3 [16.6 MB]
Get:176 https://repo.amd.com/rocm/packages-multi-arch/ubuntu2404 stable/main amd64 amdrocm-core7.14-gfx1033 amd64 7.14.0-3 [2,928 B]
Get:177 https://repo.amd.com/rocm/packages-multi-arch/ubuntu2404 stable/main amd64 amdrocm-core-dev7.14-gfx1033 amd64 7.14.0-3 [2,584 B]
Get:178 https://repo.amd.com/rocm/packages-multi-arch/ubuntu2404 stable/main amd64 amdrocm-rand7.14-gfx1034 amd64 7.14.0-3 [1,303 kB]
Get:179 https://repo.amd.com/rocm/packages-multi-arch/ubuntu2404 stable/main amd64 amdrocm-fft7.14-gfx1034 amd64 7.14.0-3 [3,964 B]
Get:180 https://repo.amd.com/rocm/packages-multi-arch/ubuntu2404 stable/main amd64 amdrocm-rccl7.14-gfx1034 amd64 7.14.0-3 [16.6 MB]
Get:181 https://repo.amd.com/rocm/packages-multi-arch/ubuntu2404 stable/main amd64 amdrocm-core7.14-gfx1034 amd64 7.14.0-3 [2,928 B]
Get:182 https://repo.amd.com/rocm/packages-multi-arch/ubuntu2404 stable/main amd64 amdrocm-core-dev7.14-gfx1034 amd64 7.14.0-3 [2,584 B]
Get:183 https://repo.amd.com/rocm/packages-multi-arch/ubuntu2404 stable/main amd64 amdrocm-rand7.14-gfx1035 amd64 7.14.0-3 [1,303 kB]
Get:184 https://repo.amd.com/rocm/packages-multi-arch/ubuntu2404 stable/main amd64 amdrocm-fft7.14-gfx1035 amd64 7.14.0-3 [3,968 B]
Get:185 https://repo.amd.com/rocm/packages-multi-arch/ubuntu2404 stable/main amd64 amdrocm-rccl7.14-gfx1035 amd64 7.14.0-3 [16.6 MB]
Get:186 https://repo.amd.com/rocm/packages-multi-arch/ubuntu2404 stable/main amd64 amdrocm-core7.14-gfx1035 amd64 7.14.0-3 [2,924 B]
Get:187 https://repo.amd.com/rocm/packages-multi-arch/ubuntu2404 stable/main amd64 amdrocm-core-dev7.14-gfx1035 amd64 7.14.0-3 [2,584 B]
Get:188 https://repo.amd.com/rocm/packages-multi-arch/ubuntu2404 stable/main amd64 amdrocm-rand7.14-gfx1036 amd64 7.14.0-3 [1,303 kB]
Get:189 https://repo.amd.com/rocm/packages-multi-arch/ubuntu2404 stable/main amd64 amdrocm-fft7.14-gfx1036 amd64 7.14.0-3 [3,964 B]
Get:190 https://repo.amd.com/rocm/packages-multi-arch/ubuntu2404 stable/main amd64 amdrocm-rccl7.14-gfx1036 amd64 7.14.0-3 [16.6 MB]
Get:191 https://repo.amd.com/rocm/packages-multi-arch/ubuntu2404 stable/main amd64 amdrocm-core7.14-gfx1036 amd64 7.14.0-3 [2,928 B]
Get:192 https://repo.amd.com/rocm/packages-multi-arch/ubuntu2404 stable/main amd64 amdrocm-core-dev7.14-gfx1036 amd64 7.14.0-3 [2,588 B]
Get:193 https://repo.amd.com/rocm/packages-multi-arch/ubuntu2404 stable/main amd64 amdrocm-rand7.14-gfx1100 amd64 7.14.0-3 [1,436 kB]
Get:194 https://repo.amd.com/rocm/packages-multi-arch/ubuntu2404 stable/main amd64 amdrocm-fft7.14-gfx1100 amd64 7.14.0-3 [3,960 B]
Get:195 https://repo.amd.com/rocm/packages-multi-arch/ubuntu2404 stable/main amd64 amdrocm-dnn7.14-gfx1100 amd64 7.14.0-3 [112 MB]
Get:196 https://repo.amd.com/rocm/packages-multi-arch/ubuntu2404 stable/main amd64 amdrocm-rccl7.14-gfx1100 amd64 7.14.0-3 [19.5 MB]
Get:197 https://repo.amd.com/rocm/packages-multi-arch/ubuntu2404 stable/main amd64 amdrocm-core7.14-gfx1100 amd64 7.14.0-3 [2,932 B]
Get:198 https://repo.amd.com/rocm/packages-multi-arch/ubuntu2404 stable/main amd64 amdrocm-core-dev7.14-gfx1100 amd64 7.14.0-3 [2,584 B]
Get:199 https://repo.amd.com/rocm/packages-multi-arch/ubuntu2404 stable/main amd64 amdrocm-rand7.14-gfx1101 amd64 7.14.0-3 [1,420 kB]
Get:200 https://repo.amd.com/rocm/packages-multi-arch/ubuntu2404 stable/main amd64 amdrocm-fft7.14-gfx1101 amd64 7.14.0-3 [3,960 B]
Get:201 https://repo.amd.com/rocm/packages-multi-arch/ubuntu2404 stable/main amd64 amdrocm-dnn7.14-gfx1101 amd64 7.14.0-3 [112 MB]
Get:202 https://repo.amd.com/rocm/packages-multi-arch/ubuntu2404 stable/main amd64 amdrocm-rccl7.14-gfx1101 amd64 7.14.0-3 [19.5 MB]
Get:203 https://repo.amd.com/rocm/packages-multi-arch/ubuntu2404 stable/main amd64 amdrocm-core7.14-gfx1101 amd64 7.14.0-3 [2,928 B]
Get:204 https://repo.amd.com/rocm/packages-multi-arch/ubuntu2404 stable/main amd64 amdrocm-core-dev7.14-gfx1101 amd64 7.14.0-3 [2,584 B]
Get:205 https://repo.amd.com/rocm/packages-multi-arch/ubuntu2404 stable/main amd64 amdrocm-rand7.14-gfx1102 amd64 7.14.0-3 [1,418 kB]
Get:206 https://repo.amd.com/rocm/packages-multi-arch/ubuntu2404 stable/main amd64 amdrocm-fft7.14-gfx1102 amd64 7.14.0-3 [3,960 B]
Get:207 https://repo.amd.com/rocm/packages-multi-arch/ubuntu2404 stable/main amd64 amdrocm-dnn7.14-gfx1102 amd64 7.14.0-3 [112 MB]
Get:208 https://repo.amd.com/rocm/packages-multi-arch/ubuntu2404 stable/main amd64 amdrocm-rccl7.14-gfx1102 amd64 7.14.0-3 [19.4 MB]
Get:209 https://repo.amd.com/rocm/packages-multi-arch/ubuntu2404 stable/main amd64 amdrocm-core7.14-gfx1102 amd64 7.14.0-3 [2,928 B]
Get:210 https://repo.amd.com/rocm/packages-multi-arch/ubuntu2404 stable/main amd64 amdrocm-core-dev7.14-gfx1102 amd64 7.14.0-3 [2,584 B]
Get:211 https://repo.amd.com/rocm/packages-multi-arch/ubuntu2404 stable/main amd64 amdrocm-rand7.14-gfx1103 amd64 7.14.0-3 [1,404 kB]
Get:212 https://repo.amd.com/rocm/packages-multi-arch/ubuntu2404 stable/main amd64 amdrocm-fft7.14-gfx1103 amd64 7.14.0-3 [3,948 B]
Get:213 https://repo.amd.com/rocm/packages-multi-arch/ubuntu2404 stable/main amd64 amdrocm-core7.14-gfx1103 amd64 7.14.0-3 [2,928 B]
Get:214 https://repo.amd.com/rocm/packages-multi-arch/ubuntu2404 stable/main amd64 amdrocm-core-dev7.14-gfx1103 amd64 7.14.0-3 [2,584 B]
Get:215 https://repo.amd.com/rocm/packages-multi-arch/ubuntu2404 stable/main amd64 amdrocm-rand7.14-gfx1150 amd64 7.14.0-3 [1,499 kB]
Get:216 https://repo.amd.com/rocm/packages-multi-arch/ubuntu2404 stable/main amd64 amdrocm-fft7.14-gfx1150 amd64 7.14.0-3 [3,956 B]
Get:217 https://repo.amd.com/rocm/packages-multi-arch/ubuntu2404 stable/main amd64 amdrocm-dnn7.14-gfx1150 amd64 7.14.0-3 [69.9 MB]
Get:218 https://repo.amd.com/rocm/packages-multi-arch/ubuntu2404 stable/main amd64 amdrocm-core7.14-gfx1150 amd64 7.14.0-3 [2,928 B]
Get:219 https://repo.amd.com/rocm/packages-multi-arch/ubuntu2404 stable/main amd64 amdrocm-core-dev7.14-gfx1150 amd64 7.14.0-3 [2,584 B]
Get:220 https://repo.amd.com/rocm/packages-multi-arch/ubuntu2404 stable/main amd64 amdrocm-rand7.14-gfx1151 amd64 7.14.0-3 [1,415 kB]
Get:221 https://repo.amd.com/rocm/packages-multi-arch/ubuntu2404 stable/main amd64 amdrocm-fft7.14-gfx1151 amd64 7.14.0-3 [3,968 B]
Get:222 https://repo.amd.com/rocm/packages-multi-arch/ubuntu2404 stable/main amd64 amdrocm-dnn7.14-gfx1151 amd64 7.14.0-3 [70.0 MB]
Get:223 https://repo.amd.com/rocm/packages-multi-arch/ubuntu2404 stable/main amd64 amdrocm-rccl7.14-gfx1151 amd64 7.14.0-3 [19.5 MB]
Get:224 https://repo.amd.com/rocm/packages-multi-arch/ubuntu2404 stable/main amd64 amdrocm-core7.14-gfx1151 amd64 7.14.0-3 [2,928 B]
Get:225 https://repo.amd.com/rocm/packages-multi-arch/ubuntu2404 stable/main amd64 amdrocm-core-dev7.14-gfx1151 amd64 7.14.0-3 [2,584 B]
Get:226 https://repo.amd.com/rocm/packages-multi-arch/ubuntu2404 stable/main amd64 amdrocm-rand7.14-gfx1152 amd64 7.14.0-3 [1,402 kB]
Get:227 https://repo.amd.com/rocm/packages-multi-arch/ubuntu2404 stable/main amd64 amdrocm-fft7.14-gfx1152 amd64 7.14.0-3 [3,972 B]
Get:228 https://repo.amd.com/rocm/packages-multi-arch/ubuntu2404 stable/main amd64 amdrocm-dnn7.14-gfx1152 amd64 7.14.0-3 [70.0 MB]
Get:229 https://repo.amd.com/rocm/packages-multi-arch/ubuntu2404 stable/main amd64 amdrocm-core7.14-gfx1152 amd64 7.14.0-3 [2,924 B]
Get:230 https://repo.amd.com/rocm/packages-multi-arch/ubuntu2404 stable/main amd64 amdrocm-core-dev7.14-gfx1152 amd64 7.14.0-3 [2,584 B]
Get:231 https://repo.amd.com/rocm/packages-multi-arch/ubuntu2404 stable/main amd64 amdrocm-rand7.14-gfx1153 amd64 7.14.0-3 [1,401 kB]
Get:232 https://repo.amd.com/rocm/packages-multi-arch/ubuntu2404 stable/main amd64 amdrocm-fft7.14-gfx1153 amd64 7.14.0-3 [3,968 B]
Get:233 https://repo.amd.com/rocm/packages-multi-arch/ubuntu2404 stable/main amd64 amdrocm-dnn7.14-gfx1153 amd64 7.14.0-3 [70.0 MB]
Get:234 https://repo.amd.com/rocm/packages-multi-arch/ubuntu2404 stable/main amd64 amdrocm-core7.14-gfx1153 amd64 7.14.0-3 [2,928 B]
Get:235 https://repo.amd.com/rocm/packages-multi-arch/ubuntu2404 stable/main amd64 amdrocm-core-dev7.14-gfx1153 amd64 7.14.0-3 [2,592 B]
Get:236 https://repo.amd.com/rocm/packages-multi-arch/ubuntu2404 stable/main amd64 amdrocm-rand7.14-gfx1200 amd64 7.14.0-3 [1,418 kB]
Get:237 https://repo.amd.com/rocm/packages-multi-arch/ubuntu2404 stable/main amd64 amdrocm-fft7.14-gfx1200 amd64 7.14.0-3 [3,988 B]
Get:238 https://repo.amd.com/rocm/packages-multi-arch/ubuntu2404 stable/main amd64 amdrocm-dnn7.14-gfx1200 amd64 7.14.0-3 [85.3 MB]
Get:239 https://repo.amd.com/rocm/packages-multi-arch/ubuntu2404 stable/main amd64 amdrocm-rccl7.14-gfx1200 amd64 7.14.0-3 [13.1 MB]
Get:240 https://repo.amd.com/rocm/packages-multi-arch/ubuntu2404 stable/main amd64 amdrocm-core7.14-gfx1200 amd64 7.14.0-3 [2,932 B]
Get:241 https://repo.amd.com/rocm/packages-multi-arch/ubuntu2404 stable/main amd64 amdrocm-core-dev7.14-gfx1200 amd64 7.14.0-3 [2,584 B]
Get:242 https://repo.amd.com/rocm/packages-multi-arch/ubuntu2404 stable/main amd64 amdrocm-rand7.14-gfx1201 amd64 7.14.0-3 [1,624 kB]
Get:243 https://repo.amd.com/rocm/packages-multi-arch/ubuntu2404 stable/main amd64 amdrocm-fft7.14-gfx1201 amd64 7.14.0-3 [3,992 B]
Get:244 https://repo.amd.com/rocm/packages-multi-arch/ubuntu2404 stable/main amd64 amdrocm-dnn7.14-gfx1201 amd64 7.14.0-3 [85.3 MB]
Get:245 https://repo.amd.com/rocm/packages-multi-arch/ubuntu2404 stable/main amd64 amdrocm-rccl7.14-gfx1201 amd64 7.14.0-3 [13.1 MB]
Get:246 https://repo.amd.com/rocm/packages-multi-arch/ubuntu2404 stable/main amd64 amdrocm-core7.14-gfx1201 amd64 7.14.0-3 [2,928 B]
Get:247 https://repo.amd.com/rocm/packages-multi-arch/ubuntu2404 stable/main amd64 amdrocm-core-dev7.14-gfx1201 amd64 7.14.0-3 [2,580 B]
Get:248 https://repo.amd.com/rocm/packages-multi-arch/ubuntu2404 stable/main amd64 amdrocm-rand7.14-gfx1250 amd64 7.14.0-3 [1,392 kB]
Get:249 https://repo.amd.com/rocm/packages-multi-arch/ubuntu2404 stable/main amd64 amdrocm-fft7.14-gfx1250 amd64 7.14.0-3 [3,980 B]
Get:250 https://repo.amd.com/rocm/packages-multi-arch/ubuntu2404 stable/main amd64 amdrocm-rccl7.14-gfx1250 amd64 7.14.0-3 [26.6 MB]
Get:251 https://repo.amd.com/rocm/packages-multi-arch/ubuntu2404 stable/main amd64 amdrocm-core7.14-gfx1250 amd64 7.14.0-3 [2,928 B]
Get:252 https://repo.amd.com/rocm/packages-multi-arch/ubuntu2404 stable/main amd64 amdrocm-core-dev7.14-gfx1250 amd64 7.14.0-3 [2,584 B]
Get:253 https://repo.amd.com/rocm/packages-multi-arch/ubuntu2404 stable/main amd64 amdrocm-rand7.14-gfx908 amd64 7.14.0-3 [1,367 kB]
Get:254 https://repo.amd.com/rocm/packages-multi-arch/ubuntu2404 stable/main amd64 amdrocm-fft7.14-gfx908 amd64 7.14.0-3 [3,952 B]
Get:255 https://repo.amd.com/rocm/packages-multi-arch/ubuntu2404 stable/main amd64 amdrocm-dnn7.14-gfx908 amd64 7.14.0-3 [202 MB]
Get:256 https://repo.amd.com/rocm/packages-multi-arch/ubuntu2404 stable/main amd64 amdrocm-rccl7.14-gfx908 amd64 7.14.0-3 [15.2 MB]
Get:257 https://repo.amd.com/rocm/packages-multi-arch/ubuntu2404 stable/main amd64 amdrocm-core7.14-gfx908 amd64 7.14.0-3 [2,932 B]
Get:258 https://repo.amd.com/rocm/packages-multi-arch/ubuntu2404 stable/main amd64 amdrocm-core-dev7.14-gfx908 amd64 7.14.0-3 [2,588 B]
Get:259 https://repo.amd.com/rocm/packages-multi-arch/ubuntu2404 stable/main amd64 amdrocm-rand7.14-gfx90a amd64 7.14.0-3 [1,313 kB]
Get:260 https://repo.amd.com/rocm/packages-multi-arch/ubuntu2404 stable/main amd64 amdrocm-fft7.14-gfx90a amd64 7.14.0-3 [3,956 B]
Get:261 https://repo.amd.com/rocm/packages-multi-arch/ubuntu2404 stable/main amd64 amdrocm-dnn7.14-gfx90a amd64 7.14.0-3 [242 MB]
Get:262 https://repo.amd.com/rocm/packages-multi-arch/ubuntu2404 stable/main amd64 amdrocm-rccl7.14-gfx90a amd64 7.14.0-3 [16.8 MB]
Get:263 https://repo.amd.com/rocm/packages-multi-arch/ubuntu2404 stable/main amd64 amdrocm-core7.14-gfx90a amd64 7.14.0-3 [2,936 B]
Get:264 https://repo.amd.com/rocm/packages-multi-arch/ubuntu2404 stable/main amd64 amdrocm-core-dev7.14-gfx90a amd64 7.14.0-3 [2,584 B]
Get:265 https://repo.amd.com/rocm/packages-multi-arch/ubuntu2404 stable/main amd64 amdrocm-rand7.14-gfx942 amd64 7.14.0-3 [1,235 kB]
Get:266 https://repo.amd.com/rocm/packages-multi-arch/ubuntu2404 stable/main amd64 amdrocm-fft7.14-gfx942 amd64 7.14.0-3 [3,928 B]
Get:267 https://repo.amd.com/rocm/packages-multi-arch/ubuntu2404 stable/main amd64 amdrocm-dnn7.14-gfx942 amd64 7.14.0-3 [120 MB]
Get:268 https://repo.amd.com/rocm/packages-multi-arch/ubuntu2404 stable/main amd64 amdrocm-rccl7.14-gfx942 amd64 7.14.0-3 [28.0 MB]
Get:269 https://repo.amd.com/rocm/packages-multi-arch/ubuntu2404 stable/main amd64 amdrocm-core7.14-gfx942 amd64 7.14.0-3 [2,936 B]
Get:270 https://repo.amd.com/rocm/packages-multi-arch/ubuntu2404 stable/main amd64 amdrocm-core-dev7.14-gfx942 amd64 7.14.0-3 [2,584 B]
Get:271 https://repo.amd.com/rocm/packages-multi-arch/ubuntu2404 stable/main amd64 amdrocm-rand7.14-gfx950 amd64 7.14.0-3 [1,204 kB]
Get:272 https://repo.amd.com/rocm/packages-multi-arch/ubuntu2404 stable/main amd64 amdrocm-fft7.14-gfx950 amd64 7.14.0-3 [3,924 B]
Get:273 https://repo.amd.com/rocm/packages-multi-arch/ubuntu2404 stable/main amd64 amdrocm-dnn7.14-gfx950 amd64 7.14.0-3 [103 MB]
Get:274 https://repo.amd.com/rocm/packages-multi-arch/ubuntu2404 stable/main amd64 amdrocm-rccl7.14-gfx950 amd64 7.14.0-3 [26.4 MB]
Get:275 https://repo.amd.com/rocm/packages-multi-arch/ubuntu2404 stable/main amd64 amdrocm-core7.14-gfx950 amd64 7.14.0-3 [2,936 B]
Get:276 https://repo.amd.com/rocm/packages-multi-arch/ubuntu2404 stable/main amd64 amdrocm-core-dev7.14-gfx950 amd64 7.14.0-3 [2,580 B]
Get:277 https://repo.amd.com/rocm/packages-multi-arch/ubuntu2404 stable/main amd64 amdrocm-profiler7.14 amd64 7.14.0-3 [22.8 MB]
Get:278 https://repo.amd.com/rocm/packages-multi-arch/ubuntu2404 stable/main amd64 amdrocm-emulation7.14 amd64 7.14.0-3 [6,730 kB]
Get:279 https://repo.amd.com/rocm/packages-multi-arch/ubuntu2404 stable/main amd64 amdrocm-developer-tools7.14 amd64 7.14.0-3 [1,248 B]
Get:280 https://repo.amd.com/rocm/packages-multi-arch/ubuntu2404 stable/main amd64 amdrocm-rdc7.14 amd64 7.14.0-3 [29.9 MB]
Get:281 https://repo.amd.com/rocm/packages-multi-arch/ubuntu2404 stable/main amd64 amdrocm-core-sdk7.14-gfx1010 amd64 7.14.0-3 [1,260 B]
Get:282 https://repo.amd.com/rocm/packages-multi-arch/ubuntu2404 stable/main amd64 amdrocm-core-sdk7.14-gfx1011 amd64 7.14.0-3 [1,256 B]
Get:283 https://repo.amd.com/rocm/packages-multi-arch/ubuntu2404 stable/main amd64 amdrocm-core-sdk7.14-gfx1012 amd64 7.14.0-3 [1,256 B]
Get:284 https://repo.amd.com/rocm/packages-multi-arch/ubuntu2404 stable/main amd64 amdrocm-core-sdk7.14-gfx1030 amd64 7.14.0-3 [1,256 B]
Get:285 https://repo.amd.com/rocm/packages-multi-arch/ubuntu2404 stable/main amd64 amdrocm-core-sdk7.14-gfx1031 amd64 7.14.0-3 [1,252 B]
Get:286 https://repo.amd.com/rocm/packages-multi-arch/ubuntu2404 stable/main amd64 amdrocm-core-sdk7.14-gfx1032 amd64 7.14.0-3 [1,260 B]
Get:287 https://repo.amd.com/rocm/packages-multi-arch/ubuntu2404 stable/main amd64 amdrocm-core-sdk7.14-gfx1033 amd64 7.14.0-3 [1,256 B]
Get:288 https://repo.amd.com/rocm/packages-multi-arch/ubuntu2404 stable/main amd64 amdrocm-core-sdk7.14-gfx1034 amd64 7.14.0-3 [1,256 B]
Get:289 https://repo.amd.com/rocm/packages-multi-arch/ubuntu2404 stable/main amd64 amdrocm-core-sdk7.14-gfx1035 amd64 7.14.0-3 [1,256 B]
Get:290 https://repo.amd.com/rocm/packages-multi-arch/ubuntu2404 stable/main amd64 amdrocm-core-sdk7.14-gfx1036 amd64 7.14.0-3 [1,256 B]
Get:291 https://repo.amd.com/rocm/packages-multi-arch/ubuntu2404 stable/main amd64 amdrocm-core-sdk7.14-gfx1100 amd64 7.14.0-3 [1,256 B]
Get:292 https://repo.amd.com/rocm/packages-multi-arch/ubuntu2404 stable/main amd64 amdrocm-core-sdk7.14-gfx1101 amd64 7.14.0-3 [1,260 B]
Get:293 https://repo.amd.com/rocm/packages-multi-arch/ubuntu2404 stable/main amd64 amdrocm-core-sdk7.14-gfx1102 amd64 7.14.0-3 [1,256 B]
Get:294 https://repo.amd.com/rocm/packages-multi-arch/ubuntu2404 stable/main amd64 amdrocm-core-sdk7.14-gfx1103 amd64 7.14.0-3 [1,256 B]
Get:295 https://repo.amd.com/rocm/packages-multi-arch/ubuntu2404 stable/main amd64 amdrocm-core-sdk7.14-gfx1150 amd64 7.14.0-3 [1,256 B]
Get:296 https://repo.amd.com/rocm/packages-multi-arch/ubuntu2404 stable/main amd64 amdrocm-core-sdk7.14-gfx1151 amd64 7.14.0-3 [1,256 B]
Get:297 https://repo.amd.com/rocm/packages-multi-arch/ubuntu2404 stable/main amd64 amdrocm-core-sdk7.14-gfx1152 amd64 7.14.0-3 [1,260 B]
Get:298 https://repo.amd.com/rocm/packages-multi-arch/ubuntu2404 stable/main amd64 amdrocm-core-sdk7.14-gfx1153 amd64 7.14.0-3 [1,256 B]
Get:299 https://repo.amd.com/rocm/packages-multi-arch/ubuntu2404 stable/main amd64 amdrocm-core-sdk7.14-gfx1200 amd64 7.14.0-3 [1,260 B]
Get:300 https://repo.amd.com/rocm/packages-multi-arch/ubuntu2404 stable/main amd64 amdrocm-core-sdk7.14-gfx1201 amd64 7.14.0-3 [1,256 B]
Get:301 https://repo.amd.com/rocm/packages-multi-arch/ubuntu2404 stable/main amd64 amdrocm-core-sdk7.14-gfx1250 amd64 7.14.0-3 [1,256 B]
Get:302 https://repo.amd.com/rocm/packages-multi-arch/ubuntu2404 stable/main amd64 amdrocm-core-sdk7.14-gfx908 amd64 7.14.0-3 [1,256 B]
Get:303 https://repo.amd.com/rocm/packages-multi-arch/ubuntu2404 stable/main amd64 amdrocm-core-sdk7.14-gfx90a amd64 7.14.0-3 [1,256 B]
Get:304 https://repo.amd.com/rocm/packages-multi-arch/ubuntu2404 stable/main amd64 amdrocm-core-sdk7.14-gfx942 amd64 7.14.0-3 [1,256 B]
Get:305 https://repo.amd.com/rocm/packages-multi-arch/ubuntu2404 stable/main amd64 amdrocm-core-sdk7.14-gfx950 amd64 7.14.0-3 [1,256 B]
Get:306 https://repo.amd.com/rocm/packages-multi-arch/ubuntu2404 stable/main amd64 amdrocm-core-sdk7.14 amd64 7.14.0-3 [1,292 B]
Fetched 6,451 MB in 6min 10s (17.4 MB/s)
Selecting previously unselected package amdrocm-sysdeps7.14.
(Reading database ... 
(Reading database ... 5%
(Reading database ... 10%
(Reading database ... 15%
(Reading database ... 20%
(Reading database ... 25%
(Reading database ... 30%
(Reading database ... 35%
(Reading database ... 40%
(Reading database ... 45%
(Reading database ... 50%
(Reading database ... 55%
(Reading database ... 60%
(Reading database ... 65%
(Reading database ... 70%
(Reading database ... 75%
(Reading database ... 80%
(Reading database ... 85%
(Reading database ... 90%
(Reading database ... 95%
(Reading database ... 100%
(Reading database ... 158246 files and directories currently installed.)
Preparing to unpack .../000-amdrocm-sysdeps7.14_7.14.0-3_amd64.deb ...
Unpacking amdrocm-sysdeps7.14 (7.14.0-3) ...
Selecting previously unselected package amdrocm-amdsmi7.14.
Preparing to unpack .../001-amdrocm-amdsmi7.14_7.14.0-3_amd64.deb ...
Unpacking amdrocm-amdsmi7.14 (7.14.0-3) ...
Selecting previously unselected package amdrocm-llvm7.14.
Preparing to unpack .../002-amdrocm-llvm7.14_7.14.0-3_amd64.deb ...
Unpacking amdrocm-llvm7.14 (7.14.0-3) ...
Selecting previously unselected package amdrocm-runtime7.14.
Preparing to unpack .../003-amdrocm-runtime7.14_7.14.0-3_amd64.deb ...
Unpacking amdrocm-runtime7.14 (7.14.0-3) ...
Selecting previously unselected package amdrocm-base7.14.
Preparing to unpack .../004-amdrocm-base7.14_7.14.0-3_amd64.deb ...
Unpacking amdrocm-base7.14 (7.14.0-3) ...
Selecting previously unselected package amdrocm-blas-dev7.14.
Preparing to unpack .../005-amdrocm-blas-dev7.14_7.14.0-3_amd64.deb ...
Unpacking amdrocm-blas-dev7.14 (7.14.0-3) ...
Selecting previously unselected package amdrocm-profiler-base7.14.
Preparing to unpack .../006-amdrocm-profiler-base7.14_7.14.0-3_amd64.deb ...
Unpacking amdrocm-profiler-base7.14 (7.14.0-3) ...
Selecting previously unselected package amdrocm-blas-host7.14.
Preparing to unpack .../007-amdrocm-blas-host7.14_7.14.0-3_amd64.deb ...
Unpacking amdrocm-blas-host7.14 (7.14.0-3) ...
Selecting previously unselected package amdrocm-math-common7.14.
Preparing to unpack .../008-amdrocm-math-common7.14_7.14.0-3_amd64.deb ...
Unpacking amdrocm-math-common7.14 (7.14.0-3) ...
Selecting previously unselected package amdrocm-solver-host7.14.
Preparing to unpack .../009-amdrocm-solver-host7.14_7.14.0-3_amd64.deb ...
Unpacking amdrocm-solver-host7.14 (7.14.0-3) ...
Selecting previously unselected package amdrocm-sparse-host7.14.
Preparing to unpack .../010-amdrocm-sparse-host7.14_7.14.0-3_amd64.deb ...
Unpacking amdrocm-sparse-host7.14 (7.14.0-3) ...
Selecting previously unselected package amdrocm-sparse7.14-gfx1010.
Preparing to unpack .../011-amdrocm-sparse7.14-gfx1010_7.14.0-3_amd64.deb ...
Unpacking amdrocm-sparse7.14-gfx1010 (7.14.0-3) ...
Selecting previously unselected package amdrocm-solver7.14-gfx1010.
Preparing to unpack .../012-amdrocm-solver7.14-gfx1010_7.14.0-3_amd64.deb ...
Unpacking amdrocm-solver7.14-gfx1010 (7.14.0-3) ...
Selecting previously unselected package amdrocm-blas7.14-gfx1010.
Preparing to unpack .../013-amdrocm-blas7.14-gfx1010_7.14.0-3_amd64.deb ...
Unpacking amdrocm-blas7.14-gfx1010 (7.14.0-3) ...
Selecting previously unselected package amdrocm-sparse7.14-gfx1011.
Preparing to unpack .../014-amdrocm-sparse7.14-gfx1011_7.14.0-3_amd64.deb ...
Unpacking amdrocm-sparse7.14-gfx1011 (7.14.0-3) ...
Selecting previously unselected package amdrocm-solver7.14-gfx1011.
Preparing to unpack .../015-amdrocm-solver7.14-gfx1011_7.14.0-3_amd64.deb ...
Unpacking amdrocm-solver7.14-gfx1011 (7.14.0-3) ...
Selecting previously unselected package amdrocm-blas7.14-gfx1011.
Preparing to unpack .../016-amdrocm-blas7.14-gfx1011_7.14.0-3_amd64.deb ...
Unpacking amdrocm-blas7.14-gfx1011 (7.14.0-3) ...
Selecting previously unselected package amdrocm-sparse7.14-gfx1012.
Preparing to unpack .../017-amdrocm-sparse7.14-gfx1012_7.14.0-3_amd64.deb ...
Unpacking amdrocm-sparse7.14-gfx1012 (7.14.0-3) ...
Selecting previously unselected package amdrocm-solver7.14-gfx1012.
Preparing to unpack .../018-amdrocm-solver7.14-gfx1012_7.14.0-3_amd64.deb ...
Unpacking amdrocm-solver7.14-gfx1012 (7.14.0-3) ...
Selecting previously unselected package amdrocm-blas7.14-gfx1012.
Preparing to unpack .../019-amdrocm-blas7.14-gfx1012_7.14.0-3_amd64.deb ...
Unpacking amdrocm-blas7.14-gfx1012 (7.14.0-3) ...
Selecting previously unselected package amdrocm-sparse7.14-gfx1030.
Preparing to unpack .../020-amdrocm-sparse7.14-gfx1030_7.14.0-3_amd64.deb ...
Unpacking amdrocm-sparse7.14-gfx1030 (7.14.0-3) ...
Selecting previously unselected package amdrocm-solver7.14-gfx1030.
Preparing to unpack .../021-amdrocm-solver7.14-gfx1030_7.14.0-3_amd64.deb ...
Unpacking amdrocm-solver7.14-gfx1030 (7.14.0-3) ...
Selecting previously unselected package amdrocm-blas7.14-gfx1030.
Preparing to unpack .../022-amdrocm-blas7.14-gfx1030_7.14.0-3_amd64.deb ...
Unpacking amdrocm-blas7.14-gfx1030 (7.14.0-3) ...
Selecting previously unselected package amdrocm-sparse7.14-gfx1031.
Preparing to unpack .../023-amdrocm-sparse7.14-gfx1031_7.14.0-3_amd64.deb ...
Unpacking amdrocm-sparse7.14-gfx1031 (7.14.0-3) ...
Selecting previously unselected package amdrocm-solver7.14-gfx1031.
Preparing to unpack .../024-amdrocm-solver7.14-gfx1031_7.14.0-3_amd64.deb ...
Unpacking amdrocm-solver7.14-gfx1031 (7.14.0-3) ...
Selecting previously unselected package amdrocm-blas7.14-gfx1031.
Preparing to unpack .../025-amdrocm-blas7.14-gfx1031_7.14.0-3_amd64.deb ...
Unpacking amdrocm-blas7.14-gfx1031 (7.14.0-3) ...
Selecting previously unselected package amdrocm-sparse7.14-gfx1032.
Preparing to unpack .../026-amdrocm-sparse7.14-gfx1032_7.14.0-3_amd64.deb ...
Unpacking amdrocm-sparse7.14-gfx1032 (7.14.0-3) ...
Selecting previously unselected package amdrocm-solver7.14-gfx1032.
Preparing to unpack .../027-amdrocm-solver7.14-gfx1032_7.14.0-3_amd64.deb ...
Unpacking amdrocm-solver7.14-gfx1032 (7.14.0-3) ...
Selecting previously unselected package amdrocm-blas7.14-gfx1032.
Preparing to unpack .../028-amdrocm-blas7.14-gfx1032_7.14.0-3_amd64.deb ...
Unpacking amdrocm-blas7.14-gfx1032 (7.14.0-3) ...
Selecting previously unselected package amdrocm-sparse7.14-gfx1033.
Preparing to unpack .../029-amdrocm-sparse7.14-gfx1033_7.14.0-3_amd64.deb ...
Unpacking amdrocm-sparse7.14-gfx1033 (7.14.0-3) ...
Selecting previously unselected package amdrocm-solver7.14-gfx1033.
Preparing to unpack .../030-amdrocm-solver7.14-gfx1033_7.14.0-3_amd64.deb ...
Unpacking amdrocm-solver7.14-gfx1033 (7.14.0-3) ...
Selecting previously unselected package amdrocm-blas7.14-gfx1033.
Preparing to unpack .../031-amdrocm-blas7.14-gfx1033_7.14.0-3_amd64.deb ...
Unpacking amdrocm-blas7.14-gfx1033 (7.14.0-3) ...
Selecting previously unselected package amdrocm-sparse7.14-gfx1034.
Preparing to unpack .../032-amdrocm-sparse7.14-gfx1034_7.14.0-3_amd64.deb ...
Unpacking amdrocm-sparse7.14-gfx1034 (7.14.0-3) ...
Selecting previously unselected package amdrocm-solver7.14-gfx1034.
Preparing to unpack .../033-amdrocm-solver7.14-gfx1034_7.14.0-3_amd64.deb ...
Unpacking amdrocm-solver7.14-gfx1034 (7.14.0-3) ...
Selecting previously unselected package amdrocm-blas7.14-gfx1034.
Preparing to unpack .../034-amdrocm-blas7.14-gfx1034_7.14.0-3_amd64.deb ...
Unpacking amdrocm-blas7.14-gfx1034 (7.14.0-3) ...
Selecting previously unselected package amdrocm-sparse7.14-gfx1035.
Preparing to unpack .../035-amdrocm-sparse7.14-gfx1035_7.14.0-3_amd64.deb ...
Unpacking amdrocm-sparse7.14-gfx1035 (7.14.0-3) ...
Selecting previously unselected package amdrocm-solver7.14-gfx1035.
Preparing to unpack .../036-amdrocm-solver7.14-gfx1035_7.14.0-3_amd64.deb ...
Unpacking amdrocm-solver7.14-gfx1035 (7.14.0-3) ...
Selecting previously unselected package amdrocm-blas7.14-gfx1035.
Preparing to unpack .../037-amdrocm-blas7.14-gfx1035_7.14.0-3_amd64.deb ...
Unpacking amdrocm-blas7.14-gfx1035 (7.14.0-3) ...
Selecting previously unselected package amdrocm-sparse7.14-gfx1036.
Preparing to unpack .../038-amdrocm-sparse7.14-gfx1036_7.14.0-3_amd64.deb ...
Unpacking amdrocm-sparse7.14-gfx1036 (7.14.0-3) ...
Selecting previously unselected package amdrocm-solver7.14-gfx1036.
Preparing to unpack .../039-amdrocm-solver7.14-gfx1036_7.14.0-3_amd64.deb ...
Unpacking amdrocm-solver7.14-gfx1036 (7.14.0-3) ...
Selecting previously unselected package amdrocm-blas7.14-gfx1036.
Preparing to unpack .../040-amdrocm-blas7.14-gfx1036_7.14.0-3_amd64.deb ...
Unpacking amdrocm-blas7.14-gfx1036 (7.14.0-3) ...
Selecting previously unselected package amdrocm-sparse7.14-gfx1100.
Preparing to unpack .../041-amdrocm-sparse7.14-gfx1100_7.14.0-3_amd64.deb ...
Unpacking amdrocm-sparse7.14-gfx1100 (7.14.0-3) ...
Selecting previously unselected package amdrocm-solver7.14-gfx1100.
Preparing to unpack .../042-amdrocm-solver7.14-gfx1100_7.14.0-3_amd64.deb ...
Unpacking amdrocm-solver7.14-gfx1100 (7.14.0-3) ...
Selecting previously unselected package amdrocm-blas7.14-gfx1100.
Preparing to unpack .../043-amdrocm-blas7.14-gfx1100_7.14.0-3_amd64.deb ...
Unpacking amdrocm-blas7.14-gfx1100 (7.14.0-3) ...
Selecting previously unselected package amdrocm-sparse7.14-gfx1101.
Preparing to unpack .../044-amdrocm-sparse7.14-gfx1101_7.14.0-3_amd64.deb ...
Unpacking amdrocm-sparse7.14-gfx1101 (7.14.0-3) ...
Selecting previously unselected package amdrocm-solver7.14-gfx1101.
Preparing to unpack .../045-amdrocm-solver7.14-gfx1101_7.14.0-3_amd64.deb ...
Unpacking amdrocm-solver7.14-gfx1101 (7.14.0-3) ...
Selecting previously unselected package amdrocm-blas7.14-gfx1101.
Preparing to unpack .../046-amdrocm-blas7.14-gfx1101_7.14.0-3_amd64.deb ...
Unpacking amdrocm-blas7.14-gfx1101 (7.14.0-3) ...
Selecting previously unselected package amdrocm-sparse7.14-gfx1102.
Preparing to unpack .../047-amdrocm-sparse7.14-gfx1102_7.14.0-3_amd64.deb ...
Unpacking amdrocm-sparse7.14-gfx1102 (7.14.0-3) ...
Selecting previously unselected package amdrocm-solver7.14-gfx1102.
Preparing to unpack .../048-amdrocm-solver7.14-gfx1102_7.14.0-3_amd64.deb ...
Unpacking amdrocm-solver7.14-gfx1102 (7.14.0-3) ...
Selecting previously unselected package amdrocm-blas7.14-gfx1102.
Preparing to unpack .../049-amdrocm-blas7.14-gfx1102_7.14.0-3_amd64.deb ...
Unpacking amdrocm-blas7.14-gfx1102 (7.14.0-3) ...
Selecting previously unselected package amdrocm-sparse7.14-gfx1103.
Preparing to unpack .../050-amdrocm-sparse7.14-gfx1103_7.14.0-3_amd64.deb ...
Unpacking amdrocm-sparse7.14-gfx1103 (7.14.0-3) ...
Selecting previously unselected package amdrocm-solver7.14-gfx1103.
Preparing to unpack .../051-amdrocm-solver7.14-gfx1103_7.14.0-3_amd64.deb ...
Unpacking amdrocm-solver7.14-gfx1103 (7.14.0-3) ...
Selecting previously unselected package amdrocm-blas7.14-gfx1103.
Preparing to unpack .../052-amdrocm-blas7.14-gfx1103_7.14.0-3_amd64.deb ...
Unpacking amdrocm-blas7.14-gfx1103 (7.14.0-3) ...
Selecting previously unselected package amdrocm-sparse7.14-gfx1150.
Preparing to unpack .../053-amdrocm-sparse7.14-gfx1150_7.14.0-3_amd64.deb ...
Unpacking amdrocm-sparse7.14-gfx1150 (7.14.0-3) ...
Selecting previously unselected package amdrocm-solver7.14-gfx1150.
Preparing to unpack .../054-amdrocm-solver7.14-gfx1150_7.14.0-3_amd64.deb ...
Unpacking amdrocm-solver7.14-gfx1150 (7.14.0-3) ...
Selecting previously unselected package amdrocm-blas7.14-gfx1150.
Preparing to unpack .../055-amdrocm-blas7.14-gfx1150_7.14.0-3_amd64.deb ...
Unpacking amdrocm-blas7.14-gfx1150 (7.14.0-3) ...
Selecting previously unselected package amdrocm-sparse7.14-gfx1151.
Preparing to unpack .../056-amdrocm-sparse7.14-gfx1151_7.14.0-3_amd64.deb ...
Unpacking amdrocm-sparse7.14-gfx1151 (7.14.0-3) ...
Selecting previously unselected package amdrocm-solver7.14-gfx1151.
Preparing to unpack .../057-amdrocm-solver7.14-gfx1151_7.14.0-3_amd64.deb ...
Unpacking amdrocm-solver7.14-gfx1151 (7.14.0-3) ...
Selecting previously unselected package amdrocm-blas7.14-gfx1151.
Preparing to unpack .../058-amdrocm-blas7.14-gfx1151_7.14.0-3_amd64.deb ...
Unpacking amdrocm-blas7.14-gfx1151 (7.14.0-3) ...
Selecting previously unselected package amdrocm-sparse7.14-gfx1152.
Preparing to unpack .../059-amdrocm-sparse7.14-gfx1152_7.14.0-3_amd64.deb ...
Unpacking amdrocm-sparse7.14-gfx1152 (7.14.0-3) ...
Selecting previously unselected package amdrocm-solver7.14-gfx1152.
Preparing to unpack .../060-amdrocm-solver7.14-gfx1152_7.14.0-3_amd64.deb ...
Unpacking amdrocm-solver7.14-gfx1152 (7.14.0-3) ...
Selecting previously unselected package amdrocm-blas7.14-gfx1152.
Preparing to unpack .../061-amdrocm-blas7.14-gfx1152_7.14.0-3_amd64.deb ...
Unpacking amdrocm-blas7.14-gfx1152 (7.14.0-3) ...
Selecting previously unselected package amdrocm-sparse7.14-gfx1153.
Preparing to unpack .../062-amdrocm-sparse7.14-gfx1153_7.14.0-3_amd64.deb ...
Unpacking amdrocm-sparse7.14-gfx1153 (7.14.0-3) ...
Selecting previously unselected package amdrocm-solver7.14-gfx1153.
Preparing to unpack .../063-amdrocm-solver7.14-gfx1153_7.14.0-3_amd64.deb ...
Unpacking amdrocm-solver7.14-gfx1153 (7.14.0-3) ...
Selecting previously unselected package amdrocm-blas7.14-gfx1153.
Preparing to unpack .../064-amdrocm-blas7.14-gfx1153_7.14.0-3_amd64.deb ...
Unpacking amdrocm-blas7.14-gfx1153 (7.14.0-3) ...
Selecting previously unselected package amdrocm-sparse7.14-gfx1200.
Preparing to unpack .../065-amdrocm-sparse7.14-gfx1200_7.14.0-3_amd64.deb ...
Unpacking amdrocm-sparse7.14-gfx1200 (7.14.0-3) ...
Selecting previously unselected package amdrocm-solver7.14-gfx1200.
Preparing to unpack .../066-amdrocm-solver7.14-gfx1200_7.14.0-3_amd64.deb ...
Unpacking amdrocm-solver7.14-gfx1200 (7.14.0-3) ...
Selecting previously unselected package amdrocm-blas7.14-gfx1200.
Preparing to unpack .../067-amdrocm-blas7.14-gfx1200_7.14.0-3_amd64.deb ...
Unpacking amdrocm-blas7.14-gfx1200 (7.14.0-3) ...
Selecting previously unselected package amdrocm-sparse7.14-gfx1201.
Preparing to unpack .../068-amdrocm-sparse7.14-gfx1201_7.14.0-3_amd64.deb ...
Unpacking amdrocm-sparse7.14-gfx1201 (7.14.0-3) ...
Selecting previously unselected package amdrocm-solver7.14-gfx1201.
Preparing to unpack .../069-amdrocm-solver7.14-gfx1201_7.14.0-3_amd64.deb ...
Unpacking amdrocm-solver7.14-gfx1201 (7.14.0-3) ...
Selecting previously unselected package amdrocm-blas7.14-gfx1201.
Preparing to unpack .../070-amdrocm-blas7.14-gfx1201_7.14.0-3_amd64.deb ...
Unpacking amdrocm-blas7.14-gfx1201 (7.14.0-3) ...
Selecting previously unselected package amdrocm-sparse7.14-gfx1250.
Preparing to unpack .../071-amdrocm-sparse7.14-gfx1250_7.14.0-3_amd64.deb ...
Unpacking amdrocm-sparse7.14-gfx1250 (7.14.0-3) ...
Selecting previously unselected package amdrocm-solver7.14-gfx1250.
Preparing to unpack .../072-amdrocm-solver7.14-gfx1250_7.14.0-3_amd64.deb ...
Unpacking amdrocm-solver7.14-gfx1250 (7.14.0-3) ...
Selecting previously unselected package amdrocm-blas7.14-gfx1250.
Preparing to unpack .../073-amdrocm-blas7.14-gfx1250_7.14.0-3_amd64.deb ...
Unpacking amdrocm-blas7.14-gfx1250 (7.14.0-3) ...
Selecting previously unselected package amdrocm-sparse7.14-gfx908.
Preparing to unpack .../074-amdrocm-sparse7.14-gfx908_7.14.0-3_amd64.deb ...
Unpacking amdrocm-sparse7.14-gfx908 (7.14.0-3) ...
Selecting previously unselected package amdrocm-solver7.14-gfx908.
Preparing to unpack .../075-amdrocm-solver7.14-gfx908_7.14.0-3_amd64.deb ...
Unpacking amdrocm-solver7.14-gfx908 (7.14.0-3) ...
Selecting previously unselected package amdrocm-blas7.14-gfx908.
Preparing to unpack .../076-amdrocm-blas7.14-gfx908_7.14.0-3_amd64.deb ...
Unpacking amdrocm-blas7.14-gfx908 (7.14.0-3) ...
Selecting previously unselected package amdrocm-sparse7.14-gfx90a.
Preparing to unpack .../077-amdrocm-sparse7.14-gfx90a_7.14.0-3_amd64.deb ...
Unpacking amdrocm-sparse7.14-gfx90a (7.14.0-3) ...
Selecting previously unselected package amdrocm-solver7.14-gfx90a.
Preparing to unpack .../078-amdrocm-solver7.14-gfx90a_7.14.0-3_amd64.deb ...
Unpacking amdrocm-solver7.14-gfx90a (7.14.0-3) ...
Selecting previously unselected package amdrocm-blas7.14-gfx90a.
Preparing to unpack .../079-amdrocm-blas7.14-gfx90a_7.14.0-3_amd64.deb ...
Unpacking amdrocm-blas7.14-gfx90a (7.14.0-3) ...
Selecting previously unselected package amdrocm-sparse7.14-gfx942.
Preparing to unpack .../080-amdrocm-sparse7.14-gfx942_7.14.0-3_amd64.deb ...
Unpacking amdrocm-sparse7.14-gfx942 (7.14.0-3) ...
Selecting previously unselected package amdrocm-solver7.14-gfx942.
Preparing to unpack .../081-amdrocm-solver7.14-gfx942_7.14.0-3_amd64.deb ...
Unpacking amdrocm-solver7.14-gfx942 (7.14.0-3) ...
Selecting previously unselected package amdrocm-blas7.14-gfx942.
Preparing to unpack .../082-amdrocm-blas7.14-gfx942_7.14.0-3_amd64.deb ...
Unpacking amdrocm-blas7.14-gfx942 (7.14.0-3) ...
Selecting previously unselected package amdrocm-sparse7.14-gfx950.
Preparing to unpack .../083-amdrocm-sparse7.14-gfx950_7.14.0-3_amd64.deb ...
Unpacking amdrocm-sparse7.14-gfx950 (7.14.0-3) ...
Selecting previously unselected package amdrocm-solver7.14-gfx950.
Preparing to unpack .../084-amdrocm-solver7.14-gfx950_7.14.0-3_amd64.deb ...
Unpacking amdrocm-solver7.14-gfx950 (7.14.0-3) ...
Selecting previously unselected package amdrocm-blas7.14-gfx950.
Preparing to unpack .../085-amdrocm-blas7.14-gfx950_7.14.0-3_amd64.deb ...
Unpacking amdrocm-blas7.14-gfx950 (7.14.0-3) ...
Selecting previously unselected package amdrocm-ccl-dev7.14.
Preparing to unpack .../086-amdrocm-ccl-dev7.14_7.14.0-3_amd64.deb ...
Unpacking amdrocm-ccl-dev7.14 (7.14.0-3) ...
Selecting previously unselected package amdrocm-ck7.14.
Preparing to unpack .../087-amdrocm-ck7.14_7.14.0-3_amd64.deb ...
Unpacking amdrocm-ck7.14 (7.14.0-3) ...
Selecting previously unselected package amdrocm-debugger7.14.
Preparing to unpack .../088-amdrocm-debugger7.14_7.14.0-3_amd64.deb ...
Unpacking amdrocm-debugger7.14 (7.14.0-3) ...
Selecting previously unselected package amdrocm-rand-host7.14.
Preparing to unpack .../089-amdrocm-rand-host7.14_7.14.0-3_amd64.deb ...
Unpacking amdrocm-rand-host7.14 (7.14.0-3) ...
Selecting previously unselected package amdrocm-rand7.14-gfx1010.
Preparing to unpack .../090-amdrocm-rand7.14-gfx1010_7.14.0-3_amd64.deb ...
Unpacking amdrocm-rand7.14-gfx1010 (7.14.0-3) ...
Selecting previously unselected package amdrocm-fft-host7.14.
Preparing to unpack .../091-amdrocm-fft-host7.14_7.14.0-3_amd64.deb ...
Unpacking amdrocm-fft-host7.14 (7.14.0-3) ...
Selecting previously unselected package amdrocm-fft7.14-gfx1010.
Preparing to unpack .../092-amdrocm-fft7.14-gfx1010_7.14.0-3_amd64.deb ...
Unpacking amdrocm-fft7.14-gfx1010 (7.14.0-3) ...
Selecting previously unselected package amdrocm-rccl-host7.14.
Preparing to unpack .../093-amdrocm-rccl-host7.14_7.14.0-3_amd64.deb ...
Unpacking amdrocm-rccl-host7.14 (7.14.0-3) ...
Selecting previously unselected package amdrocm-rccl7.14-gfx1010.
Preparing to unpack .../094-amdrocm-rccl7.14-gfx1010_7.14.0-3_amd64.deb ...
Unpacking amdrocm-rccl7.14-gfx1010 (7.14.0-3) ...
Selecting previously unselected package amdrocm-rocshmem7.14.
Preparing to unpack .../095-amdrocm-rocshmem7.14_7.14.0-3_amd64.deb ...
Unpacking amdrocm-rocshmem7.14 (7.14.0-3) ...
Selecting previously unselected package amdrocm-hipify7.14.
Preparing to unpack .../096-amdrocm-hipify7.14_7.14.0-3_amd64.deb ...
Unpacking amdrocm-hipify7.14 (7.14.0-3) ...
Selecting previously unselected package amdrocm-hipfile7.14.
Preparing to unpack .../097-amdrocm-hipfile7.14_7.14.0-3_amd64.deb ...
Unpacking amdrocm-hipfile7.14 (7.14.0-3) ...
Selecting previously unselected package amdrocm-decode7.14.
Preparing to unpack .../098-amdrocm-decode7.14_7.14.0-3_amd64.deb ...
Unpacking amdrocm-decode7.14 (7.14.0-3) ...
Selecting previously unselected package amdrocm-jpeg7.14.
Preparing to unpack .../099-amdrocm-jpeg7.14_7.14.0-3_amd64.deb ...
Unpacking amdrocm-jpeg7.14 (7.14.0-3) ...
Selecting previously unselected package amdrocm-core7.14-gfx1010.
Preparing to unpack .../100-amdrocm-core7.14-gfx1010_7.14.0-3_amd64.deb ...
Unpacking amdrocm-core7.14-gfx1010 (7.14.0-3) ...
Selecting previously unselected package amdrocm-llvm-dev7.14.
Preparing to unpack .../101-amdrocm-llvm-dev7.14_7.14.0-3_amd64.deb ...
Unpacking amdrocm-llvm-dev7.14 (7.14.0-3) ...
Selecting previously unselected package amdrocm-runtime-dev7.14.
Preparing to unpack .../102-amdrocm-runtime-dev7.14_7.14.0-3_amd64.deb ...
Unpacking amdrocm-runtime-dev7.14 (7.14.0-3) ...
Selecting previously unselected package amdrocm-fft-dev7.14.
Preparing to unpack .../103-amdrocm-fft-dev7.14_7.14.0-3_amd64.deb ...
Unpacking amdrocm-fft-dev7.14 (7.14.0-3) ...
Selecting previously unselected package amdrocm-sparse-dev7.14.
Preparing to unpack .../104-amdrocm-sparse-dev7.14_7.14.0-3_amd64.deb ...
Unpacking amdrocm-sparse-dev7.14 (7.14.0-3) ...
Selecting previously unselected package amdrocm-solver-dev7.14.
Preparing to unpack .../105-amdrocm-solver-dev7.14_7.14.0-3_amd64.deb ...
Unpacking amdrocm-solver-dev7.14 (7.14.0-3) ...
Selecting previously unselected package amdrocm-rand-dev7.14.
Preparing to unpack .../106-amdrocm-rand-dev7.14_7.14.0-3_amd64.deb ...
Unpacking amdrocm-rand-dev7.14 (7.14.0-3) ...
Selecting previously unselected package amdrocm-opencl7.14.
Preparing to unpack .../107-amdrocm-opencl7.14_7.14.0-3_amd64.deb ...
Unpacking amdrocm-opencl7.14 (7.14.0-3) ...
Selecting previously unselected package amdrocm-opencl-dev7.14.
Preparing to unpack .../108-amdrocm-opencl-dev7.14_7.14.0-3_amd64.deb ...
Unpacking amdrocm-opencl-dev7.14 (7.14.0-3) ...
Selecting previously unselected package amdrocm-hipblas-common-dev7.14.
Preparing to unpack .../109-amdrocm-hipblas-common-dev7.14_7.14.0-3_amd64.deb ...
Unpacking amdrocm-hipblas-common-dev7.14 (7.14.0-3) ...
Selecting previously unselected package amdrocm-rccl-dev7.14.
Preparing to unpack .../110-amdrocm-rccl-dev7.14_7.14.0-3_amd64.deb ...
Unpacking amdrocm-rccl-dev7.14 (7.14.0-3) ...
Selecting previously unselected package amdrocm-rocshmem-dev7.14.
Preparing to unpack .../111-amdrocm-rocshmem-dev7.14_7.14.0-3_amd64.deb ...
Unpacking amdrocm-rocshmem-dev7.14 (7.14.0-3) ...
Selecting previously unselected package amdrocm-dnn-dev7.14.
Preparing to unpack .../112-amdrocm-dnn-dev7.14_7.14.0-3_amd64.deb ...
Unpacking amdrocm-dnn-dev7.14 (7.14.0-3) ...
Selecting previously unselected package amdrocm-hipfile-dev7.14.
Preparing to unpack .../113-amdrocm-hipfile-dev7.14_7.14.0-3_amd64.deb ...
Unpacking amdrocm-hipfile-dev7.14 (7.14.0-3) ...
Selecting previously unselected package amdrocm-decode-dev7.14.
Preparing to unpack .../114-amdrocm-decode-dev7.14_7.14.0-3_amd64.deb ...
Unpacking amdrocm-decode-dev7.14 (7.14.0-3) ...
Selecting previously unselected package amdrocm-jpeg-dev7.14.
Preparing to unpack .../115-amdrocm-jpeg-dev7.14_7.14.0-3_amd64.deb ...
Unpacking amdrocm-jpeg-dev7.14 (7.14.0-3) ...
Selecting previously unselected package amdrocm-core-dev7.14-gfx1010.
Preparing to unpack .../116-amdrocm-core-dev7.14-gfx1010_7.14.0-3_amd64.deb ...
Unpacking amdrocm-core-dev7.14-gfx1010 (7.14.0-3) ...
Selecting previously unselected package amdrocm-rand7.14-gfx1011.
Preparing to unpack .../117-amdrocm-rand7.14-gfx1011_7.14.0-3_amd64.deb ...
Unpacking amdrocm-rand7.14-gfx1011 (7.14.0-3) ...
Selecting previously unselected package amdrocm-fft7.14-gfx1011.
Preparing to unpack .../118-amdrocm-fft7.14-gfx1011_7.14.0-3_amd64.deb ...
Unpacking amdrocm-fft7.14-gfx1011 (7.14.0-3) ...
Selecting previously unselected package amdrocm-rccl7.14-gfx1011.
Preparing to unpack .../119-amdrocm-rccl7.14-gfx1011_7.14.0-3_amd64.deb ...
Unpacking amdrocm-rccl7.14-gfx1011 (7.14.0-3) ...
Selecting previously unselected package amdrocm-core7.14-gfx1011.
Preparing to unpack .../120-amdrocm-core7.14-gfx1011_7.14.0-3_amd64.deb ...
Unpacking amdrocm-core7.14-gfx1011 (7.14.0-3) ...
Selecting previously unselected package amdrocm-core-dev7.14-gfx1011.
Preparing to unpack .../121-amdrocm-core-dev7.14-gfx1011_7.14.0-3_amd64.deb ...
Unpacking amdrocm-core-dev7.14-gfx1011 (7.14.0-3) ...
Selecting previously unselected package amdrocm-rand7.14-gfx1012.
Preparing to unpack .../122-amdrocm-rand7.14-gfx1012_7.14.0-3_amd64.deb ...
Unpacking amdrocm-rand7.14-gfx1012 (7.14.0-3) ...
Selecting previously unselected package amdrocm-fft7.14-gfx1012.
Preparing to unpack .../123-amdrocm-fft7.14-gfx1012_7.14.0-3_amd64.deb ...
Unpacking amdrocm-fft7.14-gfx1012 (7.14.0-3) ...
Selecting previously unselected package amdrocm-rccl7.14-gfx1012.
Preparing to unpack .../124-amdrocm-rccl7.14-gfx1012_7.14.0-3_amd64.deb ...
Unpacking amdrocm-rccl7.14-gfx1012 (7.14.0-3) ...
Selecting previously unselected package amdrocm-core7.14-gfx1012.
Preparing to unpack .../125-amdrocm-core7.14-gfx1012_7.14.0-3_amd64.deb ...
Unpacking amdrocm-core7.14-gfx1012 (7.14.0-3) ...
Selecting previously unselected package amdrocm-core-dev7.14-gfx1012.
Preparing to unpack .../126-amdrocm-core-dev7.14-gfx1012_7.14.0-3_amd64.deb ...
Unpacking amdrocm-core-dev7.14-gfx1012 (7.14.0-3) ...
Selecting previously unselected package amdrocm-rand7.14-gfx1030.
Preparing to unpack .../127-amdrocm-rand7.14-gfx1030_7.14.0-3_amd64.deb ...
Unpacking amdrocm-rand7.14-gfx1030 (7.14.0-3) ...
Selecting previously unselected package amdrocm-fft7.14-gfx1030.
Preparing to unpack .../128-amdrocm-fft7.14-gfx1030_7.14.0-3_amd64.deb ...
Unpacking amdrocm-fft7.14-gfx1030 (7.14.0-3) ...
Selecting previously unselected package amdrocm-dnn-host7.14.
Preparing to unpack .../129-amdrocm-dnn-host7.14_7.14.0-3_amd64.deb ...
Unpacking amdrocm-dnn-host7.14 (7.14.0-3) ...
Selecting previously unselected package amdrocm-dnn7.14-gfx1030.
Preparing to unpack .../130-amdrocm-dnn7.14-gfx1030_7.14.0-3_amd64.deb ...
Unpacking amdrocm-dnn7.14-gfx1030 (7.14.0-3) ...
Selecting previously unselected package amdrocm-rccl7.14-gfx1030.
Preparing to unpack .../131-amdrocm-rccl7.14-gfx1030_7.14.0-3_amd64.deb ...
Unpacking amdrocm-rccl7.14-gfx1030 (7.14.0-3) ...
Selecting previously unselected package amdrocm-core7.14-gfx1030.
Preparing to unpack .../132-amdrocm-core7.14-gfx1030_7.14.0-3_amd64.deb ...
Unpacking amdrocm-core7.14-gfx1030 (7.14.0-3) ...
Selecting previously unselected package amdrocm-core-dev7.14-gfx1030.
Preparing to unpack .../133-amdrocm-core-dev7.14-gfx1030_7.14.0-3_amd64.deb ...
Unpacking amdrocm-core-dev7.14-gfx1030 (7.14.0-3) ...
Selecting previously unselected package amdrocm-rand7.14-gfx1031.
Preparing to unpack .../134-amdrocm-rand7.14-gfx1031_7.14.0-3_amd64.deb ...
Unpacking amdrocm-rand7.14-gfx1031 (7.14.0-3) ...
Selecting previously unselected package amdrocm-fft7.14-gfx1031.
Preparing to unpack .../135-amdrocm-fft7.14-gfx1031_7.14.0-3_amd64.deb ...
Unpacking amdrocm-fft7.14-gfx1031 (7.14.0-3) ...
Selecting previously unselected package amdrocm-rccl7.14-gfx1031.
Preparing to unpack .../136-amdrocm-rccl7.14-gfx1031_7.14.0-3_amd64.deb ...
Unpacking amdrocm-rccl7.14-gfx1031 (7.14.0-3) ...
Selecting previously unselected package amdrocm-core7.14-gfx1031.
Preparing to unpack .../137-amdrocm-core7.14-gfx1031_7.14.0-3_amd64.deb ...
Unpacking amdrocm-core7.14-gfx1031 (7.14.0-3) ...
Selecting previously unselected package amdrocm-core-dev7.14-gfx1031.
Preparing to unpack .../138-amdrocm-core-dev7.14-gfx1031_7.14.0-3_amd64.deb ...
Unpacking amdrocm-core-dev7.14-gfx1031 (7.14.0-3) ...
Selecting previously unselected package amdrocm-rand7.14-gfx1032.
Preparing to unpack .../139-amdrocm-rand7.14-gfx1032_7.14.0-3_amd64.deb ...
Unpacking amdrocm-rand7.14-gfx1032 (7.14.0-3) ...
Selecting previously unselected package amdrocm-fft7.14-gfx1032.
Preparing to unpack .../140-amdrocm-fft7.14-gfx1032_7.14.0-3_amd64.deb ...
Unpacking amdrocm-fft7.14-gfx1032 (7.14.0-3) ...
Selecting previously unselected package amdrocm-rccl7.14-gfx1032.
Preparing to unpack .../141-amdrocm-rccl7.14-gfx1032_7.14.0-3_amd64.deb ...
Unpacking amdrocm-rccl7.14-gfx1032 (7.14.0-3) ...
Selecting previously unselected package amdrocm-core7.14-gfx1032.
Preparing to unpack .../142-amdrocm-core7.14-gfx1032_7.14.0-3_amd64.deb ...
Unpacking amdrocm-core7.14-gfx1032 (7.14.0-3) ...
Selecting previously unselected package amdrocm-core-dev7.14-gfx1032.
Preparing to unpack .../143-amdrocm-core-dev7.14-gfx1032_7.14.0-3_amd64.deb ...
Unpacking amdrocm-core-dev7.14-gfx1032 (7.14.0-3) ...
Selecting previously unselected package amdrocm-rand7.14-gfx1033.
Preparing to unpack .../144-amdrocm-rand7.14-gfx1033_7.14.0-3_amd64.deb ...
Unpacking amdrocm-rand7.14-gfx1033 (7.14.0-3) ...
Selecting previously unselected package amdrocm-fft7.14-gfx1033.
Preparing to unpack .../145-amdrocm-fft7.14-gfx1033_7.14.0-3_amd64.deb ...
Unpacking amdrocm-fft7.14-gfx1033 (7.14.0-3) ...
Selecting previously unselected package amdrocm-rccl7.14-gfx1033.
Preparing to unpack .../146-amdrocm-rccl7.14-gfx1033_7.14.0-3_amd64.deb ...
Unpacking amdrocm-rccl7.14-gfx1033 (7.14.0-3) ...
Selecting previously unselected package amdrocm-core7.14-gfx1033.
Preparing to unpack .../147-amdrocm-core7.14-gfx1033_7.14.0-3_amd64.deb ...
Unpacking amdrocm-core7.14-gfx1033 (7.14.0-3) ...
Selecting previously unselected package amdrocm-core-dev7.14-gfx1033.
Preparing to unpack .../148-amdrocm-core-dev7.14-gfx1033_7.14.0-3_amd64.deb ...
Unpacking amdrocm-core-dev7.14-gfx1033 (7.14.0-3) ...
Selecting previously unselected package amdrocm-rand7.14-gfx1034.
Preparing to unpack .../149-amdrocm-rand7.14-gfx1034_7.14.0-3_amd64.deb ...
Unpacking amdrocm-rand7.14-gfx1034 (7.14.0-3) ...
Selecting previously unselected package amdrocm-fft7.14-gfx1034.
Preparing to unpack .../150-amdrocm-fft7.14-gfx1034_7.14.0-3_amd64.deb ...
Unpacking amdrocm-fft7.14-gfx1034 (7.14.0-3) ...
Selecting previously unselected package amdrocm-rccl7.14-gfx1034.
Preparing to unpack .../151-amdrocm-rccl7.14-gfx1034_7.14.0-3_amd64.deb ...
Unpacking amdrocm-rccl7.14-gfx1034 (7.14.0-3) ...
Selecting previously unselected package amdrocm-core7.14-gfx1034.
Preparing to unpack .../152-amdrocm-core7.14-gfx1034_7.14.0-3_amd64.deb ...
Unpacking amdrocm-core7.14-gfx1034 (7.14.0-3) ...
Selecting previously unselected package amdrocm-core-dev7.14-gfx1034.
Preparing to unpack .../153-amdrocm-core-dev7.14-gfx1034_7.14.0-3_amd64.deb ...
Unpacking amdrocm-core-dev7.14-gfx1034 (7.14.0-3) ...
Selecting previously unselected package amdrocm-rand7.14-gfx1035.
Preparing to unpack .../154-amdrocm-rand7.14-gfx1035_7.14.0-3_amd64.deb ...
Unpacking amdrocm-rand7.14-gfx1035 (7.14.0-3) ...
Selecting previously unselected package amdrocm-fft7.14-gfx1035.
Preparing to unpack .../155-amdrocm-fft7.14-gfx1035_7.14.0-3_amd64.deb ...
Unpacking amdrocm-fft7.14-gfx1035 (7.14.0-3) ...
Selecting previously unselected package amdrocm-rccl7.14-gfx1035.
Preparing to unpack .../156-amdrocm-rccl7.14-gfx1035_7.14.0-3_amd64.deb ...
Unpacking amdrocm-rccl7.14-gfx1035 (7.14.0-3) ...
Selecting previously unselected package amdrocm-core7.14-gfx1035.
Preparing to unpack .../157-amdrocm-core7.14-gfx1035_7.14.0-3_amd64.deb ...
Unpacking amdrocm-core7.14-gfx1035 (7.14.0-3) ...
Selecting previously unselected package amdrocm-core-dev7.14-gfx1035.
Preparing to unpack .../158-amdrocm-core-dev7.14-gfx1035_7.14.0-3_amd64.deb ...
Unpacking amdrocm-core-dev7.14-gfx1035 (7.14.0-3) ...
Selecting previously unselected package amdrocm-rand7.14-gfx1036.
Preparing to unpack .../159-amdrocm-rand7.14-gfx1036_7.14.0-3_amd64.deb ...
Unpacking amdrocm-rand7.14-gfx1036 (7.14.0-3) ...
Selecting previously unselected package amdrocm-fft7.14-gfx1036.
Preparing to unpack .../160-amdrocm-fft7.14-gfx1036_7.14.0-3_amd64.deb ...
Unpacking amdrocm-fft7.14-gfx1036 (7.14.0-3) ...
Selecting previously unselected package amdrocm-rccl7.14-gfx1036.
Preparing to unpack .../161-amdrocm-rccl7.14-gfx1036_7.14.0-3_amd64.deb ...
Unpacking amdrocm-rccl7.14-gfx1036 (7.14.0-3) ...
Selecting previously unselected package amdrocm-core7.14-gfx1036.
Preparing to unpack .../162-amdrocm-core7.14-gfx1036_7.14.0-3_amd64.deb ...
Unpacking amdrocm-core7.14-gfx1036 (7.14.0-3) ...
Selecting previously unselected package amdrocm-core-dev7.14-gfx1036.
Preparing to unpack .../163-amdrocm-core-dev7.14-gfx1036_7.14.0-3_amd64.deb ...
Unpacking amdrocm-core-dev7.14-gfx1036 (7.14.0-3) ...
Selecting previously unselected package amdrocm-rand7.14-gfx1100.
Preparing to unpack .../164-amdrocm-rand7.14-gfx1100_7.14.0-3_amd64.deb ...
Unpacking amdrocm-rand7.14-gfx1100 (7.14.0-3) ...
Selecting previously unselected package amdrocm-fft7.14-gfx1100.
Preparing to unpack .../165-amdrocm-fft7.14-gfx1100_7.14.0-3_amd64.deb ...
Unpacking amdrocm-fft7.14-gfx1100 (7.14.0-3) ...
Selecting previously unselected package amdrocm-dnn7.14-gfx1100.
Preparing to unpack .../166-amdrocm-dnn7.14-gfx1100_7.14.0-3_amd64.deb ...
Unpacking amdrocm-dnn7.14-gfx1100 (7.14.0-3) ...
Selecting previously unselected package amdrocm-rccl7.14-gfx1100.
Preparing to unpack .../167-amdrocm-rccl7.14-gfx1100_7.14.0-3_amd64.deb ...
Unpacking amdrocm-rccl7.14-gfx1100 (7.14.0-3) ...
Selecting previously unselected package amdrocm-core7.14-gfx1100.
Preparing to unpack .../168-amdrocm-core7.14-gfx1100_7.14.0-3_amd64.deb ...
Unpacking amdrocm-core7.14-gfx1100 (7.14.0-3) ...
Selecting previously unselected package amdrocm-core-dev7.14-gfx1100.
Preparing to unpack .../169-amdrocm-core-dev7.14-gfx1100_7.14.0-3_amd64.deb ...
Unpacking amdrocm-core-dev7.14-gfx1100 (7.14.0-3) ...
Selecting previously unselected package amdrocm-rand7.14-gfx1101.
Preparing to unpack .../170-amdrocm-rand7.14-gfx1101_7.14.0-3_amd64.deb ...
Unpacking amdrocm-rand7.14-gfx1101 (7.14.0-3) ...
Selecting previously unselected package amdrocm-fft7.14-gfx1101.
Preparing to unpack .../171-amdrocm-fft7.14-gfx1101_7.14.0-3_amd64.deb ...
Unpacking amdrocm-fft7.14-gfx1101 (7.14.0-3) ...
Selecting previously unselected package amdrocm-dnn7.14-gfx1101.
Preparing to unpack .../172-amdrocm-dnn7.14-gfx1101_7.14.0-3_amd64.deb ...
Unpacking amdrocm-dnn7.14-gfx1101 (7.14.0-3) ...
Selecting previously unselected package amdrocm-rccl7.14-gfx1101.
Preparing to unpack .../173-amdrocm-rccl7.14-gfx1101_7.14.0-3_amd64.deb ...
Unpacking amdrocm-rccl7.14-gfx1101 (7.14.0-3) ...
Selecting previously unselected package amdrocm-core7.14-gfx1101.
Preparing to unpack .../174-amdrocm-core7.14-gfx1101_7.14.0-3_amd64.deb ...
Unpacking amdrocm-core7.14-gfx1101 (7.14.0-3) ...
Selecting previously unselected package amdrocm-core-dev7.14-gfx1101.
Preparing to unpack .../175-amdrocm-core-dev7.14-gfx1101_7.14.0-3_amd64.deb ...
Unpacking amdrocm-core-dev7.14-gfx1101 (7.14.0-3) ...
Selecting previously unselected package amdrocm-rand7.14-gfx1102.
Preparing to unpack .../176-amdrocm-rand7.14-gfx1102_7.14.0-3_amd64.deb ...
Unpacking amdrocm-rand7.14-gfx1102 (7.14.0-3) ...
Selecting previously unselected package amdrocm-fft7.14-gfx1102.
Preparing to unpack .../177-amdrocm-fft7.14-gfx1102_7.14.0-3_amd64.deb ...
Unpacking amdrocm-fft7.14-gfx1102 (7.14.0-3) ...
Selecting previously unselected package amdrocm-dnn7.14-gfx1102.
Preparing to unpack .../178-amdrocm-dnn7.14-gfx1102_7.14.0-3_amd64.deb ...
Unpacking amdrocm-dnn7.14-gfx1102 (7.14.0-3) ...
Selecting previously unselected package amdrocm-rccl7.14-gfx1102.
Preparing to unpack .../179-amdrocm-rccl7.14-gfx1102_7.14.0-3_amd64.deb ...
Unpacking amdrocm-rccl7.14-gfx1102 (7.14.0-3) ...
Selecting previously unselected package amdrocm-core7.14-gfx1102.
Preparing to unpack .../180-amdrocm-core7.14-gfx1102_7.14.0-3_amd64.deb ...
Unpacking amdrocm-core7.14-gfx1102 (7.14.0-3) ...
Selecting previously unselected package amdrocm-core-dev7.14-gfx1102.
Preparing to unpack .../181-amdrocm-core-dev7.14-gfx1102_7.14.0-3_amd64.deb ...
Unpacking amdrocm-core-dev7.14-gfx1102 (7.14.0-3) ...
Selecting previously unselected package amdrocm-rand7.14-gfx1103.
Preparing to unpack .../182-amdrocm-rand7.14-gfx1103_7.14.0-3_amd64.deb ...
Unpacking amdrocm-rand7.14-gfx1103 (7.14.0-3) ...
Selecting previously unselected package amdrocm-fft7.14-gfx1103.
Preparing to unpack .../183-amdrocm-fft7.14-gfx1103_7.14.0-3_amd64.deb ...
Unpacking amdrocm-fft7.14-gfx1103 (7.14.0-3) ...
Selecting previously unselected package amdrocm-core7.14-gfx1103.
Preparing to unpack .../184-amdrocm-core7.14-gfx1103_7.14.0-3_amd64.deb ...
Unpacking amdrocm-core7.14-gfx1103 (7.14.0-3) ...
Selecting previously unselected package amdrocm-core-dev7.14-gfx1103.
Preparing to unpack .../185-amdrocm-core-dev7.14-gfx1103_7.14.0-3_amd64.deb ...
Unpacking amdrocm-core-dev7.14-gfx1103 (7.14.0-3) ...
Selecting previously unselected package amdrocm-rand7.14-gfx1150.
Preparing to unpack .../186-amdrocm-rand7.14-gfx1150_7.14.0-3_amd64.deb ...
Unpacking amdrocm-rand7.14-gfx1150 (7.14.0-3) ...
Selecting previously unselected package amdrocm-fft7.14-gfx1150.
Preparing to unpack .../187-amdrocm-fft7.14-gfx1150_7.14.0-3_amd64.deb ...
Unpacking amdrocm-fft7.14-gfx1150 (7.14.0-3) ...
Selecting previously unselected package amdrocm-dnn7.14-gfx1150.
Preparing to unpack .../188-amdrocm-dnn7.14-gfx1150_7.14.0-3_amd64.deb ...
Unpacking amdrocm-dnn7.14-gfx1150 (7.14.0-3) ...
Selecting previously unselected package amdrocm-core7.14-gfx1150.
Preparing to unpack .../189-amdrocm-core7.14-gfx1150_7.14.0-3_amd64.deb ...
Unpacking amdrocm-core7.14-gfx1150 (7.14.0-3) ...
Selecting previously unselected package amdrocm-core-dev7.14-gfx1150.
Preparing to unpack .../190-amdrocm-core-dev7.14-gfx1150_7.14.0-3_amd64.deb ...
Unpacking amdrocm-core-dev7.14-gfx1150 (7.14.0-3) ...
Selecting previously unselected package amdrocm-rand7.14-gfx1151.
Preparing to unpack .../191-amdrocm-rand7.14-gfx1151_7.14.0-3_amd64.deb ...
Unpacking amdrocm-rand7.14-gfx1151 (7.14.0-3) ...
Selecting previously unselected package amdrocm-fft7.14-gfx1151.
Preparing to unpack .../192-amdrocm-fft7.14-gfx1151_7.14.0-3_amd64.deb ...
Unpacking amdrocm-fft7.14-gfx1151 (7.14.0-3) ...
Selecting previously unselected package amdrocm-dnn7.14-gfx1151.
Preparing to unpack .../193-amdrocm-dnn7.14-gfx1151_7.14.0-3_amd64.deb ...
Unpacking amdrocm-dnn7.14-gfx1151 (7.14.0-3) ...
Selecting previously unselected package amdrocm-rccl7.14-gfx1151.
Preparing to unpack .../194-amdrocm-rccl7.14-gfx1151_7.14.0-3_amd64.deb ...
Unpacking amdrocm-rccl7.14-gfx1151 (7.14.0-3) ...
Selecting previously unselected package amdrocm-core7.14-gfx1151.
Preparing to unpack .../195-amdrocm-core7.14-gfx1151_7.14.0-3_amd64.deb ...
Unpacking amdrocm-core7.14-gfx1151 (7.14.0-3) ...
Selecting previously unselected package amdrocm-core-dev7.14-gfx1151.
Preparing to unpack .../196-amdrocm-core-dev7.14-gfx1151_7.14.0-3_amd64.deb ...
Unpacking amdrocm-core-dev7.14-gfx1151 (7.14.0-3) ...
Selecting previously unselected package amdrocm-rand7.14-gfx1152.
Preparing to unpack .../197-amdrocm-rand7.14-gfx1152_7.14.0-3_amd64.deb ...
Unpacking amdrocm-rand7.14-gfx1152 (7.14.0-3) ...
Selecting previously unselected package amdrocm-fft7.14-gfx1152.
Preparing to unpack .../198-amdrocm-fft7.14-gfx1152_7.14.0-3_amd64.deb ...
Unpacking amdrocm-fft7.14-gfx1152 (7.14.0-3) ...
Selecting previously unselected package amdrocm-dnn7.14-gfx1152.
Preparing to unpack .../199-amdrocm-dnn7.14-gfx1152_7.14.0-3_amd64.deb ...
Unpacking amdrocm-dnn7.14-gfx1152 (7.14.0-3) ...
Selecting previously unselected package amdrocm-core7.14-gfx1152.
Preparing to unpack .../200-amdrocm-core7.14-gfx1152_7.14.0-3_amd64.deb ...
Unpacking amdrocm-core7.14-gfx1152 (7.14.0-3) ...
Selecting previously unselected package amdrocm-core-dev7.14-gfx1152.
Preparing to unpack .../201-amdrocm-core-dev7.14-gfx1152_7.14.0-3_amd64.deb ...
Unpacking amdrocm-core-dev7.14-gfx1152 (7.14.0-3) ...
Selecting previously unselected package amdrocm-rand7.14-gfx1153.
Preparing to unpack .../202-amdrocm-rand7.14-gfx1153_7.14.0-3_amd64.deb ...
Unpacking amdrocm-rand7.14-gfx1153 (7.14.0-3) ...
Selecting previously unselected package amdrocm-fft7.14-gfx1153.
Preparing to unpack .../203-amdrocm-fft7.14-gfx1153_7.14.0-3_amd64.deb ...
Unpacking amdrocm-fft7.14-gfx1153 (7.14.0-3) ...
Selecting previously unselected package amdrocm-dnn7.14-gfx1153.
Preparing to unpack .../204-amdrocm-dnn7.14-gfx1153_7.14.0-3_amd64.deb ...
Unpacking amdrocm-dnn7.14-gfx1153 (7.14.0-3) ...
Selecting previously unselected package amdrocm-core7.14-gfx1153.
Preparing to unpack .../205-amdrocm-core7.14-gfx1153_7.14.0-3_amd64.deb ...
Unpacking amdrocm-core7.14-gfx1153 (7.14.0-3) ...
Selecting previously unselected package amdrocm-core-dev7.14-gfx1153.
Preparing to unpack .../206-amdrocm-core-dev7.14-gfx1153_7.14.0-3_amd64.deb ...
Unpacking amdrocm-core-dev7.14-gfx1153 (7.14.0-3) ...
Selecting previously unselected package amdrocm-rand7.14-gfx1200.
Preparing to unpack .../207-amdrocm-rand7.14-gfx1200_7.14.0-3_amd64.deb ...
Unpacking amdrocm-rand7.14-gfx1200 (7.14.0-3) ...
Selecting previously unselected package amdrocm-fft7.14-gfx1200.
Preparing to unpack .../208-amdrocm-fft7.14-gfx1200_7.14.0-3_amd64.deb ...
Unpacking amdrocm-fft7.14-gfx1200 (7.14.0-3) ...
Selecting previously unselected package amdrocm-dnn7.14-gfx1200.
Preparing to unpack .../209-amdrocm-dnn7.14-gfx1200_7.14.0-3_amd64.deb ...
Unpacking amdrocm-dnn7.14-gfx1200 (7.14.0-3) ...
Selecting previously unselected package amdrocm-rccl7.14-gfx1200.
Preparing to unpack .../210-amdrocm-rccl7.14-gfx1200_7.14.0-3_amd64.deb ...
Unpacking amdrocm-rccl7.14-gfx1200 (7.14.0-3) ...
Selecting previously unselected package amdrocm-core7.14-gfx1200.
Preparing to unpack .../211-amdrocm-core7.14-gfx1200_7.14.0-3_amd64.deb ...
Unpacking amdrocm-core7.14-gfx1200 (7.14.0-3) ...
Selecting previously unselected package amdrocm-core-dev7.14-gfx1200.
Preparing to unpack .../212-amdrocm-core-dev7.14-gfx1200_7.14.0-3_amd64.deb ...
Unpacking amdrocm-core-dev7.14-gfx1200 (7.14.0-3) ...
Selecting previously unselected package amdrocm-rand7.14-gfx1201.
Preparing to unpack .../213-amdrocm-rand7.14-gfx1201_7.14.0-3_amd64.deb ...
Unpacking amdrocm-rand7.14-gfx1201 (7.14.0-3) ...
Selecting previously unselected package amdrocm-fft7.14-gfx1201.
Preparing to unpack .../214-amdrocm-fft7.14-gfx1201_7.14.0-3_amd64.deb ...
Unpacking amdrocm-fft7.14-gfx1201 (7.14.0-3) ...
Selecting previously unselected package amdrocm-dnn7.14-gfx1201.
Preparing to unpack .../215-amdrocm-dnn7.14-gfx1201_7.14.0-3_amd64.deb ...
Unpacking amdrocm-dnn7.14-gfx1201 (7.14.0-3) ...
Selecting previously unselected package amdrocm-rccl7.14-gfx1201.
Preparing to unpack .../216-amdrocm-rccl7.14-gfx1201_7.14.0-3_amd64.deb ...
Unpacking amdrocm-rccl7.14-gfx1201 (7.14.0-3) ...
Selecting previously unselected package amdrocm-core7.14-gfx1201.
Preparing to unpack .../217-amdrocm-core7.14-gfx1201_7.14.0-3_amd64.deb ...
Unpacking amdrocm-core7.14-gfx1201 (7.14.0-3) ...
Selecting previously unselected package amdrocm-core-dev7.14-gfx1201.
Preparing to unpack .../218-amdrocm-core-dev7.14-gfx1201_7.14.0-3_amd64.deb ...
Unpacking amdrocm-core-dev7.14-gfx1201 (7.14.0-3) ...
Selecting previously unselected package amdrocm-rand7.14-gfx1250.
Preparing to unpack .../219-amdrocm-rand7.14-gfx1250_7.14.0-3_amd64.deb ...
Unpacking amdrocm-rand7.14-gfx1250 (7.14.0-3) ...
Selecting previously unselected package amdrocm-fft7.14-gfx1250.
Preparing to unpack .../220-amdrocm-fft7.14-gfx1250_7.14.0-3_amd64.deb ...
Unpacking amdrocm-fft7.14-gfx1250 (7.14.0-3) ...
Selecting previously unselected package amdrocm-rccl7.14-gfx1250.
Preparing to unpack .../221-amdrocm-rccl7.14-gfx1250_7.14.0-3_amd64.deb ...
Unpacking amdrocm-rccl7.14-gfx1250 (7.14.0-3) ...
Selecting previously unselected package amdrocm-core7.14-gfx1250.
Preparing to unpack .../222-amdrocm-core7.14-gfx1250_7.14.0-3_amd64.deb ...
Unpacking amdrocm-core7.14-gfx1250 (7.14.0-3) ...
Selecting previously unselected package amdrocm-core-dev7.14-gfx1250.
Preparing to unpack .../223-amdrocm-core-dev7.14-gfx1250_7.14.0-3_amd64.deb ...
Unpacking amdrocm-core-dev7.14-gfx1250 (7.14.0-3) ...
Selecting previously unselected package amdrocm-rand7.14-gfx908.
Preparing to unpack .../224-amdrocm-rand7.14-gfx908_7.14.0-3_amd64.deb ...
Unpacking amdrocm-rand7.14-gfx908 (7.14.0-3) ...
Selecting previously unselected package amdrocm-fft7.14-gfx908.
Preparing to unpack .../225-amdrocm-fft7.14-gfx908_7.14.0-3_amd64.deb ...
Unpacking amdrocm-fft7.14-gfx908 (7.14.0-3) ...
Selecting previously unselected package amdrocm-dnn7.14-gfx908.
Preparing to unpack .../226-amdrocm-dnn7.14-gfx908_7.14.0-3_amd64.deb ...
Unpacking amdrocm-dnn7.14-gfx908 (7.14.0-3) ...
Selecting previously unselected package amdrocm-rccl7.14-gfx908.
Preparing to unpack .../227-amdrocm-rccl7.14-gfx908_7.14.0-3_amd64.deb ...
Unpacking amdrocm-rccl7.14-gfx908 (7.14.0-3) ...
Selecting previously unselected package amdrocm-core7.14-gfx908.
Preparing to unpack .../228-amdrocm-core7.14-gfx908_7.14.0-3_amd64.deb ...
Unpacking amdrocm-core7.14-gfx908 (7.14.0-3) ...
Selecting previously unselected package amdrocm-core-dev7.14-gfx908.
Preparing to unpack .../229-amdrocm-core-dev7.14-gfx908_7.14.0-3_amd64.deb ...
Unpacking amdrocm-core-dev7.14-gfx908 (7.14.0-3) ...
Selecting previously unselected package amdrocm-rand7.14-gfx90a.
Preparing to unpack .../230-amdrocm-rand7.14-gfx90a_7.14.0-3_amd64.deb ...
Unpacking amdrocm-rand7.14-gfx90a (7.14.0-3) ...
Selecting previously unselected package amdrocm-fft7.14-gfx90a.
Preparing to unpack .../231-amdrocm-fft7.14-gfx90a_7.14.0-3_amd64.deb ...
Unpacking amdrocm-fft7.14-gfx90a (7.14.0-3) ...
Selecting previously unselected package amdrocm-dnn7.14-gfx90a.
Preparing to unpack .../232-amdrocm-dnn7.14-gfx90a_7.14.0-3_amd64.deb ...
Unpacking amdrocm-dnn7.14-gfx90a (7.14.0-3) ...
Selecting previously unselected package amdrocm-rccl7.14-gfx90a.
Preparing to unpack .../233-amdrocm-rccl7.14-gfx90a_7.14.0-3_amd64.deb ...
Unpacking amdrocm-rccl7.14-gfx90a (7.14.0-3) ...
Selecting previously unselected package amdrocm-core7.14-gfx90a.
Preparing to unpack .../234-amdrocm-core7.14-gfx90a_7.14.0-3_amd64.deb ...
Unpacking amdrocm-core7.14-gfx90a (7.14.0-3) ...
Selecting previously unselected package amdrocm-core-dev7.14-gfx90a.
Preparing to unpack .../235-amdrocm-core-dev7.14-gfx90a_7.14.0-3_amd64.deb ...
Unpacking amdrocm-core-dev7.14-gfx90a (7.14.0-3) ...
Selecting previously unselected package amdrocm-rand7.14-gfx942.
Preparing to unpack .../236-amdrocm-rand7.14-gfx942_7.14.0-3_amd64.deb ...
Unpacking amdrocm-rand7.14-gfx942 (7.14.0-3) ...
Selecting previously unselected package amdrocm-fft7.14-gfx942.
Preparing to unpack .../237-amdrocm-fft7.14-gfx942_7.14.0-3_amd64.deb ...
Unpacking amdrocm-fft7.14-gfx942 (7.14.0-3) ...
Selecting previously unselected package amdrocm-dnn7.14-gfx942.
Preparing to unpack .../238-amdrocm-dnn7.14-gfx942_7.14.0-3_amd64.deb ...
Unpacking amdrocm-dnn7.14-gfx942 (7.14.0-3) ...
Selecting previously unselected package amdrocm-rccl7.14-gfx942.
Preparing to unpack .../239-amdrocm-rccl7.14-gfx942_7.14.0-3_amd64.deb ...
Unpacking amdrocm-rccl7.14-gfx942 (7.14.0-3) ...
Selecting previously unselected package amdrocm-core7.14-gfx942.
Preparing to unpack .../240-amdrocm-core7.14-gfx942_7.14.0-3_amd64.deb ...
Unpacking amdrocm-core7.14-gfx942 (7.14.0-3) ...
Selecting previously unselected package amdrocm-core-dev7.14-gfx942.
Preparing to unpack .../241-amdrocm-core-dev7.14-gfx942_7.14.0-3_amd64.deb ...
Unpacking amdrocm-core-dev7.14-gfx942 (7.14.0-3) ...
Selecting previously unselected package amdrocm-rand7.14-gfx950.
Preparing to unpack .../242-amdrocm-rand7.14-gfx950_7.14.0-3_amd64.deb ...
Unpacking amdrocm-rand7.14-gfx950 (7.14.0-3) ...
Selecting previously unselected package amdrocm-fft7.14-gfx950.
Preparing to unpack .../243-amdrocm-fft7.14-gfx950_7.14.0-3_amd64.deb ...
Unpacking amdrocm-fft7.14-gfx950 (7.14.0-3) ...
Selecting previously unselected package amdrocm-dnn7.14-gfx950.
Preparing to unpack .../244-amdrocm-dnn7.14-gfx950_7.14.0-3_amd64.deb ...
Unpacking amdrocm-dnn7.14-gfx950 (7.14.0-3) ...
Selecting previously unselected package amdrocm-rccl7.14-gfx950.
Preparing to unpack .../245-amdrocm-rccl7.14-gfx950_7.14.0-3_amd64.deb ...
Unpacking amdrocm-rccl7.14-gfx950 (7.14.0-3) ...
Selecting previously unselected package amdrocm-core7.14-gfx950.
Preparing to unpack .../246-amdrocm-core7.14-gfx950_7.14.0-3_amd64.deb ...
Unpacking amdrocm-core7.14-gfx950 (7.14.0-3) ...
Selecting previously unselected package amdrocm-core-dev7.14-gfx950.
Preparing to unpack .../247-amdrocm-core-dev7.14-gfx950_7.14.0-3_amd64.deb ...
Unpacking amdrocm-core-dev7.14-gfx950 (7.14.0-3) ...
Selecting previously unselected package amdrocm-profiler7.14.
Preparing to unpack .../248-amdrocm-profiler7.14_7.14.0-3_amd64.deb ...
Unpacking amdrocm-profiler7.14 (7.14.0-3) ...
Selecting previously unselected package amdrocm-emulation7.14.
Preparing to unpack .../249-amdrocm-emulation7.14_7.14.0-3_amd64.deb ...
Unpacking amdrocm-emulation7.14 (7.14.0-3) ...
Selecting previously unselected package amdrocm-developer-tools7.14.
Preparing to unpack .../250-amdrocm-developer-tools7.14_7.14.0-3_amd64.deb ...
Unpacking amdrocm-developer-tools7.14 (7.14.0-3) ...
Selecting previously unselected package amdrocm-rdc7.14.
Preparing to unpack .../251-amdrocm-rdc7.14_7.14.0-3_amd64.deb ...
Unpacking amdrocm-rdc7.14 (7.14.0-3) ...
Selecting previously unselected package amdrocm-core-sdk7.14-gfx1010.
Preparing to unpack .../252-amdrocm-core-sdk7.14-gfx1010_7.14.0-3_amd64.deb ...
Unpacking amdrocm-core-sdk7.14-gfx1010 (7.14.0-3) ...
Selecting previously unselected package amdrocm-core-sdk7.14-gfx1011.
Preparing to unpack .../253-amdrocm-core-sdk7.14-gfx1011_7.14.0-3_amd64.deb ...
Unpacking amdrocm-core-sdk7.14-gfx1011 (7.14.0-3) ...
Selecting previously unselected package amdrocm-core-sdk7.14-gfx1012.
Preparing to unpack .../254-amdrocm-core-sdk7.14-gfx1012_7.14.0-3_amd64.deb ...
Unpacking amdrocm-core-sdk7.14-gfx1012 (7.14.0-3) ...
Selecting previously unselected package amdrocm-core-sdk7.14-gfx1030.
Preparing to unpack .../255-amdrocm-core-sdk7.14-gfx1030_7.14.0-3_amd64.deb ...
Unpacking amdrocm-core-sdk7.14-gfx1030 (7.14.0-3) ...
Selecting previously unselected package amdrocm-core-sdk7.14-gfx1031.
Preparing to unpack .../256-amdrocm-core-sdk7.14-gfx1031_7.14.0-3_amd64.deb ...
Unpacking amdrocm-core-sdk7.14-gfx1031 (7.14.0-3) ...
Selecting previously unselected package amdrocm-core-sdk7.14-gfx1032.
Preparing to unpack .../257-amdrocm-core-sdk7.14-gfx1032_7.14.0-3_amd64.deb ...
Unpacking amdrocm-core-sdk7.14-gfx1032 (7.14.0-3) ...
Selecting previously unselected package amdrocm-core-sdk7.14-gfx1033.
Preparing to unpack .../258-amdrocm-core-sdk7.14-gfx1033_7.14.0-3_amd64.deb ...
Unpacking amdrocm-core-sdk7.14-gfx1033 (7.14.0-3) ...
Selecting previously unselected package amdrocm-core-sdk7.14-gfx1034.
Preparing to unpack .../259-amdrocm-core-sdk7.14-gfx1034_7.14.0-3_amd64.deb ...
Unpacking amdrocm-core-sdk7.14-gfx1034 (7.14.0-3) ...
Selecting previously unselected package amdrocm-core-sdk7.14-gfx1035.
Preparing to unpack .../260-amdrocm-core-sdk7.14-gfx1035_7.14.0-3_amd64.deb ...
Unpacking amdrocm-core-sdk7.14-gfx1035 (7.14.0-3) ...
Selecting previously unselected package amdrocm-core-sdk7.14-gfx1036.
Preparing to unpack .../261-amdrocm-core-sdk7.14-gfx1036_7.14.0-3_amd64.deb ...
Unpacking amdrocm-core-sdk7.14-gfx1036 (7.14.0-3) ...
Selecting previously unselected package amdrocm-core-sdk7.14-gfx1100.
Preparing to unpack .../262-amdrocm-core-sdk7.14-gfx1100_7.14.0-3_amd64.deb ...
Unpacking amdrocm-core-sdk7.14-gfx1100 (7.14.0-3) ...
Selecting previously unselected package amdrocm-core-sdk7.14-gfx1101.
Preparing to unpack .../263-amdrocm-core-sdk7.14-gfx1101_7.14.0-3_amd64.deb ...
Unpacking amdrocm-core-sdk7.14-gfx1101 (7.14.0-3) ...
Selecting previously unselected package amdrocm-core-sdk7.14-gfx1102.
Preparing to unpack .../264-amdrocm-core-sdk7.14-gfx1102_7.14.0-3_amd64.deb ...
Unpacking amdrocm-core-sdk7.14-gfx1102 (7.14.0-3) ...
Selecting previously unselected package amdrocm-core-sdk7.14-gfx1103.
Preparing to unpack .../265-amdrocm-core-sdk7.14-gfx1103_7.14.0-3_amd64.deb ...
Unpacking amdrocm-core-sdk7.14-gfx1103 (7.14.0-3) ...
Selecting previously unselected package amdrocm-core-sdk7.14-gfx1150.
Preparing to unpack .../266-amdrocm-core-sdk7.14-gfx1150_7.14.0-3_amd64.deb ...
Unpacking amdrocm-core-sdk7.14-gfx1150 (7.14.0-3) ...
Selecting previously unselected package amdrocm-core-sdk7.14-gfx1151.
Preparing to unpack .../267-amdrocm-core-sdk7.14-gfx1151_7.14.0-3_amd64.deb ...
Unpacking amdrocm-core-sdk7.14-gfx1151 (7.14.0-3) ...
Selecting previously unselected package amdrocm-core-sdk7.14-gfx1152.
Preparing to unpack .../268-amdrocm-core-sdk7.14-gfx1152_7.14.0-3_amd64.deb ...
Unpacking amdrocm-core-sdk7.14-gfx1152 (7.14.0-3) ...
Selecting previously unselected package amdrocm-core-sdk7.14-gfx1153.
Preparing to unpack .../269-amdrocm-core-sdk7.14-gfx1153_7.14.0-3_amd64.deb ...
Unpacking amdrocm-core-sdk7.14-gfx1153 (7.14.0-3) ...
Selecting previously unselected package amdrocm-core-sdk7.14-gfx1200.
Preparing to unpack .../270-amdrocm-core-sdk7.14-gfx1200_7.14.0-3_amd64.deb ...
Unpacking amdrocm-core-sdk7.14-gfx1200 (7.14.0-3) ...
Selecting previously unselected package amdrocm-core-sdk7.14-gfx1201.
Preparing to unpack .../271-amdrocm-core-sdk7.14-gfx1201_7.14.0-3_amd64.deb ...
Unpacking amdrocm-core-sdk7.14-gfx1201 (7.14.0-3) ...
Selecting previously unselected package amdrocm-core-sdk7.14-gfx1250.
Preparing to unpack .../272-amdrocm-core-sdk7.14-gfx1250_7.14.0-3_amd64.deb ...
Unpacking amdrocm-core-sdk7.14-gfx1250 (7.14.0-3) ...
Selecting previously unselected package amdrocm-core-sdk7.14-gfx908.
Preparing to unpack .../273-amdrocm-core-sdk7.14-gfx908_7.14.0-3_amd64.deb ...
Unpacking amdrocm-core-sdk7.14-gfx908 (7.14.0-3) ...
Selecting previously unselected package amdrocm-core-sdk7.14-gfx90a.
Preparing to unpack .../274-amdrocm-core-sdk7.14-gfx90a_7.14.0-3_amd64.deb ...
Unpacking amdrocm-core-sdk7.14-gfx90a (7.14.0-3) ...
Selecting previously unselected package amdrocm-core-sdk7.14-gfx942.
Preparing to unpack .../275-amdrocm-core-sdk7.14-gfx942_7.14.0-3_amd64.deb ...
Unpacking amdrocm-core-sdk7.14-gfx942 (7.14.0-3) ...
Selecting previously unselected package amdrocm-core-sdk7.14-gfx950.
Preparing to unpack .../276-amdrocm-core-sdk7.14-gfx950_7.14.0-3_amd64.deb ...
Unpacking amdrocm-core-sdk7.14-gfx950 (7.14.0-3) ...
Selecting previously unselected package amdrocm-core-sdk7.14.
Preparing to unpack .../277-amdrocm-core-sdk7.14_7.14.0-3_amd64.deb ...
Unpacking amdrocm-core-sdk7.14 (7.14.0-3) ...
Selecting previously unselected package libc6-i386.
Preparing to unpack .../278-libc6-i386_2.39-0ubuntu8.8_amd64.deb ...
Unpacking libc6-i386 (2.39-0ubuntu8.8) ...
Selecting previously unselected package libc6-dev-i386.
Preparing to unpack .../279-libc6-dev-i386_2.39-0ubuntu8.8_amd64.deb ...
Unpacking libc6-dev-i386 (2.39-0ubuntu8.8) ...
Selecting previously unselected package libc6-x32.
Preparing to unpack .../280-libc6-x32_2.39-0ubuntu8.8_amd64.deb ...
Unpacking libc6-x32 (2.39-0ubuntu8.8) ...
Selecting previously unselected package libc6-dev-x32.
Preparing to unpack .../281-libc6-dev-x32_2.39-0ubuntu8.8_amd64.deb ...
Unpacking libc6-dev-x32 (2.39-0ubuntu8.8) ...
Selecting previously unselected package lib32gcc-s1.
Preparing to unpack .../282-lib32gcc-s1_14.2.0-4ubuntu2~24.04.1_amd64.deb ...
Unpacking lib32gcc-s1 (14.2.0-4ubuntu2~24.04.1) ...
Selecting previously unselected package libx32gcc-s1.
Preparing to unpack .../283-libx32gcc-s1_14.2.0-4ubuntu2~24.04.1_amd64.deb ...
Unpacking libx32gcc-s1 (14.2.0-4ubuntu2~24.04.1) ...
Selecting previously unselected package lib32gomp1.
Preparing to unpack .../284-lib32gomp1_14.2.0-4ubuntu2~24.04.1_amd64.deb ...
Unpacking lib32gomp1 (14.2.0-4ubuntu2~24.04.1) ...
Selecting previously unselected package libx32gomp1.
Preparing to unpack .../285-libx32gomp1_14.2.0-4ubuntu2~24.04.1_amd64.deb ...
Unpacking libx32gomp1 (14.2.0-4ubuntu2~24.04.1) ...
Selecting previously unselected package lib32itm1.
Preparing to unpack .../286-lib32itm1_14.2.0-4ubuntu2~24.04.1_amd64.deb ...
Unpacking lib32itm1 (14.2.0-4ubuntu2~24.04.1) ...
Selecting previously unselected package libx32itm1.
Preparing to unpack .../287-libx32itm1_14.2.0-4ubuntu2~24.04.1_amd64.deb ...
Unpacking libx32itm1 (14.2.0-4ubuntu2~24.04.1) ...
Selecting previously unselected package lib32atomic1.
Preparing to unpack .../288-lib32atomic1_14.2.0-4ubuntu2~24.04.1_amd64.deb ...
Unpacking lib32atomic1 (14.2.0-4ubuntu2~24.04.1) ...
Selecting previously unselected package libx32atomic1.
Preparing to unpack .../289-libx32atomic1_14.2.0-4ubuntu2~24.04.1_amd64.deb ...
Unpacking libx32atomic1 (14.2.0-4ubuntu2~24.04.1) ...
Selecting previously unselected package lib32asan8.
Preparing to unpack .../290-lib32asan8_14.2.0-4ubuntu2~24.04.1_amd64.deb ...
Unpacking lib32asan8 (14.2.0-4ubuntu2~24.04.1) ...
Selecting previously unselected package libx32asan8.
Preparing to unpack .../291-libx32asan8_14.2.0-4ubuntu2~24.04.1_amd64.deb ...
Unpacking libx32asan8 (14.2.0-4ubuntu2~24.04.1) ...
Selecting previously unselected package lib32stdc++6.
Preparing to unpack .../292-lib32stdc++6_14.2.0-4ubuntu2~24.04.1_amd64.deb ...
Unpacking lib32stdc++6 (14.2.0-4ubuntu2~24.04.1) ...
Selecting previously unselected package lib32ubsan1.
Preparing to unpack .../293-lib32ubsan1_14.2.0-4ubuntu2~24.04.1_amd64.deb ...
Unpacking lib32ubsan1 (14.2.0-4ubuntu2~24.04.1) ...
Selecting previously unselected package libx32stdc++6.
Preparing to unpack .../294-libx32stdc++6_14.2.0-4ubuntu2~24.04.1_amd64.deb ...
Unpacking libx32stdc++6 (14.2.0-4ubuntu2~24.04.1) ...
Selecting previously unselected package libx32ubsan1.
Preparing to unpack .../295-libx32ubsan1_14.2.0-4ubuntu2~24.04.1_amd64.deb ...
Unpacking libx32ubsan1 (14.2.0-4ubuntu2~24.04.1) ...
Selecting previously unselected package lib32quadmath0.
Preparing to unpack .../296-lib32quadmath0_14.2.0-4ubuntu2~24.04.1_amd64.deb ...
Unpacking lib32quadmath0 (14.2.0-4ubuntu2~24.04.1) ...
Selecting previously unselected package libx32quadmath0.
Preparing to unpack .../297-libx32quadmath0_14.2.0-4ubuntu2~24.04.1_amd64.deb ...
Unpacking libx32quadmath0 (14.2.0-4ubuntu2~24.04.1) ...
Selecting previously unselected package lib32gcc-13-dev.
Preparing to unpack .../298-lib32gcc-13-dev_13.3.0-6ubuntu2~24.04.1_amd64.deb ...
Unpacking lib32gcc-13-dev (13.3.0-6ubuntu2~24.04.1) ...
Selecting previously unselected package libx32gcc-13-dev.
Preparing to unpack .../299-libx32gcc-13-dev_13.3.0-6ubuntu2~24.04.1_amd64.deb ...
Unpacking libx32gcc-13-dev (13.3.0-6ubuntu2~24.04.1) ...
Selecting previously unselected package gcc-13-multilib.
Preparing to unpack .../300-gcc-13-multilib_13.3.0-6ubuntu2~24.04.1_amd64.deb ...
Unpacking gcc-13-multilib (13.3.0-6ubuntu2~24.04.1) ...
Selecting previously unselected package lib32stdc++-13-dev.
Preparing to unpack .../301-lib32stdc++-13-dev_13.3.0-6ubuntu2~24.04.1_amd64.deb ...
Unpacking lib32stdc++-13-dev (13.3.0-6ubuntu2~24.04.1) ...
Selecting previously unselected package libx32stdc++-13-dev.
Preparing to unpack .../302-libx32stdc++-13-dev_13.3.0-6ubuntu2~24.04.1_amd64.deb ...
Unpacking libx32stdc++-13-dev (13.3.0-6ubuntu2~24.04.1) ...
Selecting previously unselected package g++-13-multilib.
Preparing to unpack .../303-g++-13-multilib_13.3.0-6ubuntu2~24.04.1_amd64.deb ...
Unpacking g++-13-multilib (13.3.0-6ubuntu2~24.04.1) ...
Selecting previously unselected package gcc-multilib.
Preparing to unpack .../304-gcc-multilib_4%3a13.2.0-7ubuntu1_amd64.deb ...
Unpacking gcc-multilib (4:13.2.0-7ubuntu1) ...
Selecting previously unselected package g++-multilib.
Preparing to unpack .../305-g++-multilib_4%3a13.2.0-7ubuntu1_amd64.deb ...
Unpacking g++-multilib (4:13.2.0-7ubuntu1) ...
Setting up amdrocm-rand-dev7.14 (7.14.0-3) ...
Setting up amdrocm-rccl-dev7.14 (7.14.0-3) ...
Setting up amdrocm-fft-dev7.14 (7.14.0-3) ...
Setting up amdrocm-hipify7.14 (7.14.0-3) ...
Setting up amdrocm-sysdeps7.14 (7.14.0-3) ...
Setting up amdrocm-hipblas-common-dev7.14 (7.14.0-3) ...
Setting up amdrocm-solver-dev7.14 (7.14.0-3) ...
Setting up libc6-x32 (2.39-0ubuntu8.8) ...
Setting up amdrocm-ccl-dev7.14 (7.14.0-3) ...
Setting up libx32gomp1 (14.2.0-4ubuntu2~24.04.1) ...
Setting up amdrocm-math-common7.14 (7.14.0-3) ...
Setting up libc6-i386 (2.39-0ubuntu8.8) ...
Setting up libx32quadmath0 (14.2.0-4ubuntu2~24.04.1) ...
Setting up amdrocm-blas-dev7.14 (7.14.0-3) ...
Setting up amdrocm-dnn-dev7.14 (7.14.0-3) ...
Setting up amdrocm-ck7.14 (7.14.0-3) ...
Setting up lib32atomic1 (14.2.0-4ubuntu2~24.04.1) ...
Setting up amdrocm-sparse-dev7.14 (7.14.0-3) ...
Setting up libx32atomic1 (14.2.0-4ubuntu2~24.04.1) ...
Setting up amdrocm-amdsmi7.14 (7.14.0-3) ...
Setting up amdrocm-debugger7.14 (7.14.0-3) ...
Setting up libc6-dev-i386 (2.39-0ubuntu8.8) ...
Setting up lib32itm1 (14.2.0-4ubuntu2~24.04.1) ...
Setting up amdrocm-solver-host7.14 (7.14.0-3) ...
Setting up libx32gcc-s1 (14.2.0-4ubuntu2~24.04.1) ...
Setting up libx32itm1 (14.2.0-4ubuntu2~24.04.1) ...
Setting up libx32asan8 (14.2.0-4ubuntu2~24.04.1) ...
Setting up libc6-dev-x32 (2.39-0ubuntu8.8) ...
Setting up lib32gomp1 (14.2.0-4ubuntu2~24.04.1) ...
Setting up lib32gcc-s1 (14.2.0-4ubuntu2~24.04.1) ...
Setting up lib32stdc++6 (14.2.0-4ubuntu2~24.04.1) ...
Setting up lib32asan8 (14.2.0-4ubuntu2~24.04.1) ...
Setting up lib32quadmath0 (14.2.0-4ubuntu2~24.04.1) ...
Setting up libx32stdc++6 (14.2.0-4ubuntu2~24.04.1) ...
Setting up libx32ubsan1 (14.2.0-4ubuntu2~24.04.1) ...
Setting up lib32ubsan1 (14.2.0-4ubuntu2~24.04.1) ...
Setting up lib32gcc-13-dev (13.3.0-6ubuntu2~24.04.1) ...
Setting up libx32gcc-13-dev (13.3.0-6ubuntu2~24.04.1) ...
Setting up gcc-13-multilib (13.3.0-6ubuntu2~24.04.1) ...
Setting up lib32stdc++-13-dev (13.3.0-6ubuntu2~24.04.1) ...
Setting up gcc-multilib (4:13.2.0-7ubuntu1) ...
Setting up libx32stdc++-13-dev (13.3.0-6ubuntu2~24.04.1) ...
Setting up g++-13-multilib (13.3.0-6ubuntu2~24.04.1) ...
Setting up g++-multilib (4:13.2.0-7ubuntu1) ...
Setting up amdrocm-llvm7.14 (7.14.0-3) ...
Setting up amdrocm-solver7.14-gfx1250 (7.14.0-3) ...
Setting up amdrocm-solver7.14-gfx1012 (7.14.0-3) ...
Setting up amdrocm-base7.14 (7.14.0-3) ...
Setting up amdrocm-solver7.14-gfx1036 (7.14.0-3) ...
Setting up amdrocm-rocshmem7.14 (7.14.0-3) ...
Setting up amdrocm-llvm-dev7.14 (7.14.0-3) ...
Setting up amdrocm-runtime7.14 (7.14.0-3) ...
Setting up amdrocm-decode7.14 (7.14.0-3) ...
Setting up amdrocm-opencl7.14 (7.14.0-3) ...
Setting up amdrocm-profiler-base7.14 (7.14.0-3) ...
Setting up amdrocm-rocshmem-dev7.14 (7.14.0-3) ...
Setting up amdrocm-opencl-dev7.14 (7.14.0-3) ...
Setting up amdrocm-runtime-dev7.14 (7.14.0-3) ...
Setting up amdrocm-sparse-host7.14 (7.14.0-3) ...
Setting up amdrocm-hipfile7.14 (7.14.0-3) ...
Setting up amdrocm-dnn-host7.14 (7.14.0-3) ...
Setting up amdrocm-jpeg7.14 (7.14.0-3) ...
Setting up amdrocm-fft-host7.14 (7.14.0-3) ...
Setting up amdrocm-fft7.14-gfx1012 (7.14.0-3) ...
Setting up amdrocm-emulation7.14 (7.14.0-3) ...
Setting up amdrocm-fft7.14-gfx1011 (7.14.0-3) ...
Setting up amdrocm-fft7.14-gfx1035 (7.14.0-3) ...
Setting up amdrocm-fft7.14-gfx1010 (7.14.0-3) ...
Setting up amdrocm-rand-host7.14 (7.14.0-3) ...
Setting up amdrocm-fft7.14-gfx1034 (7.14.0-3) ...
Setting up amdrocm-rand7.14-gfx1010 (7.14.0-3) ...
Setting up amdrocm-decode-dev7.14 (7.14.0-3) ...
Setting up amdrocm-fft7.14-gfx1101 (7.14.0-3) ...
Setting up amdrocm-rand7.14-gfx908 (7.14.0-3) ...
Setting up amdrocm-fft7.14-gfx1036 (7.14.0-3) ...
Setting up amdrocm-rand7.14-gfx1011 (7.14.0-3) ...
Setting up amdrocm-fft7.14-gfx1250 (7.14.0-3) ...
Setting up amdrocm-fft7.14-gfx950 (7.14.0-3) ...
Setting up amdrocm-rccl-host7.14 (7.14.0-3) ...
Setting up amdrocm-rccl7.14-gfx1012 (7.14.0-3) ...
Setting up amdrocm-rccl7.14-gfx1036 (7.14.0-3) ...
Setting up amdrocm-fft7.14-gfx1100 (7.14.0-3) ...
Setting up amdrocm-fft7.14-gfx1031 (7.14.0-3) ...
Setting up amdrocm-rand7.14-gfx1012 (7.14.0-3) ...
Setting up amdrocm-rccl7.14-gfx1100 (7.14.0-3) ...
Setting up amdrocm-rccl7.14-gfx1035 (7.14.0-3) ...
Setting up amdrocm-fft7.14-gfx90a (7.14.0-3) ...
Setting up amdrocm-fft7.14-gfx1103 (7.14.0-3) ...
Setting up amdrocm-fft7.14-gfx1030 (7.14.0-3) ...
Setting up amdrocm-profiler7.14 (7.14.0-3) ...
Setting up amdrocm-developer-tools7.14 (7.14.0-3) ...
Setting up amdrocm-rand7.14-gfx1151 (7.14.0-3) ...
Setting up amdrocm-blas-host7.14 (7.14.0-3) ...
Setting up amdrocm-sparse7.14-gfx1034 (7.14.0-3) ...
Setting up amdrocm-sparse7.14-gfx908 (7.14.0-3) ...
Setting up amdrocm-blas7.14-gfx1250 (7.14.0-3) ...
Setting up amdrocm-rccl7.14-gfx1034 (7.14.0-3) ...
Setting up amdrocm-fft7.14-gfx1102 (7.14.0-3) ...
Setting up amdrocm-sparse7.14-gfx1103 (7.14.0-3) ...
Setting up amdrocm-rccl7.14-gfx908 (7.14.0-3) ...
Setting up amdrocm-fft7.14-gfx1033 (7.14.0-3) ...
Setting up amdrocm-rand7.14-gfx1150 (7.14.0-3) ...
Setting up amdrocm-blas7.14-gfx1012 (7.14.0-3) ...
Setting up amdrocm-sparse7.14-gfx1033 (7.14.0-3) ...
Setting up amdrocm-solver7.14-gfx1033 (7.14.0-3) ...
Setting up amdrocm-rccl7.14-gfx1033 (7.14.0-3) ...
Setting up amdrocm-sparse7.14-gfx1102 (7.14.0-3) ...
Setting up amdrocm-fft7.14-gfx1152 (7.14.0-3) ...
Setting up amdrocm-fft7.14-gfx1032 (7.14.0-3) ...
Setting up amdrocm-rccl7.14-gfx1151 (7.14.0-3) ...
Setting up amdrocm-sparse7.14-gfx1150 (7.14.0-3) ...
Setting up amdrocm-blas7.14-gfx1200 (7.14.0-3) ...
Setting up amdrocm-rand7.14-gfx1153 (7.14.0-3) ...
Setting up amdrocm-blas7.14-gfx1011 (7.14.0-3) ...
Setting up amdrocm-sparse7.14-gfx1032 (7.14.0-3) ...
Setting up amdrocm-blas7.14-gfx1036 (7.14.0-3) ...
Setting up amdrocm-rccl7.14-gfx1032 (7.14.0-3) ...
Setting up amdrocm-solver7.14-gfx1150 (7.14.0-3) ...
Setting up amdrocm-sparse7.14-gfx1101 (7.14.0-3) ...
Setting up amdrocm-rdc7.14 (7.14.0-3) ...
Setting up amdrocm-fft7.14-gfx1153 (7.14.0-3) ...
Setting up amdrocm-sparse7.14-gfx950 (7.14.0-3) ...
Setting up amdrocm-sparse7.14-gfx1151 (7.14.0-3) ...
Setting up amdrocm-blas7.14-gfx1201 (7.14.0-3) ...
Setting up amdrocm-rand7.14-gfx1152 (7.14.0-3) ...
Setting up amdrocm-rand7.14-gfx1250 (7.14.0-3) ...
Setting up amdrocm-blas7.14-gfx1010 (7.14.0-3) ...
Setting up amdrocm-sparse7.14-gfx1031 (7.14.0-3) ...
Setting up amdrocm-fft7.14-gfx1200 (7.14.0-3) ...
Setting up amdrocm-solver7.14-gfx1031 (7.14.0-3) ...
Setting up amdrocm-hipfile-dev7.14 (7.14.0-3) ...
Setting up amdrocm-rccl7.14-gfx1031 (7.14.0-3) ...
Setting up amdrocm-rand7.14-gfx1032 (7.14.0-3) ...
Setting up amdrocm-jpeg-dev7.14 (7.14.0-3) ...
Setting up amdrocm-rccl7.14-gfx950 (7.14.0-3) ...
Setting up amdrocm-sparse7.14-gfx1100 (7.14.0-3) ...
Setting up amdrocm-fft7.14-gfx1150 (7.14.0-3) ...
Setting up amdrocm-sparse7.14-gfx1152 (7.14.0-3) ...
Setting up amdrocm-sparse7.14-gfx1030 (7.14.0-3) ...
Setting up amdrocm-rand7.14-gfx1102 (7.14.0-3) ...
Setting up amdrocm-fft7.14-gfx1201 (7.14.0-3) ...
Setting up amdrocm-rccl7.14-gfx1030 (7.14.0-3) ...
Setting up amdrocm-rand7.14-gfx1033 (7.14.0-3) ...
Setting up amdrocm-solver7.14-gfx1152 (7.14.0-3) ...
Setting up amdrocm-rccl7.14-gfx1200 (7.14.0-3) ...
Setting up amdrocm-fft7.14-gfx1151 (7.14.0-3) ...
Setting up amdrocm-sparse7.14-gfx1153 (7.14.0-3) ...
Setting up amdrocm-rand7.14-gfx1103 (7.14.0-3) ...
Setting up amdrocm-rand7.14-gfx1030 (7.14.0-3) ...
Setting up amdrocm-rccl7.14-gfx1201 (7.14.0-3) ...
Setting up amdrocm-blas7.14-gfx1152 (7.14.0-3) ...
Setting up amdrocm-fft7.14-gfx942 (7.14.0-3) ...
Setting up amdrocm-sparse7.14-gfx90a (7.14.0-3) ...
Setting up amdrocm-rand7.14-gfx1100 (7.14.0-3) ...
Setting up amdrocm-solver7.14-gfx1034 (7.14.0-3) ...
Setting up amdrocm-rand7.14-gfx1031 (7.14.0-3) ...
Setting up amdrocm-rand7.14-gfx90a (7.14.0-3) ...
Setting up amdrocm-sparse7.14-gfx1250 (7.14.0-3) ...
Setting up amdrocm-blas7.14-gfx1103 (7.14.0-3) ...
Setting up amdrocm-rccl7.14-gfx942 (7.14.0-3) ...
Setting up amdrocm-rand7.14-gfx1101 (7.14.0-3) ...
Setting up amdrocm-rand7.14-gfx1036 (7.14.0-3) ...
Setting up amdrocm-sparse7.14-gfx1011 (7.14.0-3) ...
Setting up amdrocm-blas7.14-gfx1150 (7.14.0-3) ...
Setting up amdrocm-blas7.14-gfx1102 (7.14.0-3) ...
Setting up amdrocm-fft7.14-gfx908 (7.14.0-3) ...
Setting up amdrocm-rand7.14-gfx1201 (7.14.0-3) ...
Setting up amdrocm-sparse7.14-gfx1010 (7.14.0-3) ...
Setting up amdrocm-rand7.14-gfx1200 (7.14.0-3) ...
Setting up amdrocm-rand7.14-gfx1034 (7.14.0-3) ...
Setting up amdrocm-solver7.14-gfx1102 (7.14.0-3) ...
Setting up amdrocm-rand7.14-gfx950 (7.14.0-3) ...
Setting up amdrocm-rand7.14-gfx1035 (7.14.0-3) ...
Setting up amdrocm-sparse7.14-gfx1012 (7.14.0-3) ...
Setting up amdrocm-dnn7.14-gfx1102 (7.14.0-3) ...
Setting up amdrocm-rccl7.14-gfx1011 (7.14.0-3) ...
Setting up amdrocm-blas7.14-gfx1031 (7.14.0-3) ...
Setting up amdrocm-solver7.14-gfx1103 (7.14.0-3) ...
Setting up amdrocm-rand7.14-gfx942 (7.14.0-3) ...
Setting up amdrocm-rccl7.14-gfx1250 (7.14.0-3) ...
Setting up amdrocm-rccl7.14-gfx1010 (7.14.0-3) ...
Setting up amdrocm-solver7.14-gfx1100 (7.14.0-3) ...
Setting up amdrocm-rccl7.14-gfx90a (7.14.0-3) ...
Setting up amdrocm-rccl7.14-gfx1102 (7.14.0-3) ...
Setting up amdrocm-solver7.14-gfx908 (7.14.0-3) ...
Setting up amdrocm-blas7.14-gfx1033 (7.14.0-3) ...
Setting up amdrocm-solver7.14-gfx1101 (7.14.0-3) ...
Setting up amdrocm-core7.14-gfx1031 (7.14.0-3) ...
update-alternatives: using /opt/rocm/core-7.14 to provide /opt/rocm/core (core) in auto mode
update-alternatives: using /opt/rocm/core-7.14 to provide /opt/rocm/core-7 (core-7) in auto mode
update-alternatives: using /opt/rocm/core-7.14/bin to provide /opt/rocm/bin (rocm-bin) in auto mode
update-alternatives: using /opt/rocm/core-7.14/lib to provide /opt/rocm/lib (rocm-lib) in auto mode
update-alternatives: using /opt/rocm/core-7.14/include to provide /opt/rocm/include (rocm-include) in auto mode
update-alternatives: using /opt/rocm/core-7.14/llvm to provide /opt/rocm/llvm (rocm-llvm) in auto mode
update-alternatives: using /opt/rocm/core-7.14/amdgcn to provide /opt/rocm/amdgcn (rocm-amdgcn) in auto mode
update-alternatives: using /opt/rocm/core-7.14/libexec to provide /opt/rocm/libexec (rocm-libexec) in auto mode
update-alternatives: using /opt/rocm/core-7.14/share to provide /opt/rocm/share (rocm-share) in auto mode
update-alternatives: using /opt/rocm/core-7.14/bin/hipcc to provide /usr/bin/hipcc (hipcc) in auto mode
update-alternatives: using /opt/rocm/core-7.14/bin/hipconfig to provide /usr/bin/hipconfig (hipconfig) in auto mode
update-alternatives: using /opt/rocm/core-7.14/bin/hipify-clang to provide /usr/bin/hipify-clang (hipify-clang) in auto mode
update-alternatives: using /opt/rocm/core-7.14/bin/rocminfo to provide /usr/bin/rocminfo (rocminfo) in auto mode
update-alternatives: using /opt/rocm/core-7.14/bin/amd-smi to provide /usr/bin/amd-smi (amd-smi) in auto mode
update-alternatives: using /opt/rocm/core-7.14/bin/rocm_agent_enumerator to provide /usr/bin/rocm_agent_enumerator (rocm_agent_enumerator) in auto mode
update-alternatives: using /opt/rocm/core-7.14/bin/rocm-smi to provide /usr/bin/rocm-smi (rocm-smi) in auto mode
update-alternatives: using /opt/rocm/core-7.14/bin/rocprofv3 to provide /usr/bin/rocprofv3 (rocprofv3) in auto mode
update-alternatives: using /opt/rocm/core-7.14/bin/rocprofv3-avail to provide /usr/bin/rocprofv3-avail (rocprofv3-avail) in auto mode
update-alternatives: using /opt/rocm/core-7.14/bin/rocgdb to provide /usr/bin/rocgdb (rocgdb) in auto mode
update-alternatives: using /opt/rocm/core-7.14/bin/rocpd to provide /usr/bin/rocpd (rocpd) in auto mode
update-alternatives: using /opt/rocm/core-7.14/bin/amdclang to provide /usr/bin/amdclang (amdclang) in auto mode
update-alternatives: using /opt/rocm/core-7.14/bin/amdclang++ to provide /usr/bin/amdclang++ (amdclang++) in auto mode
update-alternatives: using /opt/rocm/core-7.14/bin/amdclang-cl to provide /usr/bin/amdclang-cl (amdclang-cl) in auto mode
update-alternatives: using /opt/rocm/core-7.14/bin/amdclang-cpp to provide /usr/bin/amdclang-cpp (amdclang-cpp) in auto mode
update-alternatives: using /opt/rocm/core-7.14/bin/amdflang to provide /usr/bin/amdflang (amdflang) in auto mode
update-alternatives: using /opt/rocm/core-7.14/bin/amdlld to provide /usr/bin/amdlld (amdlld) in auto mode
Setting up amdrocm-dnn7.14-gfx1200 (7.14.0-3) ...
Setting up amdrocm-rccl7.14-gfx1101 (7.14.0-3) ...
Setting up amdrocm-solver7.14-gfx1010 (7.14.0-3) ...
Setting up amdrocm-sparse7.14-gfx1036 (7.14.0-3) ...
Setting up amdrocm-core7.14-gfx1036 (7.14.0-3) ...
Setting up amdrocm-solver7.14-gfx950 (7.14.0-3) ...
Setting up amdrocm-dnn7.14-gfx1201 (7.14.0-3) ...
Setting up amdrocm-solver7.14-gfx1011 (7.14.0-3) ...
Setting up amdrocm-blas7.14-gfx1035 (7.14.0-3) ...
Setting up amdrocm-blas7.14-gfx942 (7.14.0-3) ...
Setting up amdrocm-solver7.14-gfx1032 (7.14.0-3) ...
Setting up amdrocm-blas7.14-gfx1034 (7.14.0-3) ...
Setting up amdrocm-dnn7.14-gfx1152 (7.14.0-3) ...
Setting up amdrocm-core7.14-gfx1034 (7.14.0-3) ...
Setting up amdrocm-solver7.14-gfx90a (7.14.0-3) ...
Setting up amdrocm-sparse7.14-gfx1200 (7.14.0-3) ...
Setting up amdrocm-solver7.14-gfx1151 (7.14.0-3) ...
Setting up amdrocm-sparse7.14-gfx942 (7.14.0-3) ...
Setting up amdrocm-sparse7.14-gfx1201 (7.14.0-3) ...
Setting up amdrocm-core7.14-gfx1250 (7.14.0-3) ...
Setting up amdrocm-solver7.14-gfx1030 (7.14.0-3) ...
Setting up amdrocm-dnn7.14-gfx1150 (7.14.0-3) ...
Setting up amdrocm-solver7.14-gfx1153 (7.14.0-3) ...
Setting up amdrocm-dnn7.14-gfx942 (7.14.0-3) ...
Setting up amdrocm-core-dev7.14-gfx1034 (7.14.0-3) ...
update-alternatives: using /opt/rocm/core-7.14/bin/MIOpenDriver to provide /usr/bin/MIOpenDriver (MIOpenDriver) in auto mode
Setting up amdrocm-core7.14-gfx1102 (7.14.0-3) ...
Setting up amdrocm-core7.14-gfx1010 (7.14.0-3) ...
Setting up amdrocm-blas7.14-gfx908 (7.14.0-3) ...
Setting up amdrocm-blas7.14-gfx1101 (7.14.0-3) ...
Setting up amdrocm-core7.14-gfx1103 (7.14.0-3) ...
Setting up amdrocm-core7.14-gfx1011 (7.14.0-3) ...
Setting up amdrocm-core-dev7.14-gfx1250 (7.14.0-3) ...
Setting up amdrocm-core-dev7.14-gfx1036 (7.14.0-3) ...
Setting up amdrocm-dnn7.14-gfx908 (7.14.0-3) ...
Setting up amdrocm-blas7.14-gfx1100 (7.14.0-3) ...
Setting up amdrocm-core7.14-gfx1012 (7.14.0-3) ...
Setting up amdrocm-blas7.14-gfx1153 (7.14.0-3) ...
Setting up amdrocm-dnn7.14-gfx1101 (7.14.0-3) ...
Setting up amdrocm-blas7.14-gfx950 (7.14.0-3) ...
Setting up amdrocm-dnn7.14-gfx1100 (7.14.0-3) ...
Setting up amdrocm-core-dev7.14-gfx1031 (7.14.0-3) ...
Setting up amdrocm-blas7.14-gfx1151 (7.14.0-3) ...
Setting up amdrocm-solver7.14-gfx1201 (7.14.0-3) ...
Setting up amdrocm-solver7.14-gfx1200 (7.14.0-3) ...
Setting up amdrocm-solver7.14-gfx942 (7.14.0-3) ...
Setting up amdrocm-core7.14-gfx1033 (7.14.0-3) ...
Setting up amdrocm-core-dev7.14-gfx1102 (7.14.0-3) ...
Setting up amdrocm-core7.14-gfx1201 (7.14.0-3) ...
Setting up amdrocm-dnn7.14-gfx950 (7.14.0-3) ...
Setting up amdrocm-core-dev7.14-gfx1201 (7.14.0-3) ...
Setting up amdrocm-blas7.14-gfx1030 (7.14.0-3) ...
Setting up amdrocm-core7.14-gfx1150 (7.14.0-3) ...
Setting up amdrocm-core-dev7.14-gfx1103 (7.14.0-3) ...
Setting up amdrocm-blas7.14-gfx90a (7.14.0-3) ...
Setting up amdrocm-core7.14-gfx1200 (7.14.0-3) ...
Setting up amdrocm-dnn7.14-gfx90a (7.14.0-3) ...
Setting up amdrocm-core-dev7.14-gfx1200 (7.14.0-3) ...
Setting up amdrocm-core7.14-gfx942 (7.14.0-3) ...
Setting up amdrocm-core7.14-gfx950 (7.14.0-3) ...
Setting up amdrocm-core-sdk7.14-gfx1250 (7.14.0-3) ...
Setting up amdrocm-core-sdk7.14-gfx1034 (7.14.0-3) ...
Setting up amdrocm-blas7.14-gfx1032 (7.14.0-3) ...
Setting up amdrocm-core7.14-gfx1152 (7.14.0-3) ...
Setting up amdrocm-core-dev7.14-gfx1012 (7.14.0-3) ...
Setting up amdrocm-sparse7.14-gfx1035 (7.14.0-3) ...
Setting up amdrocm-core-sdk7.14-gfx1200 (7.14.0-3) ...
Setting up amdrocm-core-sdk7.14-gfx1036 (7.14.0-3) ...
Setting up amdrocm-core7.14-gfx908 (7.14.0-3) ...
Setting up amdrocm-core-sdk7.14-gfx1201 (7.14.0-3) ...
Setting up amdrocm-core-dev7.14-gfx1010 (7.14.0-3) ...
Setting up amdrocm-dnn7.14-gfx1153 (7.14.0-3) ...
Setting up amdrocm-core-dev7.14-gfx1011 (7.14.0-3) ...
Setting up amdrocm-core-dev7.14-gfx942 (7.14.0-3) ...
Setting up amdrocm-dnn7.14-gfx1151 (7.14.0-3) ...
Setting up amdrocm-core-sdk7.14-gfx1103 (7.14.0-3) ...
Setting up amdrocm-core-dev7.14-gfx1152 (7.14.0-3) ...
Setting up amdrocm-core7.14-gfx90a (7.14.0-3) ...
Setting up amdrocm-core-sdk7.14-gfx1102 (7.14.0-3) ...
Setting up amdrocm-core7.14-gfx1100 (7.14.0-3) ...
Setting up amdrocm-core7.14-gfx1101 (7.14.0-3) ...
Setting up amdrocm-solver7.14-gfx1035 (7.14.0-3) ...
Setting up amdrocm-core-dev7.14-gfx1150 (7.14.0-3) ...
Setting up amdrocm-core-sdk7.14-gfx1031 (7.14.0-3) ...
Setting up amdrocm-core-dev7.14-gfx1100 (7.14.0-3) ...
Setting up amdrocm-core-dev7.14-gfx908 (7.14.0-3) ...
Setting up amdrocm-dnn7.14-gfx1030 (7.14.0-3) ...
Setting up amdrocm-core7.14-gfx1032 (7.14.0-3) ...
Setting up amdrocm-core-dev7.14-gfx1101 (7.14.0-3) ...
Setting up amdrocm-core-dev7.14-gfx1033 (7.14.0-3) ...
Setting up amdrocm-core7.14-gfx1151 (7.14.0-3) ...
Setting up amdrocm-core-dev7.14-gfx950 (7.14.0-3) ...
Setting up amdrocm-core7.14-gfx1030 (7.14.0-3) ...
Setting up amdrocm-core-sdk7.14-gfx908 (7.14.0-3) ...
Setting up amdrocm-core7.14-gfx1153 (7.14.0-3) ...
Setting up amdrocm-core-sdk7.14-gfx1012 (7.14.0-3) ...
Setting up amdrocm-core-sdk7.14-gfx1011 (7.14.0-3) ...
Setting up amdrocm-core-sdk7.14-gfx950 (7.14.0-3) ...
Setting up amdrocm-core-sdk7.14-gfx1010 (7.14.0-3) ...
Setting up amdrocm-core7.14-gfx1035 (7.14.0-3) ...
Setting up amdrocm-core-sdk7.14-gfx1101 (7.14.0-3) ...
Setting up amdrocm-core-sdk7.14-gfx942 (7.14.0-3) ...
Setting up amdrocm-core-sdk7.14-gfx1152 (7.14.0-3) ...
Setting up amdrocm-core-dev7.14-gfx90a (7.14.0-3) ...
Setting up amdrocm-core-sdk7.14-gfx1100 (7.14.0-3) ...
Setting up amdrocm-core-dev7.14-gfx1153 (7.14.0-3) ...
Setting up amdrocm-core-sdk7.14-gfx1153 (7.14.0-3) ...
Setting up amdrocm-core-dev7.14-gfx1035 (7.14.0-3) ...
Setting up amdrocm-core-sdk7.14-gfx1150 (7.14.0-3) ...
Setting up amdrocm-core-dev7.14-gfx1151 (7.14.0-3) ...
Setting up amdrocm-core-sdk7.14-gfx1151 (7.14.0-3) ...
Setting up amdrocm-core-sdk7.14-gfx90a (7.14.0-3) ...
Setting up amdrocm-core-dev7.14-gfx1030 (7.14.0-3) ...
Setting up amdrocm-core-sdk7.14-gfx1030 (7.14.0-3) ...
Setting up amdrocm-core-dev7.14-gfx1032 (7.14.0-3) ...
Setting up amdrocm-core-sdk7.14-gfx1033 (7.14.0-3) ...
Setting up amdrocm-core-sdk7.14-gfx1032 (7.14.0-3) ...
Setting up amdrocm-core-sdk7.14-gfx1035 (7.14.0-3) ...
Setting up amdrocm-core-sdk7.14 (7.14.0-3) ...
Processing triggers for libc-bin (2.39-0ubuntu8.8) ...

Pending kernel upgrade!
Running kernel version:
  6.8.0-136-generic
Diagnostics:
  The currently running kernel version is not the expected kernel version 6.17.0-1028-oem.

Restarting the system to load the new kernel will not be handled automatically, so you should consider rebooting.

The processor microcode seems to be up-to-date.

Restarting services...

Service restarts being deferred:
 /etc/needrestart/restart.d/dbus.service

No containers need to be restarted.

User sessions running outdated binaries:
 ai1 @ session #4: bash[7506]
 ai1 @ user manager service: systemd[3455]

No VM guests are running outdated hypervisor (qemu) binaries on this host.

[INFO] Configuring shell environment...
[1;32m	
 📦 Installing PyTorch 2.12 (Stable) for TheRock 7.14, Transformers environment ...
[1;35m
Defaulting to user installation because normal site-packages is not writeable
Requirement already satisfied: pip in /usr/lib/python3/dist-packages (24.0)
Collecting pip
  Downloading pip-26.1.2-py3-none-any.whl.metadata (4.6 kB)
Requirement already satisfied: wheel in /usr/lib/python3/dist-packages (0.42.0)
Collecting wheel
  Downloading wheel-0.47.0-py3-none-any.whl.metadata (2.3 kB)
Requirement already satisfied: setuptools in /usr/lib/python3/dist-packages (68.1.2)
Collecting setuptools
  Downloading setuptools-83.0.0-py3-none-any.whl.metadata (6.6 kB)
Requirement already satisfied: packaging>=24.0 in /usr/lib/python3/dist-packages (from wheel) (24.0)
Downloading pip-26.1.2-py3-none-any.whl (1.8 MB)
   ━━━━━━━━━━━━━━━━━━━━━━━━━━━━━━━━━━━━━━━━ 1.8/1.8 MB 24.8 MB/s eta 0:00:00
Downloading wheel-0.47.0-py3-none-any.whl (32 kB)
Downloading setuptools-83.0.0-py3-none-any.whl (1.0 MB)
   ━━━━━━━━━━━━━━━━━━━━━━━━━━━━━━━━━━━━━━━━ 1.0/1.0 MB 31.1 MB/s eta 0:00:00
Installing collected packages: wheel, setuptools, pip
Successfully installed pip-26.1.2 setuptools-83.0.0 wheel-0.47.0
Defaulting to user installation because normal site-packages is not writeable
Looking in indexes: https://repo.amd.com/rocm/whl-multi-arch/
Collecting torch==2.12.0+rocm7.14.0 (from torch[device-gfx1201]==2.12.0+rocm7.14.0)
  Downloading torch-2.12.0%2Brocm7.14.0-cp312-cp312-linux_x86_64.whl (203.8 MB)
     ━━━━━━━━━━━━━━━━━━━━━━━━━━━━━━━━━━━━━━━━ 203.8/203.8 MB 31.6 MB/s  0:00:06
Collecting torchvision==0.27.0+rocm7.14.0 (from torchvision[device-gfx1201]==0.27.0+rocm7.14.0)
  Downloading torchvision-0.27.0%2Brocm7.14.0-cp312-cp312-linux_x86_64.whl (1.1 MB)
     ━━━━━━━━━━━━━━━━━━━━━━━━━━━━━━━━━━━━━━━━ 1.1/1.1 MB 30.0 MB/s  0:00:00
Collecting torchaudio==2.11.0+rocm7.14.0
  Downloading torchaudio-2.11.0%2Brocm7.14.0-cp312-cp312-linux_x86_64.whl (1.5 MB)
     ━━━━━━━━━━━━━━━━━━━━━━━━━━━━━━━━━━━━━━━━ 1.5/1.5 MB 30.4 MB/s  0:00:00
Collecting filelock (from torch==2.12.0+rocm7.14.0->torch[device-gfx1201]==2.12.0+rocm7.14.0)
  Downloading filelock-3.29.1-py3-none-any.whl (40 kB)
Collecting typing-extensions>=4.10.0 (from torch==2.12.0+rocm7.14.0->torch[device-gfx1201]==2.12.0+rocm7.14.0)
  Downloading typing_extensions-4.15.0-py3-none-any.whl (44 kB)
Collecting setuptools<82 (from torch==2.12.0+rocm7.14.0->torch[device-gfx1201]==2.12.0+rocm7.14.0)
  Downloading setuptools-81.0.0-py3-none-any.whl (1.1 MB)
     ━━━━━━━━━━━━━━━━━━━━━━━━━━━━━━━━━━━━━━━━ 1.1/1.1 MB 29.9 MB/s  0:00:00
Collecting sympy>=1.13.3 (from torch==2.12.0+rocm7.14.0->torch[device-gfx1201]==2.12.0+rocm7.14.0)
  Downloading sympy-1.14.0-py3-none-any.whl (6.3 MB)
     ━━━━━━━━━━━━━━━━━━━━━━━━━━━━━━━━━━━━━━━━ 6.3/6.3 MB 31.2 MB/s  0:00:00
Collecting networkx>=2.5.1 (from torch==2.12.0+rocm7.14.0->torch[device-gfx1201]==2.12.0+rocm7.14.0)
  Downloading networkx-3.6.1-py3-none-any.whl (2.1 MB)
     ━━━━━━━━━━━━━━━━━━━━━━━━━━━━━━━━━━━━━━━━ 2.1/2.1 MB 31.0 MB/s  0:00:00
Requirement already satisfied: jinja2 in /usr/lib/python3/dist-packages (from torch==2.12.0+rocm7.14.0->torch[device-gfx1201]==2.12.0+rocm7.14.0) (3.1.2)
Collecting fsspec>=0.8.5 (from torch==2.12.0+rocm7.14.0->torch[device-gfx1201]==2.12.0+rocm7.14.0)
  Downloading fsspec-2026.4.0-py3-none-any.whl (203 kB)
Collecting rocm==7.14.0 (from rocm[libraries]==7.14.0->torch==2.12.0+rocm7.14.0->torch[device-gfx1201]==2.12.0+rocm7.14.0)
  Downloading rocm-7.14.0.tar.gz (24 kB)
  Installing build dependencies: started
  Installing build dependencies: finished with status 'done'
  Getting requirements to build wheel: started
  Getting requirements to build wheel: finished with status 'done'
  Preparing metadata (pyproject.toml): started
  Preparing metadata (pyproject.toml): finished with status 'done'
Collecting triton==3.7.1+git0263a6a6.rocm7.14.0 (from torch==2.12.0+rocm7.14.0->torch[device-gfx1201]==2.12.0+rocm7.14.0)
  Downloading triton-3.7.1%2Bgit0263a6a6.rocm7.14.0-cp312-cp312-linux_x86_64.whl (367.1 MB)
     ━━━━━━━━━━━━━━━━━━━━━━━━━━━━━━━━━━━━━━━━ 367.1/367.1 MB 30.5 MB/s  0:00:11
Collecting rocm-bootstrap (from torch==2.12.0+rocm7.14.0->torch[device-gfx1201]==2.12.0+rocm7.14.0)
  Downloading rocm_bootstrap-0.1.0-py3-none-any.whl (27 kB)
Collecting numpy (from torchvision==0.27.0+rocm7.14.0->torchvision[device-gfx1201]==0.27.0+rocm7.14.0)
  Downloading numpy-2.4.4-cp312-cp312-manylinux_2_27_x86_64.manylinux_2_28_x86_64.whl (16.6 MB)
     ━━━━━━━━━━━━━━━━━━━━━━━━━━━━━━━━━━━━━━━━ 16.6/16.6 MB 31.5 MB/s  0:00:00
Collecting pillow!=8.3.*,>=5.3.0 (from torchvision==0.27.0+rocm7.14.0->torchvision[device-gfx1201]==0.27.0+rocm7.14.0)
  Downloading pillow-12.2.0-cp312-cp312-manylinux_2_27_x86_64.manylinux_2_28_x86_64.whl (7.1 MB)
     ━━━━━━━━━━━━━━━━━━━━━━━━━━━━━━━━━━━━━━━━ 7.1/7.1 MB 31.4 MB/s  0:00:00
Collecting rocm-sdk-core==7.14.0 (from rocm==7.14.0->rocm[libraries]==7.14.0->torch==2.12.0+rocm7.14.0->torch[device-gfx1201]==2.12.0+rocm7.14.0)
  Downloading rocm_sdk_core-7.14.0-py3-none-linux_x86_64.whl (414.6 MB)
     ━━━━━━━━━━━━━━━━━━━━━━━━━━━━━━━━━━━━━━━━ 414.6/414.6 MB 30.4 MB/s  0:00:13
Collecting rocm-sdk-libraries==7.14.0 (from rocm[libraries]==7.14.0->torch==2.12.0+rocm7.14.0->torch[device-gfx1201]==2.12.0+rocm7.14.0)
  Downloading rocm_sdk_libraries-7.14.0-py3-none-linux_x86_64.whl (143.0 MB)
     ━━━━━━━━━━━━━━━━━━━━━━━━━━━━━━━━━━━━━━━━ 143.0/143.0 MB 31.7 MB/s  0:00:04
Collecting amd-torch-device-gfx1201==2.12.0+rocm7.14.0 (from torch[device-gfx1201]==2.12.0+rocm7.14.0)
  Downloading amd_torch_device_gfx1201-2.12.0%2Brocm7.14.0-cp312-cp312-linux_x86_64.whl (52.0 MB)
     ━━━━━━━━━━━━━━━━━━━━━━━━━━━━━━━━━━━━━━━━ 52.0/52.0 MB 31.7 MB/s  0:00:01
Collecting amd-torch-device-gfx12-0==2.12.0+rocm7.14.0 (from torch[device-gfx1201]==2.12.0+rocm7.14.0)
  Downloading amd_torch_device_gfx12_0-2.12.0%2Brocm7.14.0-cp312-cp312-linux_x86_64.whl (113.5 MB)
     ━━━━━━━━━━━━━━━━━━━━━━━━━━━━━━━━━━━━━━━━ 113.5/113.5 MB 30.0 MB/s  0:00:03
Collecting rocm-sdk-device-gfx1201==7.14.0 (from amd-torch-device-gfx1201==2.12.0+rocm7.14.0->torch[device-gfx1201]==2.12.0+rocm7.14.0)
  Downloading rocm_sdk_device_gfx1201-7.14.0-py3-none-linux_x86_64.whl (337.8 MB)
     ━━━━━━━━━━━━━━━━━━━━━━━━━━━━━━━━━━━━━━━━ 337.8/337.8 MB 30.7 MB/s  0:00:10
Collecting amd-torchvision-device-gfx1201==0.27.0+rocm7.14.0 (from torchvision[device-gfx1201]==0.27.0+rocm7.14.0)
  Downloading amd_torchvision_device_gfx1201-0.27.0%2Brocm7.14.0-cp312-cp312-linux_x86_64.whl (133 kB)
Collecting mpmath<1.4,>=1.1.0 (from sympy>=1.13.3->torch==2.12.0+rocm7.14.0->torch[device-gfx1201]==2.12.0+rocm7.14.0)
  Downloading mpmath-1.3.0-py3-none-any.whl (536 kB)
     ━━━━━━━━━━━━━━━━━━━━━━━━━━━━━━━━━━━━━━━━ 536.2/536.2 kB 26.4 MB/s  0:00:00
Building wheels for collected packages: rocm
  Building wheel for rocm (pyproject.toml): started
  Building wheel for rocm (pyproject.toml): finished with status 'done'
  Created wheel for rocm: filename=rocm-7.14.0-py3-none-any.whl size=28570 sha256=caa323e3b1dd13f73e3953baedfbd15b71552e5fcdd80ce633656e3e7bb36163
  Stored in directory: /home/ai1/.cache/pip/wheels/78/2f/c6/310dec83424466f3ce733993cb8913c095dca200f6f15b958e
Successfully built rocm
Installing collected packages: torchaudio, rocm-sdk-libraries, rocm-sdk-core, mpmath, typing-extensions, triton, sympy, setuptools, rocm-sdk-device-gfx1201, rocm-bootstrap, pillow, numpy, networkx, fsspec, filelock, rocm, torch, torchvision, amd-torchvision-device-gfx1201, amd-torch-device-gfx1201, amd-torch-device-gfx12-0
  Attempting uninstall: setuptools
    Found existing installation: setuptools 83.0.0
    Uninstalling setuptools-83.0.0:
      Successfully uninstalled setuptools-83.0.0

Successfully installed amd-torch-device-gfx12-0-2.12.0+rocm7.14.0 amd-torch-device-gfx1201-2.12.0+rocm7.14.0 amd-torchvision-device-gfx1201-0.27.0+rocm7.14.0 filelock-3.29.1 fsspec-2026.4.0 mpmath-1.3.0 networkx-3.6.1 numpy-2.4.4 pillow-12.2.0 rocm-7.14.0 rocm-bootstrap-0.1.0 rocm-sdk-core-7.14.0 rocm-sdk-device-gfx1201-7.14.0 rocm-sdk-libraries-7.14.0 setuptools-81.0.0 sympy-1.14.0 torch-2.12.0+rocm7.14.0 torchaudio-2.11.0+rocm7.14.0 torchvision-0.27.0+rocm7.14.0 triton-3.7.1+git0263a6a6.rocm7.14.0 typing-extensions-4.15.0
Defaulting to user installation because normal site-packages is not writeable
Collecting accelerate
  Downloading accelerate-1.14.0-py3-none-any.whl.metadata (19 kB)
Collecting datasets
  Downloading datasets-5.0.1-py3-none-any.whl.metadata (23 kB)
Collecting diffusers
  Downloading diffusers-0.39.0-py3-none-any.whl.metadata (20 kB)
Collecting joblib
  Downloading joblib-1.5.3-py3-none-any.whl.metadata (5.5 kB)
Collecting protobuf
  Downloading protobuf-7.35.1-cp310-abi3-manylinux2014_x86_64.whl.metadata (595 bytes)
Collecting sentencepiece
  Downloading sentencepiece-0.2.2-cp312-cp312-manylinux_2_27_x86_64.manylinux_2_28_x86_64.whl.metadata (33 kB)
Collecting setuptools_scm
  Downloading setuptools_scm-10.2.1-py3-none-any.whl.metadata (6.7 kB)
Collecting transformers
  Downloading transformers-5.14.1-py3-none-any.whl.metadata (32 kB)
Requirement already satisfied: numpy>=1.17 in ./.local/lib/python3.12/site-packages (from accelerate) (2.4.4)
Requirement already satisfied: packaging>=20.0 in /usr/lib/python3/dist-packages (from accelerate) (24.0)
Collecting psutil (from accelerate)
  Downloading psutil-7.2.2-cp36-abi3-manylinux2010_x86_64.manylinux_2_12_x86_64.manylinux_2_28_x86_64.whl.metadata (22 kB)
Requirement already satisfied: pyyaml in /usr/lib/python3/dist-packages (from accelerate) (6.0.1)
Requirement already satisfied: torch>=2.0.0 in ./.local/lib/python3.12/site-packages (from accelerate) (2.12.0+rocm7.14.0)
Collecting huggingface_hub>=0.21.0 (from accelerate)
  Downloading huggingface_hub-1.25.1-py3-none-any.whl.metadata (16 kB)
Collecting safetensors>=0.4.3 (from accelerate)
  Downloading safetensors-0.8.0-cp310-abi3-manylinux_2_17_x86_64.manylinux2014_x86_64.whl.metadata (4.2 kB)
Requirement already satisfied: filelock in ./.local/lib/python3.12/site-packages (from datasets) (3.29.1)
Collecting pyarrow>=21.0.0 (from datasets)
  Downloading pyarrow-25.0.0-cp312-cp312-manylinux_2_28_x86_64.whl.metadata (3.0 kB)
Collecting dill<0.4.2,>=0.3.0 (from datasets)
  Downloading dill-0.4.1-py3-none-any.whl.metadata (10 kB)
Collecting pandas (from datasets)
  Downloading pandas-3.0.5-cp312-cp312-manylinux_2_24_x86_64.manylinux_2_28_x86_64.whl.metadata (79 kB)
Collecting requests>=2.32.2 (from datasets)
  Downloading requests-2.34.2-py3-none-any.whl.metadata (4.8 kB)
Collecting httpx<1.0.0 (from datasets)
  Downloading httpx-0.28.1-py3-none-any.whl.metadata (7.1 kB)
Collecting tqdm>=4.66.3 (from datasets)
  Downloading tqdm-4.70.0-py3-none-any.whl.metadata (57 kB)
Collecting xxhash (from datasets)
  Downloading xxhash-3.8.1-cp312-cp312-manylinux2014_x86_64.manylinux_2_17_x86_64.manylinux_2_28_x86_64.whl.metadata (15 kB)
Collecting multiprocess<0.70.20 (from datasets)
  Downloading multiprocess-0.70.19-py312-none-any.whl.metadata (7.5 kB)
Requirement already satisfied: fsspec<=2026.6.0,>=2023.1.0 in ./.local/lib/python3.12/site-packages (from fsspec[http]<=2026.6.0,>=2023.1.0->datasets) (2026.4.0)
Collecting aiohttp!=4.0.0a0,!=4.0.0a1 (from fsspec[http]<=2026.6.0,>=2023.1.0->datasets)
  Downloading aiohttp-3.14.3-cp312-cp312-manylinux2014_x86_64.manylinux_2_17_x86_64.manylinux_2_28_x86_64.whl.metadata (8.3 kB)
Collecting anyio (from httpx<1.0.0->datasets)
  Downloading anyio-4.14.2-py3-none-any.whl.metadata (4.6 kB)
Requirement already satisfied: certifi in /usr/lib/python3/dist-packages (from httpx<1.0.0->datasets) (2023.11.17)
Collecting httpcore==1.* (from httpx<1.0.0->datasets)
  Downloading httpcore-1.0.9-py3-none-any.whl.metadata (21 kB)
Requirement already satisfied: idna in /usr/lib/python3/dist-packages (from httpx<1.0.0->datasets) (3.6)
Collecting h11>=0.16 (from httpcore==1.*->httpx<1.0.0->datasets)
  Downloading h11-0.16.0-py3-none-any.whl.metadata (8.3 kB)
Collecting click<9.0.0,>=8.4.2 (from huggingface_hub>=0.21.0->accelerate)
  Downloading click-8.4.2-py3-none-any.whl.metadata (2.6 kB)
Collecting hf-xet<2.0.0,>=1.5.1 (from huggingface_hub>=0.21.0->accelerate)
  Downloading hf_xet-1.5.2-cp38-abi3-manylinux2014_x86_64.manylinux_2_17_x86_64.whl.metadata (4.9 kB)
Requirement already satisfied: typing-extensions>=4.1.0 in ./.local/lib/python3.12/site-packages (from huggingface_hub>=0.21.0->accelerate) (4.15.0)
Collecting importlib_metadata (from diffusers)
  Downloading importlib_metadata-9.0.0-py3-none-any.whl.metadata (4.5 kB)
Collecting regex!=2019.12.17 (from diffusers)
  Downloading regex-2026.7.19-cp312-cp312-manylinux2014_x86_64.manylinux_2_17_x86_64.manylinux_2_28_x86_64.whl.metadata (40 kB)
Requirement already satisfied: Pillow in ./.local/lib/python3.12/site-packages (from diffusers) (12.2.0)
Collecting vcs-versioning<3,>=2.0.0.dev0 (from setuptools_scm)
  Downloading vcs_versioning-2.2.3-py3-none-any.whl.metadata (1.7 kB)
Requirement already satisfied: setuptools in ./.local/lib/python3.12/site-packages (from setuptools_scm) (81.0.0)
Collecting packaging>=20.0 (from accelerate)
  Downloading packaging-26.2-py3-none-any.whl.metadata (3.5 kB)
Collecting tokenizers<=0.23.0,>=0.22.0 (from transformers)
  Downloading tokenizers-0.22.2-cp39-abi3-manylinux_2_17_x86_64.manylinux2014_x86_64.whl.metadata (7.3 kB)
Collecting typer (from transformers)
  Downloading typer-0.27.0-py3-none-any.whl.metadata (15 kB)
Collecting aiohappyeyeballs>=2.5.0 (from aiohttp!=4.0.0a0,!=4.0.0a1->fsspec[http]<=2026.6.0,>=2023.1.0->datasets)
  Downloading aiohappyeyeballs-2.7.1-py3-none-any.whl.metadata (5.9 kB)
Collecting aiosignal>=1.4.0 (from aiohttp!=4.0.0a0,!=4.0.0a1->fsspec[http]<=2026.6.0,>=2023.1.0->datasets)
  Downloading aiosignal-1.4.0-py3-none-any.whl.metadata (3.7 kB)
Requirement already satisfied: attrs>=17.3.0 in /usr/lib/python3/dist-packages (from aiohttp!=4.0.0a0,!=4.0.0a1->fsspec[http]<=2026.6.0,>=2023.1.0->datasets) (23.2.0)
Collecting frozenlist>=1.1.1 (from aiohttp!=4.0.0a0,!=4.0.0a1->fsspec[http]<=2026.6.0,>=2023.1.0->datasets)
  Downloading frozenlist-1.8.0-cp312-cp312-manylinux1_x86_64.manylinux_2_28_x86_64.manylinux_2_5_x86_64.whl.metadata (20 kB)
Collecting multidict<7.0,>=4.5 (from aiohttp!=4.0.0a0,!=4.0.0a1->fsspec[http]<=2026.6.0,>=2023.1.0->datasets)
  Downloading multidict-6.7.1-cp312-cp312-manylinux2014_x86_64.manylinux_2_17_x86_64.manylinux_2_28_x86_64.whl.metadata (5.3 kB)
Collecting propcache>=0.2.0 (from aiohttp!=4.0.0a0,!=4.0.0a1->fsspec[http]<=2026.6.0,>=2023.1.0->datasets)
  Downloading propcache-0.5.2-cp312-cp312-manylinux2014_x86_64.manylinux_2_17_x86_64.manylinux_2_28_x86_64.whl.metadata (16 kB)
Collecting yarl<2.0,>=1.17.0 (from aiohttp!=4.0.0a0,!=4.0.0a1->fsspec[http]<=2026.6.0,>=2023.1.0->datasets)
  Downloading yarl-1.24.5-cp312-cp312-manylinux2014_x86_64.manylinux_2_17_x86_64.manylinux_2_28_x86_64.whl.metadata (103 kB)
Collecting charset_normalizer<4,>=2 (from requests>=2.32.2->datasets)
  Downloading charset_normalizer-3.4.9-cp312-cp312-manylinux2014_x86_64.manylinux_2_17_x86_64.manylinux_2_28_x86_64.whl.metadata (41 kB)
Requirement already satisfied: urllib3<3,>=1.26 in /usr/lib/python3/dist-packages (from requests>=2.32.2->datasets) (2.0.7)
Requirement already satisfied: sympy>=1.13.3 in ./.local/lib/python3.12/site-packages (from torch>=2.0.0->accelerate) (1.14.0)
Requirement already satisfied: networkx>=2.5.1 in ./.local/lib/python3.12/site-packages (from torch>=2.0.0->accelerate) (3.6.1)
Requirement already satisfied: jinja2 in /usr/lib/python3/dist-packages (from torch>=2.0.0->accelerate) (3.1.2)
Requirement already satisfied: rocm==7.14.0 in ./.local/lib/python3.12/site-packages (from rocm[libraries]==7.14.0->torch>=2.0.0->accelerate) (7.14.0)
Requirement already satisfied: triton==3.7.1+git0263a6a6.rocm7.14.0 in ./.local/lib/python3.12/site-packages (from torch>=2.0.0->accelerate) (3.7.1+git0263a6a6.rocm7.14.0)
Requirement already satisfied: rocm-bootstrap in ./.local/lib/python3.12/site-packages (from torch>=2.0.0->accelerate) (0.1.0)
Requirement already satisfied: rocm-sdk-core==7.14.0 in ./.local/lib/python3.12/site-packages (from rocm==7.14.0->rocm[libraries]==7.14.0->torch>=2.0.0->accelerate) (7.14.0)
Requirement already satisfied: rocm-sdk-libraries==7.14.0 in ./.local/lib/python3.12/site-packages (from rocm[libraries]==7.14.0->torch>=2.0.0->accelerate) (7.14.0)
Requirement already satisfied: mpmath<1.4,>=1.1.0 in ./.local/lib/python3.12/site-packages (from sympy>=1.13.3->torch>=2.0.0->accelerate) (1.3.0)
Collecting zipp>=3.20 (from importlib_metadata->diffusers)
  Downloading zipp-4.1.0-py3-none-any.whl.metadata (3.6 kB)
Requirement already satisfied: python-dateutil>=2.8.2 in /usr/lib/python3/dist-packages (from pandas->datasets) (2.8.2)
Collecting shellingham>=1.3.0 (from typer->transformers)
  Downloading shellingham-1.5.4-py2.py3-none-any.whl.metadata (3.5 kB)
Collecting rich>=13.8.0 (from typer->transformers)
  Downloading rich-15.0.0-py3-none-any.whl.metadata (18 kB)
Collecting annotated-doc>=0.0.2 (from typer->transformers)
  Downloading annotated_doc-0.0.5-py3-none-any.whl.metadata (6.5 kB)
Requirement already satisfied: markdown-it-py>=2.2.0 in /usr/lib/python3/dist-packages (from rich>=13.8.0->typer->transformers) (3.0.0)
Requirement already satisfied: pygments<3.0.0,>=2.13.0 in /usr/lib/python3/dist-packages (from rich>=13.8.0->typer->transformers) (2.17.2)
Requirement already satisfied: mdurl~=0.1 in /usr/lib/python3/dist-packages (from markdown-it-py>=2.2.0->rich>=13.8.0->typer->transformers) (0.1.2)
Downloading accelerate-1.14.0-py3-none-any.whl (389 kB)
Downloading datasets-5.0.1-py3-none-any.whl (559 kB)
   ━━━━━━━━━━━━━━━━━━━━━━━━━━━━━━━━━━━━━━━━ 559.1/559.1 kB 28.2 MB/s  0:00:00
Downloading dill-0.4.1-py3-none-any.whl (120 kB)
Downloading httpx-0.28.1-py3-none-any.whl (73 kB)
Downloading httpcore-1.0.9-py3-none-any.whl (78 kB)
Downloading huggingface_hub-1.25.1-py3-none-any.whl (774 kB)
   ━━━━━━━━━━━━━━━━━━━━━━━━━━━━━━━━━━━━━━━━ 774.9/774.9 kB 30.4 MB/s  0:00:00
Downloading click-8.4.2-py3-none-any.whl (119 kB)
Downloading hf_xet-1.5.2-cp38-abi3-manylinux2014_x86_64.manylinux_2_17_x86_64.whl (4.4 MB)
   ━━━━━━━━━━━━━━━━━━━━━━━━━━━━━━━━━━━━━━━━ 4.4/4.4 MB 31.1 MB/s  0:00:00
Downloading multiprocess-0.70.19-py312-none-any.whl (150 kB)
Downloading diffusers-0.39.0-py3-none-any.whl (5.6 MB)
   ━━━━━━━━━━━━━━━━━━━━━━━━━━━━━━━━━━━━━━━━ 5.6/5.6 MB 31.6 MB/s  0:00:00
Downloading joblib-1.5.3-py3-none-any.whl (309 kB)
Downloading protobuf-7.35.1-cp310-abi3-manylinux2014_x86_64.whl (327 kB)
Downloading sentencepiece-0.2.2-cp312-cp312-manylinux_2_27_x86_64.manylinux_2_28_x86_64.whl (1.4 MB)
   ━━━━━━━━━━━━━━━━━━━━━━━━━━━━━━━━━━━━━━━━ 1.4/1.4 MB 31.6 MB/s  0:00:00
Downloading setuptools_scm-10.2.1-py3-none-any.whl (29 kB)
Downloading vcs_versioning-2.2.3-py3-none-any.whl (108 kB)
Downloading transformers-5.14.1-py3-none-any.whl (11.6 MB)
   ━━━━━━━━━━━━━━━━━━━━━━━━━━━━━━━━━━━━━━━━ 11.6/11.6 MB 31.8 MB/s  0:00:00
Downloading tokenizers-0.22.2-cp39-abi3-manylinux_2_17_x86_64.manylinux2014_x86_64.whl (3.3 MB)
   ━━━━━━━━━━━━━━━━━━━━━━━━━━━━━━━━━━━━━━━━ 3.3/3.3 MB 31.6 MB/s  0:00:00
Downloading aiohttp-3.14.3-cp312-cp312-manylinux2014_x86_64.manylinux_2_17_x86_64.manylinux_2_28_x86_64.whl (1.8 MB)
   ━━━━━━━━━━━━━━━━━━━━━━━━━━━━━━━━━━━━━━━━ 1.8/1.8 MB 31.0 MB/s  0:00:00
Downloading multidict-6.7.1-cp312-cp312-manylinux2014_x86_64.manylinux_2_17_x86_64.manylinux_2_28_x86_64.whl (256 kB)
Downloading yarl-1.24.5-cp312-cp312-manylinux2014_x86_64.manylinux_2_17_x86_64.manylinux_2_28_x86_64.whl (109 kB)
Downloading aiohappyeyeballs-2.7.1-py3-none-any.whl (15 kB)
Downloading aiosignal-1.4.0-py3-none-any.whl (7.5 kB)
Downloading frozenlist-1.8.0-cp312-cp312-manylinux1_x86_64.manylinux_2_28_x86_64.manylinux_2_5_x86_64.whl (242 kB)
Downloading h11-0.16.0-py3-none-any.whl (37 kB)
Downloading packaging-26.2-py3-none-any.whl (100 kB)
Downloading propcache-0.5.2-cp312-cp312-manylinux2014_x86_64.manylinux_2_17_x86_64.manylinux_2_28_x86_64.whl (61 kB)
Downloading pyarrow-25.0.0-cp312-cp312-manylinux_2_28_x86_64.whl (50.1 MB)
   ━━━━━━━━━━━━━━━━━━━━━━━━━━━━━━━━━━━━━━━━ 50.1/50.1 MB 32.0 MB/s  0:00:01
Downloading regex-2026.7.19-cp312-cp312-manylinux2014_x86_64.manylinux_2_17_x86_64.manylinux_2_28_x86_64.whl (801 kB)
   ━━━━━━━━━━━━━━━━━━━━━━━━━━━━━━━━━━━━━━━━ 801.8/801.8 kB 30.1 MB/s  0:00:00
Downloading requests-2.34.2-py3-none-any.whl (73 kB)
Downloading charset_normalizer-3.4.9-cp312-cp312-manylinux2014_x86_64.manylinux_2_17_x86_64.manylinux_2_28_x86_64.whl (224 kB)
Downloading safetensors-0.8.0-cp310-abi3-manylinux_2_17_x86_64.manylinux2014_x86_64.whl (516 kB)
Downloading tqdm-4.70.0-py3-none-any.whl (80 kB)
Downloading anyio-4.14.2-py3-none-any.whl (125 kB)
Downloading importlib_metadata-9.0.0-py3-none-any.whl (27 kB)
Downloading zipp-4.1.0-py3-none-any.whl (10 kB)
Downloading pandas-3.0.5-cp312-cp312-manylinux_2_24_x86_64.manylinux_2_28_x86_64.whl (11.0 MB)
   ━━━━━━━━━━━━━━━━━━━━━━━━━━━━━━━━━━━━━━━━ 11.0/11.0 MB 31.9 MB/s  0:00:00
Downloading psutil-7.2.2-cp36-abi3-manylinux2010_x86_64.manylinux_2_12_x86_64.manylinux_2_28_x86_64.whl (155 kB)
Downloading typer-0.27.0-py3-none-any.whl (122 kB)
Downloading annotated_doc-0.0.5-py3-none-any.whl (5.3 kB)
Downloading rich-15.0.0-py3-none-any.whl (310 kB)
Downloading shellingham-1.5.4-py2.py3-none-any.whl (9.8 kB)
Downloading xxhash-3.8.1-cp312-cp312-manylinux2014_x86_64.manylinux_2_17_x86_64.manylinux_2_28_x86_64.whl (220 kB)
Installing collected packages: zipp, xxhash, tqdm, shellingham, sentencepiece, safetensors, regex, pyarrow, psutil, protobuf, propcache, pandas, packaging, multidict, joblib, hf-xet, h11, frozenlist, dill, click, charset_normalizer, anyio, annotated-doc, aiohappyeyeballs, yarl, vcs-versioning, rich, requests, multiprocess, importlib_metadata, httpcore, aiosignal, typer, setuptools_scm, httpx, aiohttp, huggingface_hub, tokenizers, diffusers, datasets, transformers, accelerate

Successfully installed accelerate-1.14.0 aiohappyeyeballs-2.7.1 aiohttp-3.14.3 aiosignal-1.4.0 annotated-doc-0.0.5 anyio-4.14.2 charset_normalizer-3.4.9 click-8.4.2 datasets-5.0.1 diffusers-0.39.0 dill-0.4.1 frozenlist-1.8.0 h11-0.16.0 hf-xet-1.5.2 httpcore-1.0.9 httpx-0.28.1 huggingface_hub-1.25.1 importlib_metadata-9.0.0 joblib-1.5.3 multidict-6.7.1 multiprocess-0.70.19 packaging-26.2 pandas-3.0.5 propcache-0.5.2 protobuf-7.35.1 psutil-7.2.2 pyarrow-25.0.0 regex-2026.7.19 requests-2.34.2 rich-15.0.0 safetensors-0.8.0 sentencepiece-0.2.2 setuptools_scm-10.2.1 shellingham-1.5.4 tokenizers-0.22.2 tqdm-4.70.0 transformers-5.14.1 typer-0.27.0 vcs-versioning-2.2.3 xxhash-3.8.1 yarl-1.24.5 zipp-4.1.0
Docker not found. Installing...

Installing and configuring Docker (stable version) with required dependencies...
Hit:1 http://security.ubuntu.com/ubuntu noble-security InRelease
Hit:2 http://de.archive.ubuntu.com/ubuntu noble InRelease
Hit:3 https://repo.radeon.com/amdgpu/31.40/ubuntu noble InRelease
Hit:4 http://de.archive.ubuntu.com/ubuntu noble-updates InRelease
Hit:5 http://de.archive.ubuntu.com/ubuntu noble-backports InRelease
Hit:6 https://repo.amd.com/rocm/packages-multi-arch/ubuntu2404 stable InRelease
Reading package lists...
Reading package lists...
Building dependency tree...
Reading state information...
ca-certificates is already the newest version (20260601~24.04.1).
ca-certificates set to manually installed.
curl is already the newest version (8.5.0-2ubuntu10.11).
curl set to manually installed.
software-properties-common is already the newest version (0.99.49.4).
software-properties-common set to manually installed.
The following NEW packages will be installed:
  apt-transport-https
0 upgraded, 1 newly installed, 0 to remove and 1 not upgraded.
Need to get 3,970 B of archives.
After this operation, 36.9 kB of additional disk space will be used.
Get:1 http://de.archive.ubuntu.com/ubuntu noble-updates/universe amd64 apt-transport-https all 2.8.3 [3,970 B]
Fetched 3,970 B in 0s (64.8 kB/s)
Selecting previously unselected package apt-transport-https.
(Reading database ... 
(Reading database ... 5%
(Reading database ... 10%
(Reading database ... 15%
(Reading database ... 20%
(Reading database ... 25%
(Reading database ... 30%
(Reading database ... 35%
(Reading database ... 40%
(Reading database ... 45%
(Reading database ... 50%
(Reading database ... 55%
(Reading database ... 60%
(Reading database ... 65%
(Reading database ... 70%
(Reading database ... 75%
(Reading database ... 80%
(Reading database ... 85%
(Reading database ... 90%
(Reading database ... 95%
(Reading database ... 100%
(Reading database ... 195874 files and directories currently installed.)
Preparing to unpack .../apt-transport-https_2.8.3_all.deb ...
Unpacking apt-transport-https (2.8.3) ...
Setting up apt-transport-https (2.8.3) ...

Pending kernel upgrade!
Running kernel version:
  6.8.0-136-generic
Diagnostics:
  The currently running kernel version is not the expected kernel version 6.17.0-1028-oem.

Restarting the system to load the new kernel will not be handled automatically, so you should consider rebooting.

The processor microcode seems to be up-to-date.

Restarting services...

Service restarts being deferred:
 /etc/needrestart/restart.d/dbus.service

No containers need to be restarted.

User sessions running outdated binaries:
 ai1 @ session #4: bash[7506]
 ai1 @ user manager service: systemd[3455]

No VM guests are running outdated hypervisor (qemu) binaries on this host.
Hit:1 http://security.ubuntu.com/ubuntu noble-security InRelease
Hit:2 http://de.archive.ubuntu.com/ubuntu noble InRelease
Get:3 https://download.docker.com/linux/ubuntu noble InRelease [48.5 kB]
Hit:4 https://repo.radeon.com/amdgpu/31.40/ubuntu noble InRelease
Hit:5 http://de.archive.ubuntu.com/ubuntu noble-updates InRelease
Hit:6 http://de.archive.ubuntu.com/ubuntu noble-backports InRelease
Get:7 https://download.docker.com/linux/ubuntu noble/stable amd64 Packages [61.6 kB]
Hit:8 https://repo.amd.com/rocm/packages-multi-arch/ubuntu2404 stable InRelease
Fetched 110 kB in 1s (216 kB/s)
Reading package lists...
Reading package lists...
Building dependency tree...
Reading state information...
The following additional packages will be installed:
  docker-buildx-plugin docker-ce-rootless-extras docker-compose-plugin pigz
Suggested packages:
  cgroupfs-mount | cgroup-lite docker-model-plugin
The following NEW packages will be installed:
  containerd.io docker-buildx-plugin docker-ce docker-ce-cli
  docker-ce-rootless-extras docker-compose-plugin pigz
0 upgraded, 7 newly installed, 0 to remove and 1 not upgraded.
Need to get 99.3 MB of archives.
After this operation, 380 MB of additional disk space will be used.
Get:1 https://download.docker.com/linux/ubuntu noble/stable amd64 containerd.io amd64 2.2.6-1~ubuntu.24.04~noble [23.6 MB]
Get:2 http://de.archive.ubuntu.com/ubuntu noble/universe amd64 pigz amd64 2.8-1 [65.6 kB]
Get:3 https://download.docker.com/linux/ubuntu noble/stable amd64 docker-ce-cli amd64 5:29.6.2-1~ubuntu.24.04~noble [16.9 MB]
Get:4 https://download.docker.com/linux/ubuntu noble/stable amd64 docker-ce amd64 5:29.6.2-1~ubuntu.24.04~noble [23.3 MB]
Get:5 https://download.docker.com/linux/ubuntu noble/stable amd64 docker-buildx-plugin amd64 0.35.0-1~ubuntu.24.04~noble [17.2 MB]
Get:6 https://download.docker.com/linux/ubuntu noble/stable amd64 docker-ce-rootless-extras amd64 5:29.6.2-1~ubuntu.24.04~noble [10.2 MB]
Get:7 https://download.docker.com/linux/ubuntu noble/stable amd64 docker-compose-plugin amd64 5.3.1-1~ubuntu.24.04~noble [8,100 kB]
Fetched 99.3 MB in 3s (31.4 MB/s)
Selecting previously unselected package containerd.io.
(Reading database ... 
(Reading database ... 5%
(Reading database ... 10%
(Reading database ... 15%
(Reading database ... 20%
(Reading database ... 25%
(Reading database ... 30%
(Reading database ... 35%
(Reading database ... 40%
(Reading database ... 45%
(Reading database ... 50%
(Reading database ... 55%
(Reading database ... 60%
(Reading database ... 65%
(Reading database ... 70%
(Reading database ... 75%
(Reading database ... 80%
(Reading database ... 85%
(Reading database ... 90%
(Reading database ... 95%
(Reading database ... 100%
(Reading database ... 195878 files and directories currently installed.)
Preparing to unpack .../0-containerd.io_2.2.6-1~ubuntu.24.04~noble_amd64.deb ...
Unpacking containerd.io (2.2.6-1~ubuntu.24.04~noble) ...
Selecting previously unselected package docker-ce-cli.
Preparing to unpack .../1-docker-ce-cli_5%3a29.6.2-1~ubuntu.24.04~noble_amd64.deb ...
Unpacking docker-ce-cli (5:29.6.2-1~ubuntu.24.04~noble) ...
Selecting previously unselected package docker-ce.
Preparing to unpack .../2-docker-ce_5%3a29.6.2-1~ubuntu.24.04~noble_amd64.deb ...
Unpacking docker-ce (5:29.6.2-1~ubuntu.24.04~noble) ...
Selecting previously unselected package pigz.
Preparing to unpack .../3-pigz_2.8-1_amd64.deb ...
Unpacking pigz (2.8-1) ...
Selecting previously unselected package docker-buildx-plugin.
Preparing to unpack .../4-docker-buildx-plugin_0.35.0-1~ubuntu.24.04~noble_amd64.deb ...
Unpacking docker-buildx-plugin (0.35.0-1~ubuntu.24.04~noble) ...
Selecting previously unselected package docker-ce-rootless-extras.
Preparing to unpack .../5-docker-ce-rootless-extras_5%3a29.6.2-1~ubuntu.24.04~noble_amd64.deb ...
Unpacking docker-ce-rootless-extras (5:29.6.2-1~ubuntu.24.04~noble) ...
Selecting previously unselected package docker-compose-plugin.
Preparing to unpack .../6-docker-compose-plugin_5.3.1-1~ubuntu.24.04~noble_amd64.deb ...
Unpacking docker-compose-plugin (5.3.1-1~ubuntu.24.04~noble) ...
Setting up docker-buildx-plugin (0.35.0-1~ubuntu.24.04~noble) ...
Setting up containerd.io (2.2.6-1~ubuntu.24.04~noble) ...
Created symlink /etc/systemd/system/multi-user.target.wants/containerd.service → /usr/lib/systemd/system/containerd.service.
Setting up docker-compose-plugin (5.3.1-1~ubuntu.24.04~noble) ...
Setting up docker-ce-cli (5:29.6.2-1~ubuntu.24.04~noble) ...
Setting up pigz (2.8-1) ...
Setting up docker-ce-rootless-extras (5:29.6.2-1~ubuntu.24.04~noble) ...
Setting up docker-ce (5:29.6.2-1~ubuntu.24.04~noble) ...
Created symlink /etc/systemd/system/multi-user.target.wants/docker.service → /usr/lib/systemd/system/docker.service.
Created symlink /etc/systemd/system/sockets.target.wants/docker.socket → /usr/lib/systemd/system/docker.socket.
Processing triggers for man-db (2.12.0-4build2) ...

Pending kernel upgrade!
Running kernel version:
  6.8.0-136-generic
Diagnostics:
  The currently running kernel version is not the expected kernel version 6.17.0-1028-oem.

Restarting the system to load the new kernel will not be handled automatically, so you should consider rebooting.

The processor microcode seems to be up-to-date.

Restarting services...

Service restarts being deferred:
 /etc/needrestart/restart.d/dbus.service

No containers need to be restarted.

User sessions running outdated binaries:
 ai1 @ session #4: bash[7506]
 ai1 @ user manager service: systemd[3455]

No VM guests are running outdated hypervisor (qemu) binaries on this host.
Docker version 29.6.2, build dfc4efb

 ✅ Docker installation completed.
[1;32m	 ✅ Finished TheRock 7.14 + PyTorch 2.12 (Stable) + Transformers & Docker environment installation and setup.
[1;35m

 🔹 After the reboot, test your installation with:
  • rocminfo
  • installation process is stored in /home/ai1/therock714installation.log
  • amd-smi

 🔹 Verify the active PyTorch device:
  - python3 test.py

 🔹 Install the latest vLLM Docker images:
  - RDNA4 → sudo docker pull rocm/vllm:rocm7.14.0_rdna_ubuntu24.04_py3.14_pytorch_2.11.0_vllm_0.23.0
  - CDNA → sudo docker pull rocm/vllm:latest
[1;32m	 🔄 Reboot system now (recommended)? (y/n)[1;35m
🔄 Reboot in 3 ...
🔄 Reboot in 2 ...
🔄 Reboot in 1 ...
